session_id,pair_id,arm,case,donor,receiver,native_tools,repeat,session,role,reference,communicated,match,tokens,cost_usd,elapsed_seconds
block-0000.ordinary.session-0,block-0000,ordinary,migration-cutover-obligations,plain,plain,True,2,0,initial,ready,ready,True,1778,0.0002054,3.5935099839999793
block-0000.ordinary.session-1,block-0000,ordinary,migration-cutover-obligations,plain,plain,True,2,1,recipients,ready,ready,True,1948,0.00022240000000000004,2.7065369329999385
block-0000.ordinary.session-2,block-0000,ordinary,migration-cutover-obligations,plain,plain,True,2,2,recipients,not_ready,ready,False,2012,0.0002273,2.106493204000003
block-0000.ordinary.session-3,block-0000,ordinary,migration-cutover-obligations,plain,plain,True,2,3,recipients,not_ready,not_ready,True,2017,0.00023230000000000004,1.6638861870000028
block-0000.ordinary.session-4,block-0000,ordinary,migration-cutover-obligations,plain,plain,True,2,4,recipients,undetermined,not_ready,False,1909,0.00022150000000000002,2.056463174999976
block-0000.ordinary.session-5,block-0000,ordinary,migration-cutover-obligations,plain,plain,True,2,5,recipients,undetermined,not_ready,False,1915,0.00022390000000000002,2.9338598770000317
block-0000.ordinary.session-6,block-0000,ordinary,migration-cutover-obligations,plain,plain,True,2,6,recipients,ready,not_ready,False,2127,0.0002448,2.60798458499994
block-0000.ordinary.session-7,block-0000,ordinary,migration-cutover-obligations,plain,plain,True,2,7,recipients,ready,not_ready,False,2121,0.00024300000000000005,2.1607071829999995
block-0000.ordinary.session-8,block-0000,ordinary,migration-cutover-obligations,plain,plain,True,2,8,recipients,not_ready,not_ready,True,2178,0.0002484,2.2100715560000026
block-0000.ordinary.session-9,block-0000,ordinary,migration-cutover-obligations,plain,plain,True,2,9,recipients,not_ready,not_ready,True,2174,0.00024740000000000005,2.1261038370000733
block-0000.ordinary.session-10,block-0000,ordinary,migration-cutover-obligations,plain,plain,True,2,10,recipients,ready,not_ready,False,2305,0.00026050000000000004,2.024908071000027
block-0000.eal.session-0,block-0000,eal,migration-cutover-obligations,plain,plain,True,2,0,initial,ready,ready,True,1403,0.0001574,2.125790369000015
block-0000.eal.session-1,block-0000,eal,migration-cutover-obligations,plain,plain,True,2,1,recipients,ready,ready,True,1409,0.00015979999999999998,1.9965947219999407
block-0000.eal.session-2,block-0000,eal,migration-cutover-obligations,plain,plain,True,2,2,recipients,not_ready,not_ready,True,1545,0.00019290000000000003,2.282976177000023
block-0000.eal.session-3,block-0000,eal,migration-cutover-obligations,plain,plain,True,2,3,recipients,not_ready,not_ready,True,1517,0.0001817,2.0106882420000147
block-0000.eal.session-4,block-0000,eal,migration-cutover-obligations,plain,plain,True,2,4,recipients,undetermined,undetermined,True,1367,0.00016190000000000003,2.004575325000019
block-0000.eal.session-5,block-0000,eal,migration-cutover-obligations,plain,plain,True,2,5,recipients,undetermined,undetermined,True,1374,0.00016470000000000002,2.322912298999995
block-0000.eal.session-6,block-0000,eal,migration-cutover-obligations,plain,plain,True,2,6,recipients,ready,ready,True,1554,0.0001782,2.4231599429999733
block-0000.eal.session-7,block-0000,eal,migration-cutover-obligations,plain,plain,True,2,7,recipients,ready,ready,True,1553,0.0001778,2.1245466569999962
block-0000.eal.session-8,block-0000,eal,migration-cutover-obligations,plain,plain,True,2,8,recipients,not_ready,not_ready,True,1649,0.00019580000000000002,2.4345162769999433
block-0000.eal.session-9,block-0000,eal,migration-cutover-obligations,plain,plain,True,2,9,recipients,not_ready,not_ready,True,1632,0.000189,2.312596491000022
block-0000.eal.session-10,block-0000,eal,migration-cutover-obligations,plain,plain,True,2,10,recipients,ready,ready,True,1753,0.0001975,1.962963703000014
block-0001.eal.session-0,block-0001,eal,migration-multiple-version-bindings,plain,plain,False,3,0,initial,ready,ready,True,500,7.61e-05,2.961623292000013
block-0001.eal.session-1,block-0001,eal,migration-multiple-version-bindings,plain,plain,False,3,1,recipients,ready,ready,True,459,6.780000000000001e-05,1.2941851079999651
block-0001.eal.session-2,block-0001,eal,migration-multiple-version-bindings,plain,plain,False,3,2,recipients,undetermined,undetermined,True,494,8.09e-05,2.173169535999932
block-0001.eal.session-3,block-0001,eal,migration-multiple-version-bindings,plain,plain,False,3,3,recipients,undetermined,undetermined,True,467,7.010000000000001e-05,2.772169106999968
block-0001.eal.session-4,block-0001,eal,migration-multiple-version-bindings,plain,plain,False,3,4,recipients,not_ready,not_ready,True,478,7.51e-05,1.8352953759999764
block-0001.eal.session-5,block-0001,eal,migration-multiple-version-bindings,plain,plain,False,3,5,recipients,not_ready,not_ready,True,469,7.15e-05,1.3098155479999605
block-0001.eal.session-6,block-0001,eal,migration-multiple-version-bindings,plain,plain,False,3,6,recipients,ready,ready,True,446,6.26e-05,1.3545149179999498
block-0001.eal.session-7,block-0001,eal,migration-multiple-version-bindings,plain,plain,False,3,7,recipients,ready,ready,True,461,6.86e-05,1.2001704870000367
block-0001.eal.session-8,block-0001,eal,migration-multiple-version-bindings,plain,plain,False,3,8,recipients,undetermined,undetermined,True,485,7.730000000000001e-05,1.5083141860000069
block-0001.eal.session-9,block-0001,eal,migration-multiple-version-bindings,plain,plain,False,3,9,recipients,undetermined,undetermined,True,493,8.05e-05,1.6527331500000173
block-0001.eal.session-10,block-0001,eal,migration-multiple-version-bindings,plain,plain,False,3,10,recipients,not_ready,not_ready,True,473,7.309999999999999e-05,2.107770367999933
block-0001.ordinary.session-0,block-0001,ordinary,migration-multiple-version-bindings,plain,plain,False,3,0,initial,ready,ready,True,1911,0.00022170000000000002,1.6224015499999496
block-0001.ordinary.session-1,block-0001,ordinary,migration-multiple-version-bindings,plain,plain,False,3,1,recipients,ready,ready,True,750,0.00010470000000000001,1.3002583899999536
block-0001.ordinary.session-2,block-0001,ordinary,migration-multiple-version-bindings,plain,plain,False,3,2,recipients,undetermined,ready,False,764,0.0001082,0.9847862840000516
block-0001.ordinary.session-3,block-0001,ordinary,migration-multiple-version-bindings,plain,plain,False,3,3,recipients,undetermined,ready,False,771,0.0001089,1.3061164880000433
block-0001.ordinary.session-4,block-0001,ordinary,migration-multiple-version-bindings,plain,plain,False,3,4,recipients,not_ready,ready,False,757,0.00010330000000000002,1.18695814900002
block-0001.ordinary.session-5,block-0001,ordinary,migration-multiple-version-bindings,plain,plain,False,3,5,recipients,not_ready,ready,False,754,0.00010630000000000001,0.9872896040000114
block-0001.ordinary.session-6,block-0001,ordinary,migration-multiple-version-bindings,plain,plain,False,3,6,recipients,ready,ready,True,770,0.0001094,1.0455015339999818
block-0001.ordinary.session-7,block-0001,ordinary,migration-multiple-version-bindings,plain,plain,False,3,7,recipients,ready,ready,True,767,0.0001067,1.4106782430000067
block-0001.ordinary.session-8,block-0001,ordinary,migration-multiple-version-bindings,plain,plain,False,3,8,recipients,undetermined,ready,False,755,0.00010430000000000001,1.4207049259999849
block-0001.ordinary.session-9,block-0001,ordinary,migration-multiple-version-bindings,plain,plain,False,3,9,recipients,undetermined,ready,False,786,0.0001179,1.7312899980000793
block-0001.ordinary.session-10,block-0001,ordinary,migration-multiple-version-bindings,plain,plain,False,3,10,recipients,not_ready,ready,False,802,0.00011200000000000001,1.001292160999924
block-0002.eal.session-0,block-0002,eal,release-three-obligations,plain,reasoning,False,2,0,initial,ready,ready,True,1344,0.0001482,3.1040001069999335
block-0002.eal.session-1,block-0002,eal,release-three-obligations,plain,reasoning,False,2,1,recipients,ready,ready,True,677,0.0001518,3.410868413000003
block-0002.eal.session-2,block-0002,eal,release-three-obligations,plain,reasoning,False,2,2,recipients,not_ready,not_ready,True,597,0.00011945,2.6797932120000496
block-0002.eal.session-3,block-0002,eal,release-three-obligations,plain,reasoning,False,2,3,recipients,not_ready,not_ready,True,577,0.00011145,2.6406022029999576
block-0002.eal.session-4,block-0002,eal,release-three-obligations,plain,reasoning,False,2,4,recipients,undetermined,undetermined,True,712,0.00016475,2.7722404570000663
block-0002.eal.session-5,block-0002,eal,release-three-obligations,plain,reasoning,False,2,5,recipients,undetermined,undetermined,True,665,0.00014595000000000002,2.640680072000009
block-0002.eal.session-6,block-0002,eal,release-three-obligations,plain,reasoning,False,2,6,recipients,ready,ready,True,678,0.0001522,3.4061014249999744
block-0002.eal.session-7,block-0002,eal,release-three-obligations,plain,reasoning,False,2,7,recipients,ready,ready,True,708,0.0001642,2.8805584570000065
block-0002.eal.session-8,block-0002,eal,release-three-obligations,plain,reasoning,False,2,8,recipients,undetermined,undetermined,True,752,0.00018075000000000003,3.400815800000032
block-0002.eal.session-9,block-0002,eal,release-three-obligations,plain,reasoning,False,2,9,recipients,undetermined,undetermined,True,674,0.00014955,2.820605189000048
block-0002.eal.session-10,block-0002,eal,release-three-obligations,plain,reasoning,False,2,10,recipients,not_ready,not_ready,True,720,0.00016865,3.269045324999979
block-0002.ordinary.session-0,block-0002,ordinary,release-three-obligations,plain,reasoning,False,2,0,initial,ready,ready,True,1709,0.00019040000000000002,1.454852843000026
block-0002.ordinary.session-1,block-0002,ordinary,release-three-obligations,plain,reasoning,False,2,1,recipients,ready,ready,True,855,0.00014215,2.4953716910000594
block-0002.ordinary.session-2,block-0002,ordinary,release-three-obligations,plain,reasoning,False,2,2,recipients,not_ready,ready,False,842,0.00012085,1.7040690050000649
block-0002.ordinary.session-3,block-0002,ordinary,release-three-obligations,plain,reasoning,False,2,3,recipients,not_ready,ready,False,781,9.715e-05,1.4562085200000183
block-0002.ordinary.session-4,block-0002,ordinary,release-three-obligations,plain,reasoning,False,2,4,recipients,undetermined,ready,False,918,0.00015860000000000003,2.6518811529999766
block-0002.ordinary.session-5,block-0002,ordinary,release-three-obligations,plain,reasoning,False,2,5,recipients,undetermined,ready,False,852,0.00012415,2.091805589000046
block-0002.ordinary.session-6,block-0002,ordinary,release-three-obligations,plain,reasoning,False,2,6,recipients,ready,ready,True,984,0.0001759,2.974875685000029
block-0002.ordinary.session-7,block-0002,ordinary,release-three-obligations,plain,reasoning,False,2,7,recipients,ready,ready,True,1232,0.00027580000000000004,4.039720998000007
block-0002.ordinary.session-8,block-0002,ordinary,release-three-obligations,plain,reasoning,False,2,8,recipients,undetermined,undetermined,True,1079,0.00021215,3.121728595000036
block-0002.ordinary.session-9,block-0002,ordinary,release-three-obligations,plain,reasoning,False,2,9,recipients,undetermined,undetermined,True,995,0.00017645,2.92856004500004
block-0002.ordinary.session-10,block-0002,ordinary,release-three-obligations,plain,reasoning,False,2,10,recipients,not_ready,undetermined,False,942,0.00015035,2.4558671940000067
block-0003.eal.session-0,block-0003,eal,dispatch-direct-or-tunnel,reasoning,reasoning,True,3,0,initial,ready,ready,True,763,0.00013965,3.272699052000007
block-0003.eal.session-1,block-0003,eal,dispatch-direct-or-tunnel,reasoning,reasoning,True,3,1,recipients,ready,ready,True,815,0.00016045000000000002,3.309946965999984
block-0003.eal.session-2,block-0003,eal,dispatch-direct-or-tunnel,reasoning,reasoning,True,3,2,recipients,not_ready,not_ready,True,984,0.00022769999999999998,3.710446159000071
block-0003.eal.session-3,block-0003,eal,dispatch-direct-or-tunnel,reasoning,reasoning,True,3,3,recipients,not_ready,ready,False,2203,0.000254,4.39329520900003
block-0003.eal.session-4,block-0003,eal,dispatch-direct-or-tunnel,reasoning,reasoning,True,3,4,recipients,ready,ready,True,788,0.00014965,2.502264212
block-0003.eal.session-5,block-0003,eal,dispatch-direct-or-tunnel,reasoning,reasoning,True,3,5,recipients,ready,ready,True,747,0.00013325,2.1649493249999523
block-0003.eal.session-6,block-0003,eal,dispatch-direct-or-tunnel,reasoning,reasoning,True,3,6,recipients,undetermined,undetermined,True,866,0.0001798,2.841273695000041
block-0003.eal.session-7,block-0003,eal,dispatch-direct-or-tunnel,reasoning,reasoning,True,3,7,recipients,undetermined,not_ready,False,2718,0.00039385000000000006,4.952929660999985
block-0003.eal.session-8,block-0003,eal,dispatch-direct-or-tunnel,reasoning,reasoning,True,3,8,recipients,ready,ready,True,755,0.00013645,2.387030224
block-0003.eal.session-9,block-0003,eal,dispatch-direct-or-tunnel,reasoning,reasoning,True,3,9,recipients,ready,ready,True,809,0.00015805000000000002,3.151769427999966
block-0003.eal.session-10,block-0003,eal,dispatch-direct-or-tunnel,reasoning,reasoning,True,3,10,recipients,undetermined,ready,False,2653,0.00031255,4.512552631999938
block-0003.ordinary.session-0,block-0003,ordinary,dispatch-direct-or-tunnel,reasoning,reasoning,True,3,0,initial,ready,ready,True,2523,0.00024690000000000004,3.227347131999977
block-0003.ordinary.session-1,block-0003,ordinary,dispatch-direct-or-tunnel,reasoning,reasoning,True,3,1,recipients,ready,ready,True,1154,0.00017705000000000002,2.223664126000017
block-0003.ordinary.session-2,block-0003,ordinary,dispatch-direct-or-tunnel,reasoning,reasoning,True,3,2,recipients,not_ready,ready,False,2922,0.00030710000000000004,3.346973509999998
block-0003.ordinary.session-3,block-0003,ordinary,dispatch-direct-or-tunnel,reasoning,reasoning,True,3,3,recipients,not_ready,ready,False,1211,0.00018130000000000002,2.2302881840000737
block-0003.ordinary.session-4,block-0003,ordinary,dispatch-direct-or-tunnel,reasoning,reasoning,True,3,4,recipients,ready,ready,True,1330,0.00023310000000000003,2.6206324649999715
block-0003.ordinary.session-5,block-0003,ordinary,dispatch-direct-or-tunnel,reasoning,reasoning,True,3,5,recipients,ready,ready,True,1301,0.00020435000000000003,2.5478764060000003
block-0003.ordinary.session-6,block-0003,ordinary,dispatch-direct-or-tunnel,reasoning,reasoning,True,3,6,recipients,undetermined,ready,False,1285,0.00019515,2.361667535000038
block-0003.ordinary.session-7,block-0003,ordinary,dispatch-direct-or-tunnel,reasoning,reasoning,True,3,7,recipients,undetermined,ready,False,1234,0.00018105,2.253753221000011
block-0003.ordinary.session-8,block-0003,ordinary,dispatch-direct-or-tunnel,reasoning,reasoning,True,3,8,recipients,ready,ready,True,1739,0.0003911,4.406523064999988
block-0003.ordinary.session-9,block-0003,ordinary,dispatch-direct-or-tunnel,reasoning,reasoning,True,3,9,recipients,ready,ready,True,1199,0.0001688,1.9686383339999338
block-0003.ordinary.session-10,block-0003,ordinary,dispatch-direct-or-tunnel,reasoning,reasoning,True,3,10,recipients,undetermined,ready,False,1183,0.00016240000000000002,1.9548050859999648
block-0004.ordinary.session-0,block-0004,ordinary,dispatch-direct-or-tunnel,reasoning,plain,True,0,0,initial,ready,ready,True,2526,0.00024565,2.991916504999949
block-0004.ordinary.session-1,block-0004,ordinary,dispatch-direct-or-tunnel,reasoning,plain,True,0,1,recipients,ready,ready,True,875,0.0001184,1.3158691820000286
block-0004.ordinary.session-2,block-0004,ordinary,dispatch-direct-or-tunnel,reasoning,plain,True,0,2,recipients,not_ready,ready,False,2360,0.0002684,2.213879933000044
block-0004.ordinary.session-3,block-0004,ordinary,dispatch-direct-or-tunnel,reasoning,plain,True,0,3,recipients,not_ready,ready,False,2358,0.00027120000000000003,2.9587967580000623
block-0004.ordinary.session-4,block-0004,ordinary,dispatch-direct-or-tunnel,reasoning,plain,True,0,4,recipients,ready,ready,True,856,0.000115,1.7488828919999833
block-0004.ordinary.session-5,block-0004,ordinary,dispatch-direct-or-tunnel,reasoning,plain,True,0,5,recipients,ready,ready,True,2411,0.00027350000000000003,1.692305984000086
block-0004.ordinary.session-6,block-0004,ordinary,dispatch-direct-or-tunnel,reasoning,plain,True,0,6,recipients,undetermined,ready,False,848,0.0001148,1.2588187880000987
block-0004.ordinary.session-7,block-0004,ordinary,dispatch-direct-or-tunnel,reasoning,plain,True,0,7,recipients,undetermined,ready,False,2543,0.0002882,1.6282614570000078
block-0004.ordinary.session-8,block-0004,ordinary,dispatch-direct-or-tunnel,reasoning,plain,True,0,8,recipients,ready,ready,True,2729,0.0003065,3.286611192999999
block-0004.ordinary.session-9,block-0004,ordinary,dispatch-direct-or-tunnel,reasoning,plain,True,0,9,recipients,ready,ready,True,847,0.0001132,2.244931000999941
block-0004.ordinary.session-10,block-0004,ordinary,dispatch-direct-or-tunnel,reasoning,plain,True,0,10,recipients,undetermined,not_ready,False,2768,0.000326,2.4852047880000327
block-0004.eal.session-0,block-0004,eal,dispatch-direct-or-tunnel,reasoning,plain,True,0,0,initial,ready,ready,True,979,0.00022605000000000002,3.34366739099994
block-0004.eal.session-1,block-0004,eal,dispatch-direct-or-tunnel,reasoning,plain,True,0,1,recipients,ready,ready,True,1548,0.0001782,2.676714911999966
block-0004.eal.session-2,block-0004,eal,dispatch-direct-or-tunnel,reasoning,plain,True,0,2,recipients,not_ready,not_ready,True,1624,0.00019000000000000004,2.7421730669999533
block-0004.eal.session-3,block-0004,eal,dispatch-direct-or-tunnel,reasoning,plain,True,0,3,recipients,not_ready,not_ready,True,1597,0.00017920000000000002,1.8291191140000365
block-0004.eal.session-4,block-0004,eal,dispatch-direct-or-tunnel,reasoning,plain,True,0,4,recipients,ready,ready,True,1659,0.00018630000000000003,2.6616976820000673
block-0004.eal.session-5,block-0004,eal,dispatch-direct-or-tunnel,reasoning,plain,True,0,5,recipients,ready,ready,True,1667,0.00018950000000000003,1.8246840949999523
block-0004.eal.session-6,block-0004,eal,dispatch-direct-or-tunnel,reasoning,plain,True,0,6,recipients,undetermined,not_ready,False,1793,0.0002012,2.844496875999994
block-0004.eal.session-7,block-0004,eal,dispatch-direct-or-tunnel,reasoning,plain,True,0,7,recipients,undetermined,undetermined,True,1826,0.0002144,2.4508977210000467
block-0004.eal.session-8,block-0004,eal,dispatch-direct-or-tunnel,reasoning,plain,True,0,8,recipients,ready,ready,True,1961,0.00021530000000000003,2.3917243310000913
block-0004.eal.session-9,block-0004,eal,dispatch-direct-or-tunnel,reasoning,plain,True,0,9,recipients,ready,not_ready,False,2013,0.00023610000000000002,2.860219456999971
block-0004.eal.session-10,block-0004,eal,dispatch-direct-or-tunnel,reasoning,plain,True,0,10,recipients,undetermined,undetermined,True,2033,0.00024199999999999997,2.0904197500000237
block-0005.eal.session-0,block-0005,eal,database-alternative-read-routes,reasoning,reasoning,True,1,0,initial,ready,ready,True,756,0.0001351,2.3769724170000472
block-0005.eal.session-1,block-0005,eal,database-alternative-read-routes,reasoning,reasoning,True,1,1,recipients,ready,ready,True,752,0.0001335,2.632018417999916
block-0005.eal.session-2,block-0005,eal,database-alternative-read-routes,reasoning,reasoning,True,1,2,recipients,ready,ready,True,706,0.0001151,2.036146674000065
block-0005.eal.session-3,block-0005,eal,database-alternative-read-routes,reasoning,reasoning,True,1,3,recipients,ready,ready,True,739,0.0001283,2.7559087509999927
block-0005.eal.session-4,block-0005,eal,database-alternative-read-routes,reasoning,reasoning,True,1,4,recipients,not_ready,not_ready,True,925,0.00020235,3.128301032999957
block-0005.eal.session-5,block-0005,eal,database-alternative-read-routes,reasoning,reasoning,True,1,5,recipients,not_ready,not_ready,True,773,0.00014155,2.4255798519999416
block-0005.eal.session-6,block-0005,eal,database-alternative-read-routes,reasoning,reasoning,True,1,6,recipients,undetermined,undetermined,True,734,0.00012525,2.4085491160000174
block-0005.eal.session-7,block-0005,eal,database-alternative-read-routes,reasoning,reasoning,True,1,7,recipients,undetermined,undetermined,True,782,0.00014445000000000001,2.4693449919999466
block-0005.eal.session-8,block-0005,eal,database-alternative-read-routes,reasoning,reasoning,True,1,8,recipients,ready,ready,True,734,0.0001263,2.336244167000018
block-0005.eal.session-9,block-0005,eal,database-alternative-read-routes,reasoning,reasoning,True,1,9,recipients,ready,ready,True,752,0.0001335,2.2834739649999847
block-0005.eal.session-10,block-0005,eal,database-alternative-read-routes,reasoning,reasoning,True,1,10,recipients,undetermined,undetermined,True,753,0.00013285000000000003,2.319455713000025
block-0005.ordinary.session-0,block-0005,ordinary,database-alternative-read-routes,reasoning,reasoning,True,1,0,initial,ready,ready,True,2635,0.00026965,3.3496793650000427
block-0005.ordinary.session-1,block-0005,ordinary,database-alternative-read-routes,reasoning,reasoning,True,1,1,recipients,ready,ready,True,1260,0.00019355000000000002,2.990247590000081
block-0005.ordinary.session-2,block-0005,ordinary,database-alternative-read-routes,reasoning,reasoning,True,1,2,recipients,ready,ready,True,1405,0.0002603,3.0814858569999615
block-0005.ordinary.session-3,block-0005,ordinary,database-alternative-read-routes,reasoning,reasoning,True,1,3,recipients,ready,ready,True,1105,0.00013960000000000003,1.690233582000019
block-0005.ordinary.session-4,block-0005,ordinary,database-alternative-read-routes,reasoning,reasoning,True,1,4,recipients,not_ready,ready,False,1149,0.0001537,2.024447028000054
block-0005.ordinary.session-5,block-0005,ordinary,database-alternative-read-routes,reasoning,reasoning,True,1,5,recipients,not_ready,ready,False,1129,0.000152,2.915446668999948
block-0005.ordinary.session-6,block-0005,ordinary,database-alternative-read-routes,reasoning,reasoning,True,1,6,recipients,undetermined,ready,False,3504,0.00038765,3.9086741500000244
block-0005.ordinary.session-7,block-0005,ordinary,database-alternative-read-routes,reasoning,reasoning,True,1,7,recipients,undetermined,ready,False,1148,0.0001512,1.976126143999977
block-0005.ordinary.session-8,block-0005,ordinary,database-alternative-read-routes,reasoning,reasoning,True,1,8,recipients,ready,ready,True,3437,0.0003465,3.9062099150000904
block-0005.ordinary.session-9,block-0005,ordinary,database-alternative-read-routes,reasoning,reasoning,True,1,9,recipients,ready,ready,True,1183,0.0001659,2.0626658799999404
block-0005.ordinary.session-10,block-0005,ordinary,database-alternative-read-routes,reasoning,reasoning,True,1,10,recipients,undetermined,ready,False,1205,0.0001677,2.220149521000053
block-0006.ordinary.session-0,block-0006,ordinary,migration-cutover-obligations,reasoning,plain,True,0,0,initial,ready,ready,True,2340,0.0002584,3.134387148000087
block-0006.ordinary.session-1,block-0006,ordinary,migration-cutover-obligations,reasoning,plain,True,0,1,recipients,ready,ready,True,757,9.790000000000001e-05,1.2218417919999638
block-0006.ordinary.session-2,block-0006,ordinary,migration-cutover-obligations,reasoning,plain,True,0,2,recipients,not_ready,ready,False,1987,0.0002215,1.9408802450000167
block-0006.ordinary.session-3,block-0006,ordinary,migration-cutover-obligations,reasoning,plain,True,0,3,recipients,not_ready,ready,False,1966,0.00021850000000000003,1.5683003519999374
block-0006.ordinary.session-4,block-0006,ordinary,migration-cutover-obligations,reasoning,plain,True,0,4,recipients,undetermined,ready,False,1843,0.00021250000000000002,2.2265056749999985
block-0006.ordinary.session-5,block-0006,ordinary,migration-cutover-obligations,reasoning,plain,True,0,5,recipients,undetermined,ready,False,1886,0.00021710000000000002,2.0297253799999453
block-0006.ordinary.session-6,block-0006,ordinary,migration-cutover-obligations,reasoning,plain,True,0,6,recipients,ready,ready,True,2083,0.00023500000000000002,1.695019643999899
block-0006.ordinary.session-7,block-0006,ordinary,migration-cutover-obligations,reasoning,plain,True,0,7,recipients,ready,ready,True,2070,0.00023340000000000004,2.79101687900004
block-0006.ordinary.session-8,block-0006,ordinary,migration-cutover-obligations,reasoning,plain,True,0,8,recipients,not_ready,not_ready,True,2133,0.00023940000000000002,1.586834931999988
block-0006.ordinary.session-9,block-0006,ordinary,migration-cutover-obligations,reasoning,plain,True,0,9,recipients,not_ready,not_ready,True,2154,0.0002484,2.758314464000023
block-0006.ordinary.session-10,block-0006,ordinary,migration-cutover-obligations,reasoning,plain,True,0,10,recipients,ready,not_ready,False,2356,0.0002749,3.063631942000029
block-0006.eal.session-0,block-0006,eal,migration-cutover-obligations,reasoning,plain,True,0,0,initial,ready,ready,True,705,0.00011715,2.5440710799999806
block-0006.eal.session-1,block-0006,eal,migration-cutover-obligations,reasoning,plain,True,0,1,recipients,ready,ready,True,1408,0.00015940000000000003,2.408249633000082
block-0006.eal.session-2,block-0006,eal,migration-cutover-obligations,reasoning,plain,True,0,2,recipients,not_ready,not_ready,True,1507,0.0001777,2.3019825129999845
block-0006.eal.session-3,block-0006,eal,migration-cutover-obligations,reasoning,plain,True,0,3,recipients,not_ready,not_ready,True,1484,0.0001685,2.089367409000033
block-0006.eal.session-4,block-0006,eal,migration-cutover-obligations,reasoning,plain,True,0,4,recipients,undetermined,undetermined,True,1373,0.0001643,2.5956642390000297
block-0006.eal.session-5,block-0006,eal,migration-cutover-obligations,reasoning,plain,True,0,5,recipients,undetermined,undetermined,True,1391,0.00017150000000000002,3.1243111950000184
block-0006.eal.session-6,block-0006,eal,migration-cutover-obligations,reasoning,plain,True,0,6,recipients,ready,ready,True,1555,0.0001786,2.3593095020000874
block-0006.eal.session-7,block-0006,eal,migration-cutover-obligations,reasoning,plain,True,0,7,recipients,ready,ready,True,1540,0.0001726,1.9847317129999738
block-0006.eal.session-8,block-0006,eal,migration-cutover-obligations,reasoning,plain,True,0,8,recipients,not_ready,not_ready,True,1636,0.0001906,2.845104805999995
block-0006.eal.session-9,block-0006,eal,migration-cutover-obligations,reasoning,plain,True,0,9,recipients,not_ready,not_ready,True,1642,0.000193,2.8486856140000327
block-0006.eal.session-10,block-0006,eal,migration-cutover-obligations,reasoning,plain,True,0,10,recipients,ready,ready,True,1770,0.0002043,2.923922478999998
block-0007.eal.session-0,block-0007,eal,migration-cutover-obligations,plain,plain,False,2,0,initial,ready,ready,True,1407,0.00015900000000000002,2.022063999000011
block-0007.eal.session-1,block-0007,eal,migration-cutover-obligations,plain,plain,False,2,1,recipients,ready,ready,True,423,6e-05,1.5127105809999648
block-0007.eal.session-2,block-0007,eal,migration-cutover-obligations,plain,plain,False,2,2,recipients,not_ready,not_ready,True,460,7.45e-05,1.9856793989999915
block-0007.eal.session-3,block-0007,eal,migration-cutover-obligations,plain,plain,False,2,3,recipients,not_ready,not_ready,True,472,7.930000000000002e-05,1.3100825799999711
block-0007.eal.session-4,block-0007,eal,migration-cutover-obligations,plain,plain,False,2,4,recipients,undetermined,undetermined,True,465,7.59e-05,2.73940453900002
block-0007.eal.session-5,block-0007,eal,migration-cutover-obligations,plain,plain,False,2,5,recipients,undetermined,undetermined,True,471,7.83e-05,1.8553820130000531
block-0007.eal.session-6,block-0007,eal,migration-cutover-obligations,plain,plain,False,2,6,recipients,ready,ready,True,434,6.440000000000001e-05,1.345318902000031
block-0007.eal.session-7,block-0007,eal,migration-cutover-obligations,plain,plain,False,2,7,recipients,ready,ready,True,462,7.56e-05,1.4941848660000687
block-0007.eal.session-8,block-0007,eal,migration-cutover-obligations,plain,plain,False,2,8,recipients,not_ready,not_ready,True,438,6.57e-05,1.4560622580000881
block-0007.eal.session-9,block-0007,eal,migration-cutover-obligations,plain,plain,False,2,9,recipients,not_ready,not_ready,True,452,7.130000000000001e-05,2.079912877999959
block-0007.eal.session-10,block-0007,eal,migration-cutover-obligations,plain,plain,False,2,10,recipients,ready,ready,True,433,6.4e-05,1.490860112000064
block-0007.ordinary.session-0,block-0007,ordinary,migration-cutover-obligations,plain,plain,False,2,0,initial,ready,ready,True,1768,0.00020140000000000002,1.9708532920000152
block-0007.ordinary.session-1,block-0007,ordinary,migration-cutover-obligations,plain,plain,False,2,1,recipients,ready,ready,True,708,0.0001005,1.4581317109999645
block-0007.ordinary.session-2,block-0007,ordinary,migration-cutover-obligations,plain,plain,False,2,2,recipients,not_ready,ready,False,754,0.00011020000000000002,1.6192596959999719
block-0007.ordinary.session-3,block-0007,ordinary,migration-cutover-obligations,plain,plain,False,2,3,recipients,not_ready,ready,False,755,0.0001055,2.0632927610000706
block-0007.ordinary.session-4,block-0007,ordinary,migration-cutover-obligations,plain,plain,False,2,4,recipients,undetermined,ready,False,743,0.0001055,1.626794564000079
block-0007.ordinary.session-5,block-0007,ordinary,migration-cutover-obligations,plain,plain,False,2,5,recipients,undetermined,ready,False,746,0.0001055,1.5527605910000375
block-0007.ordinary.session-6,block-0007,ordinary,migration-cutover-obligations,plain,plain,False,2,6,recipients,ready,ready,True,774,0.000117,1.546024654000007
block-0007.ordinary.session-7,block-0007,ordinary,migration-cutover-obligations,plain,plain,False,2,7,recipients,ready,ready,True,795,0.00011670000000000002,1.6371390430000474
block-0007.ordinary.session-8,block-0007,ordinary,migration-cutover-obligations,plain,plain,False,2,8,recipients,not_ready,ready,False,795,0.0001191,1.8648106330000473
block-0007.ordinary.session-9,block-0007,ordinary,migration-cutover-obligations,plain,plain,False,2,9,recipients,not_ready,ready,False,840,0.00013470000000000002,2.5168030269999235
block-0007.ordinary.session-10,block-0007,ordinary,migration-cutover-obligations,plain,plain,False,2,10,recipients,ready,ready,True,822,0.00011460000000000001,2.415886037000064
block-0008.ordinary.session-0,block-0008,ordinary,release-three-obligations,reasoning,plain,True,2,0,initial,ready,ready,True,2334,0.00024655,3.7545657680000204
block-0008.ordinary.session-1,block-0008,ordinary,release-three-obligations,reasoning,plain,True,2,1,recipients,ready,ready,True,1977,0.00022680000000000004,1.8310788650001086
block-0008.ordinary.session-2,block-0008,ordinary,release-three-obligations,reasoning,plain,True,2,2,recipients,not_ready,not_ready,True,1984,0.00022689999999999999,2.23805022800002
block-0008.ordinary.session-3,block-0008,ordinary,release-three-obligations,reasoning,plain,True,2,3,recipients,not_ready,not_ready,True,1971,0.00022290000000000002,2.4284513589999506
block-0008.ordinary.session-4,block-0008,ordinary,release-three-obligations,reasoning,plain,True,2,4,recipients,undetermined,not_ready,False,2032,0.00023320000000000003,2.393312671999979
block-0008.ordinary.session-5,block-0008,ordinary,release-three-obligations,reasoning,plain,True,2,5,recipients,undetermined,not_ready,False,2060,0.000236,2.0438969489999863
block-0008.ordinary.session-6,block-0008,ordinary,release-three-obligations,reasoning,plain,True,2,6,recipients,ready,not_ready,False,2134,0.0002452,1.6579903680000143
block-0008.ordinary.session-7,block-0008,ordinary,release-three-obligations,reasoning,plain,True,2,7,recipients,ready,not_ready,False,2145,0.000246,1.76187703100004
block-0008.ordinary.session-8,block-0008,ordinary,release-three-obligations,reasoning,plain,True,2,8,recipients,undetermined,not_ready,False,2136,0.00024270000000000002,2.2073057029999745
block-0008.ordinary.session-9,block-0008,ordinary,release-three-obligations,reasoning,plain,True,2,9,recipients,undetermined,not_ready,False,2120,0.0002411,1.601055978999966
block-0008.ordinary.session-10,block-0008,ordinary,release-three-obligations,reasoning,plain,True,2,10,recipients,not_ready,not_ready,True,2321,0.0002621,1.847967314000016
block-0008.eal.session-0,block-0008,eal,release-three-obligations,reasoning,plain,True,2,0,initial,ready,ready,True,677,0.00011400000000000002,2.436222566999959
block-0008.eal.session-1,block-0008,eal,release-three-obligations,reasoning,plain,True,2,1,recipients,ready,ready,True,1361,0.000155,2.0282736900001055
block-0008.eal.session-2,block-0008,eal,release-three-obligations,reasoning,plain,True,2,2,recipients,not_ready,not_ready,True,1430,0.00016250000000000002,2.000463891000095
block-0008.eal.session-3,block-0008,eal,release-three-obligations,reasoning,plain,True,2,3,recipients,not_ready,not_ready,True,1464,0.00017610000000000002,2.5191056439999784
block-0008.eal.session-4,block-0008,eal,release-three-obligations,reasoning,plain,True,2,4,recipients,undetermined,undetermined,True,1506,0.0001722,2.2340526439999167
block-0008.eal.session-5,block-0008,eal,release-three-obligations,reasoning,plain,True,2,5,recipients,undetermined,undetermined,True,1536,0.00018420000000000003,1.9479393539999137
block-0008.eal.session-6,block-0008,eal,release-three-obligations,reasoning,plain,True,2,6,recipients,ready,ready,True,1588,0.0001864,2.4054272119999496
block-0008.eal.session-7,block-0008,eal,release-three-obligations,reasoning,plain,True,2,7,recipients,ready,ready,True,1606,0.00019360000000000002,2.5930803749999995
block-0008.eal.session-8,block-0008,eal,release-three-obligations,reasoning,plain,True,2,8,recipients,undetermined,undetermined,True,1583,0.0001823,2.2546955920000755
block-0008.eal.session-9,block-0008,eal,release-three-obligations,reasoning,plain,True,2,9,recipients,undetermined,undetermined,True,1578,0.00018030000000000002,2.120717300000024
block-0008.eal.session-10,block-0008,eal,release-three-obligations,reasoning,plain,True,2,10,recipients,not_ready,not_ready,True,1787,0.0002057,2.881000424999911
block-0009.ordinary.session-0,block-0009,ordinary,migration-multiple-version-bindings,plain,plain,False,2,0,initial,ready,ready,True,1905,0.00021930000000000002,2.235416571999963
block-0009.ordinary.session-1,block-0009,ordinary,migration-multiple-version-bindings,plain,plain,False,2,1,recipients,ready,ready,True,752,0.00010790000000000001,1.4999199490000592
block-0009.ordinary.session-2,block-0009,ordinary,migration-multiple-version-bindings,plain,plain,False,2,2,recipients,undetermined,ready,False,775,0.0001096,1.2877219590000095
block-0009.ordinary.session-3,block-0009,ordinary,migration-multiple-version-bindings,plain,plain,False,2,3,recipients,undetermined,ready,False,789,0.00011580000000000001,1.7829505689999223
block-0009.ordinary.session-4,block-0009,ordinary,migration-multiple-version-bindings,plain,plain,False,2,4,recipients,not_ready,ready,False,776,0.00010580000000000001,1.358340374999898
block-0009.ordinary.session-5,block-0009,ordinary,migration-multiple-version-bindings,plain,plain,False,2,5,recipients,not_ready,ready,False,769,0.0001117,1.174107982999999
block-0009.ordinary.session-6,block-0009,ordinary,migration-multiple-version-bindings,plain,plain,False,2,6,recipients,ready,ready,True,757,9.850000000000001e-05,1.1593524150000576
block-0009.ordinary.session-7,block-0009,ordinary,migration-multiple-version-bindings,plain,plain,False,2,7,recipients,ready,ready,True,740,0.0001055,1.1464513810000199
block-0009.ordinary.session-8,block-0009,ordinary,migration-multiple-version-bindings,plain,plain,False,2,8,recipients,undetermined,ready,False,769,0.0001084,1.482763564000038
block-0009.ordinary.session-9,block-0009,ordinary,migration-multiple-version-bindings,plain,plain,False,2,9,recipients,undetermined,ready,False,807,0.0001236,2.0578049639999563
block-0009.ordinary.session-10,block-0009,ordinary,migration-multiple-version-bindings,plain,plain,False,2,10,recipients,not_ready,ready,False,821,0.00011780000000000002,1.82517489199995
block-0009.eal.session-0,block-0009,eal,migration-multiple-version-bindings,plain,plain,False,2,0,initial,ready,ready,True,494,7.37e-05,1.5080990239999892
block-0009.eal.session-1,block-0009,eal,migration-multiple-version-bindings,plain,plain,False,2,1,recipients,ready,ready,True,464,6.980000000000002e-05,1.3608760900000334
block-0009.eal.session-2,block-0009,eal,migration-multiple-version-bindings,plain,plain,False,2,2,recipients,undetermined,undetermined,True,473,7.25e-05,1.636663528999975
block-0009.eal.session-3,block-0009,eal,migration-multiple-version-bindings,plain,plain,False,2,3,recipients,undetermined,undetermined,True,497,8.21e-05,1.8726587190000146
block-0009.eal.session-4,block-0009,eal,migration-multiple-version-bindings,plain,plain,False,2,4,recipients,not_ready,not_ready,True,472,7.27e-05,1.5668452170000364
block-0009.eal.session-5,block-0009,eal,migration-multiple-version-bindings,plain,plain,False,2,5,recipients,not_ready,not_ready,True,468,7.11e-05,1.4252213260000417
block-0009.eal.session-6,block-0009,eal,migration-multiple-version-bindings,plain,plain,False,2,6,recipients,ready,ready,True,464,6.980000000000002e-05,1.795529708999993
block-0009.eal.session-7,block-0009,eal,migration-multiple-version-bindings,plain,plain,False,2,7,recipients,ready,ready,True,470,7.22e-05,1.562631126000042
block-0009.eal.session-8,block-0009,eal,migration-multiple-version-bindings,plain,plain,False,2,8,recipients,undetermined,undetermined,True,484,7.69e-05,1.920382064000023
block-0009.eal.session-9,block-0009,eal,migration-multiple-version-bindings,plain,plain,False,2,9,recipients,undetermined,undetermined,True,506,8.570000000000002e-05,2.0182024739999633
block-0009.eal.session-10,block-0009,eal,migration-multiple-version-bindings,plain,plain,False,2,10,recipients,not_ready,not_ready,True,463,6.910000000000001e-05,1.4108311749999984
block-0010.eal.session-0,block-0010,eal,release-three-obligations,plain,plain,False,1,0,initial,ready,ready,True,1355,0.00015260000000000002,2.7058964969999124
block-0010.eal.session-1,block-0010,eal,release-three-obligations,plain,plain,False,1,1,recipients,ready,ready,True,411,6.21e-05,1.3614387280000528
block-0010.eal.session-2,block-0010,eal,release-three-obligations,plain,plain,False,1,2,recipients,not_ready,not_ready,True,445,7.54e-05,2.3417268450000392
block-0010.eal.session-3,block-0010,eal,release-three-obligations,plain,plain,False,1,3,recipients,not_ready,not_ready,True,407,6.02e-05,1.4085772030000498
block-0010.eal.session-4,block-0010,eal,release-three-obligations,plain,plain,False,1,4,recipients,undetermined,undetermined,True,433,7e-05,1.684738826000057
block-0010.eal.session-5,block-0010,eal,release-three-obligations,plain,plain,False,1,5,recipients,undetermined,undetermined,True,418,6.4e-05,1.773678546000042
block-0010.eal.session-6,block-0010,eal,release-three-obligations,plain,plain,False,1,6,recipients,ready,ready,True,410,6.170000000000001e-05,1.2789313719999882
block-0010.eal.session-7,block-0010,eal,release-three-obligations,plain,plain,False,1,7,recipients,ready,ready,True,402,5.85e-05,1.2287165980000054
block-0010.eal.session-8,block-0010,eal,release-three-obligations,plain,plain,False,1,8,recipients,undetermined,undetermined,True,428,6.8e-05,1.4655588830000852
block-0010.eal.session-9,block-0010,eal,release-three-obligations,plain,plain,False,1,9,recipients,undetermined,undetermined,True,443,7.4e-05,1.3748477229999025
block-0010.eal.session-10,block-0010,eal,release-three-obligations,plain,plain,False,1,10,recipients,not_ready,not_ready,True,446,7.580000000000001e-05,2.1848992179999414
block-0010.ordinary.session-0,block-0010,ordinary,release-three-obligations,plain,plain,False,1,0,initial,ready,ready,True,1724,0.0001964,2.0416617839999844
block-0010.ordinary.session-1,block-0010,ordinary,release-three-obligations,plain,plain,False,1,1,recipients,ready,ready,True,685,9.790000000000001e-05,1.1291771429999926
block-0010.ordinary.session-2,block-0010,ordinary,release-three-obligations,plain,plain,False,1,2,recipients,not_ready,ready,False,701,9.35e-05,1.3401809570000296
block-0010.ordinary.session-3,block-0010,ordinary,release-three-obligations,plain,plain,False,1,3,recipients,not_ready,ready,False,699,0.0001005,1.0825647789999948
block-0010.ordinary.session-4,block-0010,ordinary,release-three-obligations,plain,plain,False,1,4,recipients,undetermined,ready,False,719,0.00010130000000000001,1.3891775470000312
block-0010.ordinary.session-5,block-0010,ordinary,release-three-obligations,plain,plain,False,1,5,recipients,undetermined,ready,False,748,0.00011410000000000001,1.259134232000065
block-0010.ordinary.session-6,block-0010,ordinary,release-three-obligations,plain,plain,False,1,6,recipients,ready,ready,True,746,0.0001028,1.49065835600004
block-0010.ordinary.session-7,block-0010,ordinary,release-three-obligations,plain,plain,False,1,7,recipients,ready,ready,True,713,0.00010130000000000001,1.3332772730000215
block-0010.ordinary.session-8,block-0010,ordinary,release-three-obligations,plain,plain,False,1,8,recipients,undetermined,ready,False,730,0.00010630000000000001,1.4175400799999807
block-0010.ordinary.session-9,block-0010,ordinary,release-three-obligations,plain,plain,False,1,9,recipients,undetermined,ready,False,720,9.84e-05,1.0106627410000328
block-0010.ordinary.session-10,block-0010,ordinary,release-three-obligations,plain,plain,False,1,10,recipients,not_ready,ready,False,691,9.370000000000001e-05,1.1709091669999907
block-0011.eal.session-0,block-0011,eal,migration-cutover-obligations,reasoning,reasoning,False,1,0,initial,ready,ready,True,743,0.00013235000000000002,2.3385587299999315
block-0011.eal.session-1,block-0011,eal,migration-cutover-obligations,reasoning,reasoning,False,1,1,recipients,ready,ready,True,682,0.00014575,2.834172845000012
block-0011.eal.session-2,block-0011,eal,migration-cutover-obligations,reasoning,reasoning,False,1,2,recipients,not_ready,not_ready,True,987,0.00026740000000000005,4.969951784000045
block-0011.eal.session-3,block-0011,eal,migration-cutover-obligations,reasoning,reasoning,False,1,3,recipients,not_ready,not_ready,True,978,0.0002638,4.527241457000059
block-0011.eal.session-4,block-0011,eal,migration-cutover-obligations,reasoning,reasoning,False,1,4,recipients,undetermined,undetermined,True,721,0.00016030000000000002,3.476854034999974
block-0011.eal.session-5,block-0011,eal,migration-cutover-obligations,reasoning,reasoning,False,1,5,recipients,undetermined,undetermined,True,785,0.00018590000000000005,3.489746551000053
block-0011.eal.session-6,block-0011,eal,migration-cutover-obligations,reasoning,reasoning,False,1,6,recipients,ready,ready,True,668,0.00014015000000000002,2.8537323210000523
block-0011.eal.session-7,block-0011,eal,migration-cutover-obligations,reasoning,reasoning,False,1,7,recipients,ready,ready,True,612,0.00011775000000000002,2.6729646009999897
block-0011.eal.session-8,block-0011,eal,migration-cutover-obligations,reasoning,reasoning,False,1,8,recipients,not_ready,not_ready,True,861,0.000217,4.059971313999995
block-0011.eal.session-9,block-0011,eal,migration-cutover-obligations,reasoning,reasoning,False,1,9,recipients,not_ready,not_ready,True,894,0.00023019999999999998,3.999346575000004
block-0011.eal.session-10,block-0011,eal,migration-cutover-obligations,reasoning,reasoning,False,1,10,recipients,ready,ready,True,671,0.00014135,2.8993616029999885
block-0011.ordinary.session-0,block-0011,ordinary,migration-cutover-obligations,reasoning,reasoning,False,1,0,initial,ready,undetermined,False,860,0.00011965000000000001,1.6403775909999467
block-0011.ordinary.session-1,block-0011,ordinary,migration-cutover-obligations,reasoning,reasoning,False,1,1,recipients,ready,undetermined,False,906,0.00013455000000000002,2.1948822009999276
block-0011.ordinary.session-2,block-0011,ordinary,migration-cutover-obligations,reasoning,reasoning,False,1,2,recipients,not_ready,undetermined,False,998,0.000157,2.451507572999958
block-0011.ordinary.session-3,block-0011,ordinary,migration-cutover-obligations,reasoning,reasoning,False,1,3,recipients,not_ready,undetermined,False,961,0.00014675,2.086206741000069
block-0011.ordinary.session-4,block-0011,ordinary,migration-cutover-obligations,reasoning,reasoning,False,1,4,recipients,undetermined,undetermined,True,1058,0.0001628,2.5593039169999656
block-0011.ordinary.session-5,block-0011,ordinary,migration-cutover-obligations,reasoning,reasoning,False,1,5,recipients,undetermined,undetermined,True,1029,0.00016205,2.1035186849999263
block-0011.ordinary.session-6,block-0011,ordinary,migration-cutover-obligations,reasoning,reasoning,False,1,6,recipients,ready,undetermined,False,1109,0.00019405,3.196979079000016
block-0011.ordinary.session-7,block-0011,ordinary,migration-cutover-obligations,reasoning,reasoning,False,1,7,recipients,ready,undetermined,False,1035,0.000162,2.6887310149999166
block-0011.ordinary.session-8,block-0011,ordinary,migration-cutover-obligations,reasoning,reasoning,False,1,8,recipients,not_ready,undetermined,False,1140,0.00020470000000000002,2.9552264060000653
block-0011.ordinary.session-9,block-0011,ordinary,migration-cutover-obligations,reasoning,reasoning,False,1,9,recipients,not_ready,undetermined,False,1027,0.0001546,2.0312422709999964
block-0011.ordinary.session-10,block-0011,ordinary,migration-cutover-obligations,reasoning,reasoning,False,1,10,recipients,ready,undetermined,False,1201,0.00022315,3.4289947830000074
block-0012.eal.session-0,block-0012,eal,release-three-obligations,reasoning,reasoning,True,3,0,initial,ready,ready,True,715,0.00012920000000000002,2.4994227360000423
block-0012.eal.session-1,block-0012,eal,release-three-obligations,reasoning,reasoning,True,3,1,recipients,ready,ready,True,1775,0.00018675,3.514324092000038
block-0012.eal.session-2,block-0012,eal,release-three-obligations,reasoning,reasoning,True,3,2,recipients,not_ready,not_ready,True,765,0.00014885,2.484757720999937
block-0012.eal.session-3,block-0012,eal,release-three-obligations,reasoning,reasoning,True,3,3,recipients,not_ready,not_ready,True,769,0.00015045,2.4057757460000175
block-0012.eal.session-4,block-0012,eal,release-three-obligations,reasoning,reasoning,True,3,4,recipients,undetermined,undetermined,True,712,0.00012695,2.260577352000041
block-0012.eal.session-5,block-0012,eal,release-three-obligations,reasoning,reasoning,True,3,5,recipients,undetermined,undetermined,True,796,0.00016055,2.735414025999944
block-0012.eal.session-6,block-0012,eal,release-three-obligations,reasoning,reasoning,True,3,6,recipients,ready,ready,True,703,0.00012440000000000002,2.59895274400003
block-0012.eal.session-7,block-0012,eal,release-three-obligations,reasoning,reasoning,True,3,7,recipients,ready,ready,True,734,0.00013680000000000002,2.356953163999947
block-0012.eal.session-8,block-0012,eal,release-three-obligations,reasoning,reasoning,True,3,8,recipients,undetermined,undetermined,True,812,0.00016695000000000002,2.814906939000025
block-0012.eal.session-9,block-0012,eal,release-three-obligations,reasoning,reasoning,True,3,9,recipients,undetermined,undetermined,True,786,0.00015655,3.161060060000068
block-0012.eal.session-10,block-0012,eal,release-three-obligations,reasoning,reasoning,True,3,10,recipients,not_ready,not_ready,True,931,0.00021525,3.5881106719999707
block-0012.ordinary.session-0,block-0012,ordinary,release-three-obligations,reasoning,reasoning,True,3,0,initial,ready,ready,True,2099,0.00018755,2.7100112189999663
block-0012.ordinary.session-1,block-0012,ordinary,release-three-obligations,reasoning,reasoning,True,3,1,recipients,ready,ready,True,1194,0.00022735000000000002,3.0255564829999457
block-0012.ordinary.session-2,block-0012,ordinary,release-three-obligations,reasoning,reasoning,True,3,2,recipients,not_ready,ready,False,963,0.00013355000000000002,1.7390124620000051
block-0012.ordinary.session-3,block-0012,ordinary,release-three-obligations,reasoning,reasoning,True,3,3,recipients,not_ready,ready,False,939,0.00011555000000000002,1.4857543770000348
block-0012.ordinary.session-4,block-0012,ordinary,release-three-obligations,reasoning,reasoning,True,3,4,recipients,undetermined,ready,False,1009,0.00014460000000000002,1.8700393829999484
block-0012.ordinary.session-5,block-0012,ordinary,release-three-obligations,reasoning,reasoning,True,3,5,recipients,undetermined,ready,False,950,0.00012625,1.8058100629999672
block-0012.ordinary.session-6,block-0012,ordinary,release-three-obligations,reasoning,reasoning,True,3,6,recipients,ready,ready,True,998,0.00013705000000000002,1.8382796659999485
block-0012.ordinary.session-7,block-0012,ordinary,release-three-obligations,reasoning,reasoning,True,3,7,recipients,ready,undetermined,False,1192,0.00021605000000000002,2.5409783240000934
block-0012.ordinary.session-8,block-0012,ordinary,release-three-obligations,reasoning,reasoning,True,3,8,recipients,undetermined,undetermined,True,974,0.00014110000000000001,2.0683784469999864
block-0012.ordinary.session-9,block-0012,ordinary,release-three-obligations,reasoning,reasoning,True,3,9,recipients,undetermined,undetermined,True,1259,0.00025719999999999996,3.335703550000062
block-0012.ordinary.session-10,block-0012,ordinary,release-three-obligations,reasoning,reasoning,True,3,10,recipients,not_ready,ready,False,3196,0.00036770000000000005,4.1139019970000845
block-0013.ordinary.session-0,block-0013,ordinary,migration-cutover-obligations,reasoning,plain,False,3,0,initial,ready,ready,True,2206,0.0002153,2.783812277000038
block-0013.ordinary.session-1,block-0013,ordinary,migration-cutover-obligations,reasoning,plain,False,3,1,recipients,ready,ready,True,795,0.00011670000000000002,1.2282118069999797
block-0013.ordinary.session-2,block-0013,ordinary,migration-cutover-obligations,reasoning,plain,False,3,2,recipients,not_ready,ready,False,787,0.00011590000000000001,1.5197419559999616
block-0013.ordinary.session-3,block-0013,ordinary,migration-cutover-obligations,reasoning,plain,False,3,3,recipients,not_ready,ready,False,787,0.00011590000000000001,1.2260838729999932
block-0013.ordinary.session-4,block-0013,ordinary,migration-cutover-obligations,reasoning,plain,False,3,4,recipients,undetermined,ready,False,787,0.00011590000000000001,1.186549283999966
block-0013.ordinary.session-5,block-0013,ordinary,migration-cutover-obligations,reasoning,plain,False,3,5,recipients,undetermined,ready,False,793,0.0001183,1.4386619870000459
block-0013.ordinary.session-6,block-0013,ordinary,migration-cutover-obligations,reasoning,plain,False,3,6,recipients,ready,ready,True,775,0.00010930000000000001,1.0282446950000121
block-0013.ordinary.session-7,block-0013,ordinary,migration-cutover-obligations,reasoning,plain,False,3,7,recipients,ready,ready,True,755,0.0001085,1.1651117789999716
block-0013.ordinary.session-8,block-0013,ordinary,migration-cutover-obligations,reasoning,plain,False,3,8,recipients,not_ready,ready,False,741,0.00010170000000000002,1.5458931729999676
block-0013.ordinary.session-9,block-0013,ordinary,migration-cutover-obligations,reasoning,plain,False,3,9,recipients,not_ready,ready,False,724,0.00010030000000000001,1.274285649000035
block-0013.ordinary.session-10,block-0013,ordinary,migration-cutover-obligations,reasoning,plain,False,3,10,recipients,ready,ready,True,742,0.0001072,1.6453775510000241
block-0013.eal.session-0,block-0013,eal,migration-cutover-obligations,reasoning,plain,False,3,0,initial,ready,ready,True,721,0.00012355,2.183275121000065
block-0013.eal.session-1,block-0013,eal,migration-cutover-obligations,reasoning,plain,False,3,1,recipients,ready,ready,True,425,6.0799999999999994e-05,1.5257022140000345
block-0013.eal.session-2,block-0013,eal,migration-cutover-obligations,reasoning,plain,False,3,2,recipients,not_ready,not_ready,True,480,8.25e-05,2.2967500430000882
block-0013.eal.session-3,block-0013,eal,migration-cutover-obligations,reasoning,plain,False,3,3,recipients,not_ready,not_ready,True,451,7.09e-05,1.8675410409999813
block-0013.eal.session-4,block-0013,eal,migration-cutover-obligations,reasoning,plain,False,3,4,recipients,undetermined,undetermined,True,460,7.390000000000001e-05,1.8299497090000614
block-0013.eal.session-5,block-0013,eal,migration-cutover-obligations,reasoning,plain,False,3,5,recipients,undetermined,undetermined,True,439,6.55e-05,1.3497297019999905
block-0013.eal.session-6,block-0013,eal,migration-cutover-obligations,reasoning,plain,False,3,6,recipients,ready,ready,True,441,6.720000000000001e-05,1.341245028000003
block-0013.eal.session-7,block-0013,eal,migration-cutover-obligations,reasoning,plain,False,3,7,recipients,ready,ready,True,444,6.840000000000001e-05,1.2988533830000506
block-0013.eal.session-8,block-0013,eal,migration-cutover-obligations,reasoning,plain,False,3,8,recipients,not_ready,not_ready,True,448,6.97e-05,1.4288927159999503
block-0013.eal.session-9,block-0013,eal,migration-cutover-obligations,reasoning,plain,False,3,9,recipients,not_ready,not_ready,True,453,7.170000000000001e-05,1.2655579869999656
block-0013.eal.session-10,block-0013,eal,migration-cutover-obligations,reasoning,plain,False,3,10,recipients,ready,ready,True,449,7.04e-05,1.9091259109999328
block-0014.ordinary.session-0,block-0014,ordinary,firmware-selective-applicability,reasoning,plain,False,0,0,initial,ready,ready,True,2290,0.00022090000000000003,2.730755510999984
block-0014.ordinary.session-1,block-0014,ordinary,firmware-selective-applicability,reasoning,plain,False,0,1,recipients,ready,ready,True,758,9.38e-05,1.1443030079999517
block-0014.ordinary.session-2,block-0014,ordinary,firmware-selective-applicability,reasoning,plain,False,0,2,recipients,undetermined,ready,False,688,9.22e-05,1.2987738719999697
block-0014.ordinary.session-3,block-0014,ordinary,firmware-selective-applicability,reasoning,plain,False,0,3,recipients,undetermined,ready,False,727,0.00010240000000000001,1.7103963319999593
block-0014.ordinary.session-4,block-0014,ordinary,firmware-selective-applicability,reasoning,plain,False,0,4,recipients,not_ready,ready,False,752,0.0001061,1.417446917999996
block-0014.ordinary.session-5,block-0014,ordinary,firmware-selective-applicability,reasoning,plain,False,0,5,recipients,not_ready,ready,False,768,0.0001113,1.3673642599999312
block-0014.ordinary.session-6,block-0014,ordinary,firmware-selective-applicability,reasoning,plain,False,0,6,recipients,ready,ready,True,756,0.00010290000000000001,1.1702700939999886
block-0014.ordinary.session-7,block-0014,ordinary,firmware-selective-applicability,reasoning,plain,False,0,7,recipients,ready,ready,True,740,0.00010370000000000001,1.283054299000014
block-0014.ordinary.session-8,block-0014,ordinary,firmware-selective-applicability,reasoning,plain,False,0,8,recipients,undetermined,ready,False,744,0.00010290000000000001,1.2660344759999589
block-0014.ordinary.session-9,block-0014,ordinary,firmware-selective-applicability,reasoning,plain,False,0,9,recipients,undetermined,ready,False,762,0.00011130000000000001,1.7505235160000439
block-0014.ordinary.session-10,block-0014,ordinary,firmware-selective-applicability,reasoning,plain,False,0,10,recipients,ready,ready,True,777,0.00011070000000000001,1.2489959989999306
block-0014.eal.session-0,block-0014,eal,firmware-selective-applicability,reasoning,plain,False,0,0,initial,ready,ready,True,683,0.00010065000000000001,1.942910482000002
block-0014.eal.session-1,block-0014,eal,firmware-selective-applicability,reasoning,plain,False,0,1,recipients,ready,ready,True,483,7.740000000000001e-05,1.6597041720000334
block-0014.eal.session-2,block-0014,eal,firmware-selective-applicability,reasoning,plain,False,0,2,recipients,undetermined,undetermined,True,451,6.37e-05,1.5258847200000218
block-0014.eal.session-3,block-0014,eal,firmware-selective-applicability,reasoning,plain,False,0,3,recipients,undetermined,undetermined,True,460,6.730000000000001e-05,1.4320207540000638
block-0014.eal.session-4,block-0014,eal,firmware-selective-applicability,reasoning,plain,False,0,4,recipients,not_ready,not_ready,True,475,7.390000000000001e-05,1.6500769499999706
block-0014.eal.session-5,block-0014,eal,firmware-selective-applicability,reasoning,plain,False,0,5,recipients,not_ready,not_ready,True,477,7.47e-05,1.510633848999987
block-0014.eal.session-6,block-0014,eal,firmware-selective-applicability,reasoning,plain,False,0,6,recipients,ready,ready,True,463,6.94e-05,1.779271375999997
block-0014.eal.session-7,block-0014,eal,firmware-selective-applicability,reasoning,plain,False,0,7,recipients,ready,ready,True,460,6.82e-05,1.342964967999933
block-0014.eal.session-8,block-0014,eal,firmware-selective-applicability,reasoning,plain,False,0,8,recipients,undetermined,undetermined,True,454,6.49e-05,1.2774069849999705
block-0014.eal.session-9,block-0014,eal,firmware-selective-applicability,reasoning,plain,False,0,9,recipients,undetermined,undetermined,True,466,6.97e-05,1.5318041739999444
block-0014.eal.session-10,block-0014,eal,firmware-selective-applicability,reasoning,plain,False,0,10,recipients,ready,ready,True,476,7.46e-05,1.7216108420000182
block-0015.ordinary.session-0,block-0015,ordinary,firmware-selective-applicability,reasoning,reasoning,False,2,0,initial,ready,ready,True,2316,0.0002313,2.8303164789999755
block-0015.ordinary.session-1,block-0015,ordinary,firmware-selective-applicability,reasoning,reasoning,False,2,1,recipients,ready,ready,True,1169,0.00020650000000000003,3.755734824000001
block-0015.ordinary.session-2,block-0015,ordinary,firmware-selective-applicability,reasoning,reasoning,False,2,2,recipients,undetermined,ready,False,1218,0.0002464,3.565081694000014
block-0015.ordinary.session-3,block-0015,ordinary,firmware-selective-applicability,reasoning,reasoning,False,2,3,recipients,undetermined,undetermined,True,1220,0.00024440000000000003,2.969359344000054
block-0015.ordinary.session-4,block-0015,ordinary,firmware-selective-applicability,reasoning,reasoning,False,2,4,recipients,not_ready,undetermined,False,1130,0.00020910000000000001,3.121842544999936
block-0015.ordinary.session-5,block-0015,ordinary,firmware-selective-applicability,reasoning,reasoning,False,2,5,recipients,not_ready,undetermined,False,1103,0.00018115,2.5167376519999607
block-0015.ordinary.session-6,block-0015,ordinary,firmware-selective-applicability,reasoning,reasoning,False,2,6,recipients,ready,undetermined,False,1150,0.00021885000000000003,3.600086989999909
block-0015.ordinary.session-7,block-0015,ordinary,firmware-selective-applicability,reasoning,reasoning,False,2,7,recipients,ready,undetermined,False,1006,0.00016230000000000001,2.653730292999967
block-0015.ordinary.session-8,block-0015,ordinary,firmware-selective-applicability,reasoning,reasoning,False,2,8,recipients,undetermined,undetermined,True,987,0.00015785,2.253448083999956
block-0015.ordinary.session-9,block-0015,ordinary,firmware-selective-applicability,reasoning,reasoning,False,2,9,recipients,undetermined,undetermined,True,1038,0.00015480000000000002,2.606640362999997
block-0015.ordinary.session-10,block-0015,ordinary,firmware-selective-applicability,reasoning,reasoning,False,2,10,recipients,ready,undetermined,False,1123,0.00019755,3.4875289780000003
block-0015.eal.session-0,block-0015,eal,firmware-selective-applicability,reasoning,reasoning,False,2,0,initial,ready,ready,True,873,0.00017665,3.4230028030000312
block-0015.eal.session-1,block-0015,eal,firmware-selective-applicability,reasoning,reasoning,False,2,1,recipients,ready,ready,True,823,0.00019445,3.529194164000046
block-0015.eal.session-2,block-0015,eal,firmware-selective-applicability,reasoning,reasoning,False,2,2,recipients,undetermined,undetermined,True,811,0.00018860000000000003,3.123862632000055
block-0015.eal.session-3,block-0015,eal,firmware-selective-applicability,reasoning,reasoning,False,2,3,recipients,undetermined,undetermined,True,857,0.00020700000000000002,3.3050238639999634
block-0015.eal.session-4,block-0015,eal,firmware-selective-applicability,reasoning,reasoning,False,2,4,recipients,not_ready,not_ready,True,588,0.00010010000000000001,1.9581967210000357
block-0015.eal.session-5,block-0015,eal,firmware-selective-applicability,reasoning,reasoning,False,2,5,recipients,not_ready,not_ready,True,721,0.0001533,2.8566043390000004
block-0015.eal.session-6,block-0015,eal,firmware-selective-applicability,reasoning,reasoning,False,2,6,recipients,ready,ready,True,617,0.00011205000000000001,2.336767418000022
block-0015.eal.session-7,block-0015,eal,firmware-selective-applicability,reasoning,reasoning,False,2,7,recipients,ready,ready,True,682,0.00013805000000000002,3.0079027790000055
block-0015.eal.session-8,block-0015,eal,firmware-selective-applicability,reasoning,reasoning,False,2,8,recipients,undetermined,undetermined,True,740,0.00016020000000000002,3.072452670999951
block-0015.eal.session-9,block-0015,eal,firmware-selective-applicability,reasoning,reasoning,False,2,9,recipients,undetermined,undetermined,True,719,0.0001518,2.977301371000067
block-0015.eal.session-10,block-0015,eal,firmware-selective-applicability,reasoning,reasoning,False,2,10,recipients,ready,ready,True,721,0.00015365,2.9830995060000305
block-0016.ordinary.session-0,block-0016,ordinary,dispatch-direct-or-tunnel,reasoning,reasoning,False,1,0,initial,ready,undetermined,False,1068,0.00017275,2.7476852809999173
block-0016.ordinary.session-1,block-0016,ordinary,dispatch-direct-or-tunnel,reasoning,reasoning,False,1,1,recipients,ready,undetermined,False,1061,0.0001507,3.307026143999906
block-0016.ordinary.session-2,block-0016,ordinary,dispatch-direct-or-tunnel,reasoning,reasoning,False,1,2,recipients,not_ready,undetermined,False,1143,0.00016985000000000004,2.5240356030000157
block-0016.ordinary.session-3,block-0016,ordinary,dispatch-direct-or-tunnel,reasoning,reasoning,False,1,3,recipients,not_ready,undetermined,False,1059,0.00014045,2.070531803999984
block-0016.ordinary.session-4,block-0016,ordinary,dispatch-direct-or-tunnel,reasoning,reasoning,False,1,4,recipients,ready,undetermined,False,1028,0.00014030000000000002,2.013953241999957
block-0016.ordinary.session-5,block-0016,ordinary,dispatch-direct-or-tunnel,reasoning,reasoning,False,1,5,recipients,ready,undetermined,False,1038,0.00013345,1.8425046390000261
block-0016.ordinary.session-6,block-0016,ordinary,dispatch-direct-or-tunnel,reasoning,reasoning,False,1,6,recipients,undetermined,undetermined,True,1089,0.00017030000000000002,2.904928092999967
block-0016.ordinary.session-7,block-0016,ordinary,dispatch-direct-or-tunnel,reasoning,reasoning,False,1,7,recipients,undetermined,undetermined,True,1091,0.00016445,2.1381517360000544
block-0016.ordinary.session-8,block-0016,ordinary,dispatch-direct-or-tunnel,reasoning,reasoning,False,1,8,recipients,ready,undetermined,False,1109,0.00015555,2.5724782339999592
block-0016.ordinary.session-9,block-0016,ordinary,dispatch-direct-or-tunnel,reasoning,reasoning,False,1,9,recipients,ready,undetermined,False,1078,0.00014595,2.1381787750000285
block-0016.ordinary.session-10,block-0016,ordinary,dispatch-direct-or-tunnel,reasoning,reasoning,False,1,10,recipients,undetermined,undetermined,True,986,0.0001228,1.6011904619999768
block-0016.eal.session-0,block-0016,eal,dispatch-direct-or-tunnel,reasoning,reasoning,False,1,0,initial,ready,ready,True,674,0.00010405000000000001,2.5937472040000102
block-0016.eal.session-1,block-0016,eal,dispatch-direct-or-tunnel,reasoning,reasoning,False,1,1,recipients,ready,ready,True,619,0.00011985000000000001,2.6895119239999303
block-0016.eal.session-2,block-0016,eal,dispatch-direct-or-tunnel,reasoning,reasoning,False,1,2,recipients,not_ready,not_ready,True,785,0.00018590000000000005,3.6463292970000794
block-0016.eal.session-3,block-0016,eal,dispatch-direct-or-tunnel,reasoning,reasoning,False,1,3,recipients,not_ready,not_ready,True,631,0.00012429999999999999,2.6605451090000543
block-0016.eal.session-4,block-0016,eal,dispatch-direct-or-tunnel,reasoning,reasoning,False,1,4,recipients,ready,ready,True,652,0.00013305,2.7711244030000444
block-0016.eal.session-5,block-0016,eal,dispatch-direct-or-tunnel,reasoning,reasoning,False,1,5,recipients,ready,ready,True,621,0.00012065,2.545451479999997
block-0016.eal.session-6,block-0016,eal,dispatch-direct-or-tunnel,reasoning,reasoning,False,1,6,recipients,undetermined,undetermined,True,679,0.0001428,3.289729902999966
block-0016.eal.session-7,block-0016,eal,dispatch-direct-or-tunnel,reasoning,reasoning,False,1,7,recipients,undetermined,undetermined,True,813,0.0001964,3.4450520820000747
block-0016.eal.session-8,block-0016,eal,dispatch-direct-or-tunnel,reasoning,reasoning,False,1,8,recipients,ready,ready,True,745,0.00017025,2.7228045570000177
block-0016.eal.session-9,block-0016,eal,dispatch-direct-or-tunnel,reasoning,reasoning,False,1,9,recipients,ready,ready,True,688,0.00014745,2.8189816310000424
block-0016.eal.session-10,block-0016,eal,dispatch-direct-or-tunnel,reasoning,reasoning,False,1,10,recipients,undetermined,undetermined,True,683,0.0001444,2.9326735879999433
block-0017.ordinary.session-0,block-0017,ordinary,dispatch-direct-or-tunnel,plain,reasoning,False,2,0,initial,ready,ready,True,2078,0.00023779999999999998,1.83969820599998
block-0017.ordinary.session-1,block-0017,ordinary,dispatch-direct-or-tunnel,plain,reasoning,False,2,1,recipients,ready,ready,True,982,0.00014185,2.0248899550000488
block-0017.ordinary.session-2,block-0017,ordinary,dispatch-direct-or-tunnel,plain,reasoning,False,2,2,recipients,not_ready,ready,False,1034,0.000149,2.268093799999974
block-0017.ordinary.session-3,block-0017,ordinary,dispatch-direct-or-tunnel,plain,reasoning,False,2,3,recipients,not_ready,ready,False,1138,0.00019445,3.0535264669999833
block-0017.ordinary.session-4,block-0017,ordinary,dispatch-direct-or-tunnel,plain,reasoning,False,2,4,recipients,ready,ready,True,1157,0.00018840000000000003,2.589521168000033
block-0017.ordinary.session-5,block-0017,ordinary,dispatch-direct-or-tunnel,plain,reasoning,False,2,5,recipients,ready,ready,True,1164,0.00019050000000000002,2.9044201030000067
block-0017.ordinary.session-6,block-0017,ordinary,dispatch-direct-or-tunnel,plain,reasoning,False,2,6,recipients,undetermined,ready,False,1153,0.00018960000000000003,3.2000446759999477
block-0017.ordinary.session-7,block-0017,ordinary,dispatch-direct-or-tunnel,plain,reasoning,False,2,7,recipients,undetermined,ready,False,1084,0.00016060000000000003,2.367112972999962
block-0017.ordinary.session-8,block-0017,ordinary,dispatch-direct-or-tunnel,plain,reasoning,False,2,8,recipients,ready,ready,True,1107,0.00017085,2.775538218000065
block-0017.ordinary.session-9,block-0017,ordinary,dispatch-direct-or-tunnel,plain,reasoning,False,2,9,recipients,ready,ready,True,1086,0.00016105,4.443949453999949
block-0017.ordinary.session-10,block-0017,ordinary,dispatch-direct-or-tunnel,plain,reasoning,False,2,10,recipients,undetermined,ready,False,1370,0.00027535,3.3189794609999126
block-0017.eal.session-0,block-0017,eal,dispatch-direct-or-tunnel,plain,reasoning,False,2,0,initial,ready,ready,True,1539,0.00017460000000000002,3.129004440000017
block-0017.eal.session-1,block-0017,eal,dispatch-direct-or-tunnel,plain,reasoning,False,2,1,recipients,ready,ready,True,710,0.00015625,2.770753141
block-0017.eal.session-2,block-0017,eal,dispatch-direct-or-tunnel,plain,reasoning,False,2,2,recipients,not_ready,not_ready,True,867,0.00021870000000000003,3.757428316000073
block-0017.eal.session-3,block-0017,eal,dispatch-direct-or-tunnel,plain,reasoning,False,2,3,recipients,not_ready,not_ready,True,759,0.00017550000000000004,5.401779662999957
block-0017.eal.session-4,block-0017,eal,dispatch-direct-or-tunnel,plain,reasoning,False,2,4,recipients,ready,ready,True,597,0.00011105000000000002,2.544855116000008
block-0017.eal.session-5,block-0017,eal,dispatch-direct-or-tunnel,plain,reasoning,False,2,5,recipients,ready,ready,True,570,0.00010025,2.264650876000019
block-0017.eal.session-6,block-0017,eal,dispatch-direct-or-tunnel,plain,reasoning,False,2,6,recipients,undetermined,undetermined,True,648,0.0001304,2.8577867569999853
block-0017.eal.session-7,block-0017,eal,dispatch-direct-or-tunnel,plain,reasoning,False,2,7,recipients,undetermined,undetermined,True,658,0.00013440000000000001,2.933704088000013
block-0017.eal.session-8,block-0017,eal,dispatch-direct-or-tunnel,plain,reasoning,False,2,8,recipients,ready,ready,True,533,8.545e-05,2.0685682089999773
block-0017.eal.session-9,block-0017,eal,dispatch-direct-or-tunnel,plain,reasoning,False,2,9,recipients,ready,ready,True,707,0.00015505,2.8589483099999597
block-0017.eal.session-10,block-0017,eal,dispatch-direct-or-tunnel,plain,reasoning,False,2,10,recipients,undetermined,undetermined,True,912,0.00023600000000000002,4.455542839000032
block-0018.eal.session-0,block-0018,eal,migration-multiple-version-bindings,plain,plain,True,0,0,initial,ready,ready,True,1543,0.0001753,2.508970420999958
block-0018.eal.session-1,block-0018,eal,migration-multiple-version-bindings,plain,plain,True,0,1,recipients,ready,ready,True,1531,0.0001705,1.9348353020000104
block-0018.eal.session-2,block-0018,eal,migration-multiple-version-bindings,plain,plain,True,0,2,recipients,undetermined,undetermined,True,1548,0.0001755,2.1378670880000072
block-0018.eal.session-3,block-0018,eal,migration-multiple-version-bindings,plain,plain,True,0,3,recipients,undetermined,undetermined,True,1585,0.00019030000000000002,1.964228161000051
block-0018.eal.session-4,block-0018,eal,migration-multiple-version-bindings,plain,plain,True,0,4,recipients,not_ready,not_ready,True,1715,0.0001928,2.0234300409999832
block-0018.eal.session-5,block-0018,eal,migration-multiple-version-bindings,plain,plain,True,0,5,recipients,not_ready,not_ready,True,1719,0.0001944,2.294616933000043
block-0018.eal.session-6,block-0018,eal,migration-multiple-version-bindings,plain,plain,True,0,6,recipients,ready,ready,True,1789,0.0001975,2.573958887999993
block-0018.eal.session-7,block-0018,eal,migration-multiple-version-bindings,plain,plain,True,0,7,recipients,ready,ready,True,1795,0.0001999,2.167890499000009
block-0018.eal.session-8,block-0018,eal,migration-multiple-version-bindings,plain,plain,True,0,8,recipients,undetermined,undetermined,True,1814,0.0002057,2.2080663809999805
block-0018.eal.session-9,block-0018,eal,migration-multiple-version-bindings,plain,plain,True,0,9,recipients,undetermined,undetermined,True,1812,0.00020490000000000005,2.5629064060000246
block-0018.eal.session-10,block-0018,eal,migration-multiple-version-bindings,plain,plain,True,0,10,recipients,not_ready,not_ready,True,1977,0.00022140000000000001,3.0950050420000252
block-0018.ordinary.session-0,block-0018,ordinary,migration-multiple-version-bindings,plain,plain,True,0,0,initial,ready,ready,True,1894,0.00021490000000000002,1.9361496299999317
block-0018.ordinary.session-1,block-0018,ordinary,migration-multiple-version-bindings,plain,plain,True,0,1,recipients,ready,ready,True,2062,0.00023530000000000003,2.2983087720000412
block-0018.ordinary.session-2,block-0018,ordinary,migration-multiple-version-bindings,plain,plain,True,0,2,recipients,undetermined,ready,False,2082,0.00023610000000000005,2.254445854000096
block-0018.ordinary.session-3,block-0018,ordinary,migration-multiple-version-bindings,plain,plain,True,0,3,recipients,undetermined,ready,False,2074,0.00023530000000000003,1.9634196559999282
block-0018.ordinary.session-4,block-0018,ordinary,migration-multiple-version-bindings,plain,plain,True,0,4,recipients,not_ready,ready,False,2238,0.0002502,2.4092038210000055
block-0018.ordinary.session-5,block-0018,ordinary,migration-multiple-version-bindings,plain,plain,True,0,5,recipients,not_ready,ready,False,2228,0.00024920000000000004,1.8429949449999867
block-0018.ordinary.session-6,block-0018,ordinary,migration-multiple-version-bindings,plain,plain,True,0,6,recipients,ready,ready,True,2313,0.00025770000000000003,1.6878912239999408
block-0018.ordinary.session-7,block-0018,ordinary,migration-multiple-version-bindings,plain,plain,True,0,7,recipients,ready,ready,True,2332,0.0002653,1.8460816799999975
block-0018.ordinary.session-8,block-0018,ordinary,migration-multiple-version-bindings,plain,plain,True,0,8,recipients,undetermined,not_ready,False,2383,0.0002743,1.886010682999995
block-0018.ordinary.session-9,block-0018,ordinary,migration-multiple-version-bindings,plain,plain,True,0,9,recipients,undetermined,not_ready,False,2419,0.0002809,2.0413061809999817
block-0018.ordinary.session-10,block-0018,ordinary,migration-multiple-version-bindings,plain,plain,True,0,10,recipients,not_ready,not_ready,True,2643,0.00031380000000000004,2.150537569999983
block-0019.eal.session-0,block-0019,eal,release-three-obligations,reasoning,plain,True,1,0,initial,ready,ready,True,794,0.0001608,3.093833448000055
block-0019.eal.session-1,block-0019,eal,release-three-obligations,reasoning,plain,True,1,1,recipients,ready,ready,True,1351,0.000151,1.8690077670000846
block-0019.eal.session-2,block-0019,eal,release-three-obligations,reasoning,plain,True,1,2,recipients,not_ready,not_ready,True,1436,0.0001649,2.4579556569999568
block-0019.eal.session-3,block-0019,eal,release-three-obligations,reasoning,plain,True,1,3,recipients,not_ready,not_ready,True,1441,0.00016690000000000002,1.8113521450000007
block-0019.eal.session-4,block-0019,eal,release-three-obligations,reasoning,plain,True,1,4,recipients,undetermined,undetermined,True,1535,0.00018380000000000002,2.396306910000021
block-0019.eal.session-5,block-0019,eal,release-three-obligations,reasoning,plain,True,1,5,recipients,undetermined,undetermined,True,1525,0.0001798,2.5234551360000523
block-0019.eal.session-6,block-0019,eal,release-three-obligations,reasoning,plain,True,1,6,recipients,ready,ready,True,1551,0.0001716,1.8036227709999366
block-0019.eal.session-7,block-0019,eal,release-three-obligations,reasoning,plain,True,1,7,recipients,ready,ready,True,1559,0.00017480000000000002,2.1952429199999415
block-0019.eal.session-8,block-0019,eal,release-three-obligations,reasoning,plain,True,1,8,recipients,undetermined,undetermined,True,1586,0.00018350000000000002,2.244395585999996
block-0019.eal.session-9,block-0019,eal,release-three-obligations,reasoning,plain,True,1,9,recipients,undetermined,not_ready,False,1591,0.0001855,2.685598045000006
block-0019.eal.session-10,block-0019,eal,release-three-obligations,reasoning,plain,True,1,10,recipients,not_ready,not_ready,True,1773,0.0002001,3.2504623949999996
block-0019.ordinary.session-0,block-0019,ordinary,release-three-obligations,reasoning,plain,True,1,0,initial,ready,ready,True,2106,0.00019245,2.5159566459999496
block-0019.ordinary.session-1,block-0019,ordinary,release-three-obligations,reasoning,plain,True,1,1,recipients,ready,ready,True,1902,0.0002124,1.8451899799999865
block-0019.ordinary.session-2,block-0019,ordinary,release-three-obligations,reasoning,plain,True,1,2,recipients,not_ready,ambiguous,,1943,0.00022429999999999998,2.073736679000035
block-0019.ordinary.session-3,block-0019,ordinary,release-three-obligations,reasoning,plain,True,1,3,recipients,not_ready,not_ready,True,2005,0.00023350000000000004,2.56067439200001
block-0019.ordinary.session-4,block-0019,ordinary,release-three-obligations,reasoning,plain,True,1,4,recipients,undetermined,not_ready,False,2090,0.00024199999999999997,2.002648334000014
block-0019.ordinary.session-5,block-0019,ordinary,release-three-obligations,reasoning,plain,True,1,5,recipients,undetermined,not_ready,False,2090,0.00024199999999999997,2.024029681000002
block-0019.ordinary.session-6,block-0019,ordinary,release-three-obligations,reasoning,plain,True,1,6,recipients,ready,not_ready,False,2159,0.0002492,2.4048162949999323
block-0019.ordinary.session-7,block-0019,ordinary,release-three-obligations,reasoning,plain,True,1,7,recipients,ready,not_ready,False,2159,0.00024859999999999997,2.1621447359999593
block-0019.ordinary.session-8,block-0019,ordinary,release-three-obligations,reasoning,plain,True,1,8,recipients,undetermined,not_ready,False,2157,0.00024870000000000003,1.5770292299999937
block-0019.ordinary.session-9,block-0019,ordinary,release-three-obligations,reasoning,plain,True,1,9,recipients,undetermined,not_ready,False,2159,0.0002489,2.2233372619999727
block-0019.ordinary.session-10,block-0019,ordinary,release-three-obligations,reasoning,plain,True,1,10,recipients,not_ready,not_ready,True,2351,0.0002663,1.879623800000104
block-0020.ordinary.session-0,block-0020,ordinary,firmware-selective-applicability,plain,plain,True,2,0,initial,ready,ready,True,1874,0.00021290000000000002,1.698408959999938
block-0020.ordinary.session-1,block-0020,ordinary,firmware-selective-applicability,plain,plain,True,2,1,recipients,ready,ready,True,743,0.0001022,1.0028705400000035
block-0020.ordinary.session-2,block-0020,ordinary,firmware-selective-applicability,plain,plain,True,2,2,recipients,undetermined,ready,False,2080,0.00023710000000000002,1.5418937489999962
block-0020.ordinary.session-3,block-0020,ordinary,firmware-selective-applicability,plain,plain,True,2,3,recipients,undetermined,ready,False,2066,0.00023570000000000004,1.8758442320000768
block-0020.ordinary.session-4,block-0020,ordinary,firmware-selective-applicability,plain,plain,True,2,4,recipients,not_ready,not_ready,True,2189,0.0002588,2.5447238419999394
block-0020.ordinary.session-5,block-0020,ordinary,firmware-selective-applicability,plain,plain,True,2,5,recipients,not_ready,not_ready,True,806,0.000113,2.0883645510000406
block-0020.ordinary.session-6,block-0020,ordinary,firmware-selective-applicability,plain,plain,True,2,6,recipients,ready,not_ready,False,2392,0.0002749,2.559455541000034
block-0020.ordinary.session-7,block-0020,ordinary,firmware-selective-applicability,plain,plain,True,2,7,recipients,ready,not_ready,False,2396,0.00027650000000000005,2.408783468000024
block-0020.ordinary.session-8,block-0020,ordinary,firmware-selective-applicability,plain,plain,True,2,8,recipients,undetermined,not_ready,False,2404,0.0002773,2.1535751680000885
block-0020.ordinary.session-9,block-0020,ordinary,firmware-selective-applicability,plain,plain,True,2,9,recipients,undetermined,not_ready,False,2428,0.00028690000000000003,1.725247649000039
block-0020.ordinary.session-10,block-0020,ordinary,firmware-selective-applicability,plain,plain,True,2,10,recipients,ready,not_ready,False,839,0.000122,1.8169596299999284
block-0020.eal.session-0,block-0020,eal,firmware-selective-applicability,plain,plain,True,2,0,initial,ready,ready,True,1529,0.00017030000000000002,1.9173195480000231
block-0020.eal.session-1,block-0020,eal,firmware-selective-applicability,plain,plain,True,2,1,recipients,ready,ready,True,1520,0.0001667,2.4092367360000253
block-0020.eal.session-2,block-0020,eal,firmware-selective-applicability,plain,plain,True,2,2,recipients,undetermined,undetermined,True,1590,0.0001929,2.7290428800000655
block-0020.eal.session-3,block-0020,eal,firmware-selective-applicability,plain,plain,True,2,3,recipients,undetermined,undetermined,True,1574,0.0001865,2.3486180170000353
block-0020.eal.session-4,block-0020,eal,firmware-selective-applicability,plain,plain,True,2,4,recipients,not_ready,not_ready,True,1643,0.00018920000000000002,2.2232050210000125
block-0020.eal.session-5,block-0020,eal,firmware-selective-applicability,plain,plain,True,2,5,recipients,not_ready,not_ready,True,1664,0.0001976,2.5028229540000666
block-0020.eal.session-6,block-0020,eal,firmware-selective-applicability,plain,plain,True,2,6,recipients,ready,ready,True,1795,0.0001987,1.8245021500000576
block-0020.eal.session-7,block-0020,eal,firmware-selective-applicability,plain,plain,True,2,7,recipients,ready,ready,True,1770,0.0001887,2.002193979000026
block-0020.eal.session-8,block-0020,eal,firmware-selective-applicability,plain,plain,True,2,8,recipients,undetermined,undetermined,True,1838,0.0002141,3.195241466000084
block-0020.eal.session-9,block-0020,eal,firmware-selective-applicability,plain,plain,True,2,9,recipients,undetermined,undetermined,True,1810,0.00020290000000000003,1.9432803189999959
block-0020.eal.session-10,block-0020,eal,firmware-selective-applicability,plain,plain,True,2,10,recipients,ready,ready,True,1973,0.00021770000000000003,2.4419940699999643
block-0021.ordinary.session-0,block-0021,ordinary,migration-multiple-version-bindings,reasoning,plain,True,3,0,initial,ready,ready,True,2329,0.00022530000000000003,2.731484306000084
block-0021.ordinary.session-1,block-0021,ordinary,migration-multiple-version-bindings,reasoning,plain,True,3,1,recipients,ready,ready,True,2271,0.00026130000000000006,2.5159972609999386
block-0021.ordinary.session-2,block-0021,ordinary,migration-multiple-version-bindings,reasoning,plain,True,3,2,recipients,undetermined,ready,False,2136,0.0002475,1.7099417800000083
block-0021.ordinary.session-3,block-0021,ordinary,migration-multiple-version-bindings,reasoning,plain,True,3,3,recipients,undetermined,ready,False,778,0.0001051,1.4877562540000326
block-0021.ordinary.session-4,block-0021,ordinary,migration-multiple-version-bindings,reasoning,plain,True,3,4,recipients,not_ready,ready,False,2274,0.0002592,1.6850603650000266
block-0021.ordinary.session-5,block-0021,ordinary,migration-multiple-version-bindings,reasoning,plain,True,3,5,recipients,not_ready,ready,False,2286,0.0002616,1.7056129840000267
block-0021.ordinary.session-6,block-0021,ordinary,migration-multiple-version-bindings,reasoning,plain,True,3,6,recipients,ready,ready,True,793,0.000112,1.6672250630000462
block-0021.ordinary.session-7,block-0021,ordinary,migration-multiple-version-bindings,reasoning,plain,True,3,7,recipients,ready,ready,True,809,0.0001154,1.6654291390000253
block-0021.ordinary.session-8,block-0021,ordinary,migration-multiple-version-bindings,reasoning,plain,True,3,8,recipients,undetermined,ready,False,811,0.0001144,1.6380984900000612
block-0021.ordinary.session-9,block-0021,ordinary,migration-multiple-version-bindings,reasoning,plain,True,3,9,recipients,undetermined,ready,False,785,0.00010520000000000002,1.379764184999999
block-0021.ordinary.session-10,block-0021,ordinary,migration-multiple-version-bindings,reasoning,plain,True,3,10,recipients,not_ready,not_ready,True,2533,0.0002878,2.3571466130000545
block-0021.eal.session-0,block-0021,eal,migration-multiple-version-bindings,reasoning,plain,True,3,0,initial,ready,ready,True,847,0.00016625,3.5769220990000576
block-0021.eal.session-1,block-0021,eal,migration-multiple-version-bindings,reasoning,plain,True,3,1,recipients,ready,ready,True,1541,0.0001745,2.3915360940000028
block-0021.eal.session-2,block-0021,eal,migration-multiple-version-bindings,reasoning,plain,True,3,2,recipients,undetermined,ready,False,1568,0.00018350000000000002,2.530736982999997
block-0021.eal.session-3,block-0021,eal,migration-multiple-version-bindings,reasoning,plain,True,3,3,recipients,undetermined,undetermined,True,1576,0.0001867,2.4561744799999587
block-0021.eal.session-4,block-0021,eal,migration-multiple-version-bindings,reasoning,plain,True,3,4,recipients,not_ready,not_ready,True,1728,0.000198,2.469594024999992
block-0021.eal.session-5,block-0021,eal,migration-multiple-version-bindings,reasoning,plain,True,3,5,recipients,not_ready,not_ready,True,1713,0.00019199999999999998,1.7771808449999753
block-0021.eal.session-6,block-0021,eal,migration-multiple-version-bindings,reasoning,plain,True,3,6,recipients,ready,ready,True,1798,0.0002011,2.262178832000018
block-0021.eal.session-7,block-0021,eal,migration-multiple-version-bindings,reasoning,plain,True,3,7,recipients,ready,ready,True,1786,0.00019630000000000003,1.7418600169999081
block-0021.eal.session-8,block-0021,eal,migration-multiple-version-bindings,reasoning,plain,True,3,8,recipients,undetermined,undetermined,True,1820,0.00020810000000000002,2.561077383000111
block-0021.eal.session-9,block-0021,eal,migration-multiple-version-bindings,reasoning,plain,True,3,9,recipients,undetermined,undetermined,True,1788,0.00019530000000000003,2.4726960400000735
block-0021.eal.session-10,block-0021,eal,migration-multiple-version-bindings,reasoning,plain,True,3,10,recipients,not_ready,not_ready,True,1987,0.00022540000000000003,2.5344311869999956
block-0022.eal.session-0,block-0022,eal,migration-multiple-version-bindings,plain,plain,True,3,0,initial,ready,ready,True,1546,0.0001765,2.469118285000036
block-0022.eal.session-1,block-0022,eal,migration-multiple-version-bindings,plain,plain,True,3,1,recipients,ready,ready,True,1560,0.0001821,2.01168570599998
block-0022.eal.session-2,block-0022,eal,migration-multiple-version-bindings,plain,plain,True,3,2,recipients,undetermined,undetermined,True,1587,0.00019110000000000004,2.3663456809999843
block-0022.eal.session-3,block-0022,eal,migration-multiple-version-bindings,plain,plain,True,3,3,recipients,undetermined,undetermined,True,1587,0.00019110000000000004,2.015546456999914
block-0022.eal.session-4,block-0022,eal,migration-multiple-version-bindings,plain,plain,True,3,4,recipients,not_ready,not_ready,True,1709,0.0001904,2.7282170099999803
block-0022.eal.session-5,block-0022,eal,migration-multiple-version-bindings,plain,plain,True,3,5,recipients,not_ready,not_ready,True,1737,0.00020160000000000002,2.8298088429999098
block-0022.eal.session-6,block-0022,eal,migration-multiple-version-bindings,plain,plain,True,3,6,recipients,ready,ready,True,1794,0.0001995,2.444724509999901
block-0022.eal.session-7,block-0022,eal,migration-multiple-version-bindings,plain,plain,True,3,7,recipients,ready,ready,True,1805,0.00020390000000000002,1.736434605999989
block-0022.eal.session-8,block-0022,eal,migration-multiple-version-bindings,plain,plain,True,3,8,recipients,undetermined,undetermined,True,1812,0.00020490000000000005,2.351405897999939
block-0022.eal.session-9,block-0022,eal,migration-multiple-version-bindings,plain,plain,True,3,9,recipients,undetermined,undetermined,True,1813,0.00020530000000000003,2.743090600999949
block-0022.eal.session-10,block-0022,eal,migration-multiple-version-bindings,plain,plain,True,3,10,recipients,not_ready,not_ready,True,2000,0.00023060000000000002,2.6701926970000613
block-0022.ordinary.session-0,block-0022,ordinary,migration-multiple-version-bindings,plain,plain,True,3,0,initial,ready,ready,True,1893,0.0002145,1.7124096860000009
block-0022.ordinary.session-1,block-0022,ordinary,migration-multiple-version-bindings,plain,plain,True,3,1,recipients,ready,ready,True,2046,0.00022950000000000002,1.7994090879999476
block-0022.ordinary.session-2,block-0022,ordinary,migration-multiple-version-bindings,plain,plain,True,3,2,recipients,undetermined,ready,False,2049,0.00023130000000000004,1.7158517040001016
block-0022.ordinary.session-3,block-0022,ordinary,migration-multiple-version-bindings,plain,plain,True,3,3,recipients,undetermined,ready,False,2059,0.00023230000000000004,1.8808724770000254
block-0022.ordinary.session-4,block-0022,ordinary,migration-multiple-version-bindings,plain,plain,True,3,4,recipients,not_ready,ready,False,2228,0.00024920000000000004,2.0183682250000174
block-0022.ordinary.session-5,block-0022,ordinary,migration-multiple-version-bindings,plain,plain,True,3,5,recipients,not_ready,ready,False,2228,0.00024920000000000004,2.0567310809999526
block-0022.ordinary.session-6,block-0022,ordinary,migration-multiple-version-bindings,plain,plain,True,3,6,recipients,ready,ready,True,2313,0.00025770000000000003,1.7124402539999437
block-0022.ordinary.session-7,block-0022,ordinary,migration-multiple-version-bindings,plain,plain,True,3,7,recipients,ready,ready,True,2314,0.00025810000000000004,2.245529784999917
block-0022.ordinary.session-8,block-0022,ordinary,migration-multiple-version-bindings,plain,plain,True,3,8,recipients,undetermined,ready,False,2316,0.00025830000000000004,3.1652767730000733
block-0022.ordinary.session-9,block-0022,ordinary,migration-multiple-version-bindings,plain,plain,True,3,9,recipients,undetermined,ready,False,2316,0.00025830000000000004,1.7569525590000694
block-0022.ordinary.session-10,block-0022,ordinary,migration-multiple-version-bindings,plain,plain,True,3,10,recipients,not_ready,ready,False,2485,0.0002752,2.0660963990000027
block-0023.ordinary.session-0,block-0023,ordinary,migration-cutover-obligations,plain,plain,True,1,0,initial,ready,ready,True,1793,0.00021140000000000002,2.159616433999986
block-0023.ordinary.session-1,block-0023,ordinary,migration-cutover-obligations,plain,plain,True,1,1,recipients,ready,ready,True,1988,0.00022940000000000005,2.546752106000099
block-0023.ordinary.session-2,block-0023,ordinary,migration-cutover-obligations,plain,plain,True,1,2,recipients,not_ready,ready,False,2047,0.00023530000000000003,7.806163254000012
block-0023.ordinary.session-3,block-0023,ordinary,migration-cutover-obligations,plain,plain,True,1,3,recipients,not_ready,ready,False,2050,0.00023650000000000003,2.031345482000006
block-0023.ordinary.session-4,block-0023,ordinary,migration-cutover-obligations,plain,plain,True,1,4,recipients,undetermined,ready,False,1912,0.00022090000000000006,1.9353725779999422
block-0023.ordinary.session-5,block-0023,ordinary,migration-cutover-obligations,plain,plain,True,1,5,recipients,undetermined,ready,False,1900,0.00021969999999999997,1.9703498689999606
block-0023.ordinary.session-6,block-0023,ordinary,migration-cutover-obligations,plain,plain,True,1,6,recipients,ready,ready,True,2107,0.00024219999999999998,2.2136427960000447
block-0023.ordinary.session-7,block-0023,ordinary,migration-cutover-obligations,plain,plain,True,1,7,recipients,ready,ready,True,2118,0.000243,2.311101833000066
block-0023.ordinary.session-8,block-0023,ordinary,migration-cutover-obligations,plain,plain,True,1,8,recipients,not_ready,not_ready,True,2211,0.000261,2.66820264699993
block-0023.ordinary.session-9,block-0023,ordinary,migration-cutover-obligations,plain,plain,True,1,9,recipients,not_ready,not_ready,True,2280,0.00027120000000000003,1.7854424539999627
block-0023.ordinary.session-10,block-0023,ordinary,migration-cutover-obligations,plain,plain,True,1,10,recipients,ready,not_ready,False,792,0.00010740000000000001,1.3126922039999727
block-0023.eal.session-0,block-0023,eal,migration-cutover-obligations,plain,plain,True,1,0,initial,ready,ready,True,1422,0.000165,2.2609334190000254
block-0023.eal.session-1,block-0023,eal,migration-cutover-obligations,plain,plain,True,1,1,recipients,ready,ready,True,1420,0.0001642,2.1399784489999547
block-0023.eal.session-2,block-0023,eal,migration-cutover-obligations,plain,plain,True,1,2,recipients,not_ready,not_ready,True,1502,0.0001757,2.1995503829999734
block-0023.eal.session-3,block-0023,eal,migration-cutover-obligations,plain,plain,True,1,3,recipients,not_ready,not_ready,True,1507,0.0001777,2.1061490770000546
block-0023.eal.session-4,block-0023,eal,migration-cutover-obligations,plain,plain,True,1,4,recipients,undetermined,undetermined,True,1399,0.00017470000000000002,2.291064118999998
block-0023.eal.session-5,block-0023,eal,migration-cutover-obligations,plain,plain,True,1,5,recipients,undetermined,undetermined,True,1372,0.00016390000000000003,1.951265749000072
block-0023.eal.session-6,block-0023,eal,migration-cutover-obligations,plain,plain,True,1,6,recipients,ready,ready,True,1545,0.0001746,2.003813108000031
block-0023.eal.session-7,block-0023,eal,migration-cutover-obligations,plain,plain,True,1,7,recipients,ready,ready,True,1557,0.0001794,2.155224917000055
block-0023.eal.session-8,block-0023,eal,migration-cutover-obligations,plain,plain,True,1,8,recipients,not_ready,not_ready,True,1637,0.000191,2.4886518119999437
block-0023.eal.session-9,block-0023,eal,migration-cutover-obligations,plain,plain,True,1,9,recipients,not_ready,not_ready,True,1629,0.0001878,2.1225484540000252
block-0023.eal.session-10,block-0023,eal,migration-cutover-obligations,plain,plain,True,1,10,recipients,ready,ready,True,1765,0.0002023,2.0963373719999936
block-0024.ordinary.session-0,block-0024,ordinary,database-alternative-read-routes,plain,plain,False,3,0,initial,ready,ready,True,2133,0.0002505,1.7054203349999852
block-0024.ordinary.session-1,block-0024,ordinary,database-alternative-read-routes,plain,plain,False,3,1,recipients,ready,ready,True,882,0.0001269,1.250868792999995
block-0024.ordinary.session-2,block-0024,ordinary,database-alternative-read-routes,plain,plain,False,3,2,recipients,ready,ready,True,890,0.000125,1.2355139140000801
block-0024.ordinary.session-3,block-0024,ordinary,database-alternative-read-routes,plain,plain,False,3,3,recipients,ready,ready,True,867,0.00011910000000000001,1.4625156989999368
block-0024.ordinary.session-4,block-0024,ordinary,database-alternative-read-routes,plain,plain,False,3,4,recipients,not_ready,ready,False,853,0.00011710000000000001,0.8964207709999528
block-0024.ordinary.session-5,block-0024,ordinary,database-alternative-read-routes,plain,plain,False,3,5,recipients,not_ready,ready,False,851,0.00011690000000000001,0.941861227000004
block-0024.ordinary.session-6,block-0024,ordinary,database-alternative-read-routes,plain,plain,False,3,6,recipients,undetermined,ready,False,859,0.00012009999999999999,1.600114572999928
block-0024.ordinary.session-7,block-0024,ordinary,database-alternative-read-routes,plain,plain,False,3,7,recipients,undetermined,ready,False,871,0.0001225,1.0576674569999795
block-0024.ordinary.session-8,block-0024,ordinary,database-alternative-read-routes,plain,plain,False,3,8,recipients,ready,ready,True,865,0.0001189,1.5766393440000002
block-0024.ordinary.session-9,block-0024,ordinary,database-alternative-read-routes,plain,plain,False,3,9,recipients,ready,ready,True,852,0.0001167,1.2855942429999914
block-0024.ordinary.session-10,block-0024,ordinary,database-alternative-read-routes,plain,plain,False,3,10,recipients,undetermined,ready,False,853,0.000118,1.7088737459999948
block-0024.eal.session-0,block-0024,eal,database-alternative-read-routes,plain,plain,False,3,0,initial,ready,ready,True,1567,0.00018189999999999998,2.5234527909999542
block-0024.eal.session-1,block-0024,eal,database-alternative-read-routes,plain,plain,False,3,1,recipients,ready,ready,True,439,6.430000000000002e-05,1.400876476999997
block-0024.eal.session-2,block-0024,eal,database-alternative-read-routes,plain,plain,False,3,2,recipients,ready,ready,True,432,6.15e-05,1.6303913990000183
block-0024.eal.session-3,block-0024,eal,database-alternative-read-routes,plain,plain,False,3,3,recipients,ready,ready,True,435,6.27e-05,1.4311264190000657
block-0024.eal.session-4,block-0024,eal,database-alternative-read-routes,plain,plain,False,3,4,recipients,not_ready,not_ready,True,472,7.72e-05,1.8737958609999623
block-0024.eal.session-5,block-0024,eal,database-alternative-read-routes,plain,plain,False,3,5,recipients,not_ready,not_ready,True,484,8.2e-05,2.3436392239999577
block-0024.eal.session-6,block-0024,eal,database-alternative-read-routes,plain,plain,False,3,6,recipients,undetermined,undetermined,True,471,7.620000000000001e-05,1.558833940999989
block-0024.eal.session-7,block-0024,eal,database-alternative-read-routes,plain,plain,False,3,7,recipients,undetermined,undetermined,True,470,7.580000000000001e-05,1.5202570619999278
block-0024.eal.session-8,block-0024,eal,database-alternative-read-routes,plain,plain,False,3,8,recipients,ready,ready,True,444,6.630000000000001e-05,1.4435588410000264
block-0024.eal.session-9,block-0024,eal,database-alternative-read-routes,plain,plain,False,3,9,recipients,ready,ready,True,456,7.11e-05,1.7075035519999346
block-0024.eal.session-10,block-0024,eal,database-alternative-read-routes,plain,plain,False,3,10,recipients,undetermined,undetermined,True,448,6.7e-05,1.3527166970000053
block-0025.ordinary.session-0,block-0025,ordinary,migration-multiple-version-bindings,plain,reasoning,False,0,0,initial,ready,ready,True,1916,0.00022370000000000002,2.015444316000071
block-0025.ordinary.session-1,block-0025,ordinary,migration-multiple-version-bindings,plain,reasoning,False,0,1,recipients,ready,ready,True,994,0.00016905000000000002,2.8827190089999704
block-0025.ordinary.session-2,block-0025,ordinary,migration-multiple-version-bindings,plain,reasoning,False,0,2,recipients,undetermined,ready,False,956,0.00013565000000000002,1.9203397369999493
block-0025.ordinary.session-3,block-0025,ordinary,migration-multiple-version-bindings,plain,reasoning,False,0,3,recipients,undetermined,undetermined,True,1347,0.0003015,4.414428143000009
block-0025.ordinary.session-4,block-0025,ordinary,migration-multiple-version-bindings,plain,reasoning,False,0,4,recipients,not_ready,undetermined,False,960,0.0001439,1.9640932159999238
block-0025.ordinary.session-5,block-0025,ordinary,migration-multiple-version-bindings,plain,reasoning,False,0,5,recipients,not_ready,undetermined,False,1090,0.0001875,2.92522975899999
block-0025.ordinary.session-6,block-0025,ordinary,migration-multiple-version-bindings,plain,reasoning,False,0,6,recipients,ready,undetermined,False,949,0.0001374,1.8159267999999429
block-0025.ordinary.session-7,block-0025,ordinary,migration-multiple-version-bindings,plain,reasoning,False,0,7,recipients,ready,undetermined,False,897,0.00012045000000000001,5.055903301999933
block-0025.ordinary.session-8,block-0025,ordinary,migration-multiple-version-bindings,plain,reasoning,False,0,8,recipients,undetermined,undetermined,True,956,0.0001409,1.9155319969999027
block-0025.ordinary.session-9,block-0025,ordinary,migration-multiple-version-bindings,plain,reasoning,False,0,9,recipients,undetermined,undetermined,True,1073,0.00018385000000000002,2.729460746999962
block-0025.ordinary.session-10,block-0025,ordinary,migration-multiple-version-bindings,plain,reasoning,False,0,10,recipients,not_ready,undetermined,False,1044,0.0001418,2.138078706999977
block-0025.eal.session-0,block-0025,eal,migration-multiple-version-bindings,plain,reasoning,False,0,0,initial,ready,ready,True,491,7.25e-05,1.506065368999998
block-0025.eal.session-1,block-0025,eal,migration-multiple-version-bindings,plain,reasoning,False,0,1,recipients,ready,ready,True,666,0.00013165,2.62734909400001
block-0025.eal.session-2,block-0025,eal,migration-multiple-version-bindings,plain,reasoning,False,0,2,recipients,undetermined,undetermined,True,697,0.000143,3.1348979760000475
block-0025.eal.session-3,block-0025,eal,migration-multiple-version-bindings,plain,reasoning,False,0,3,recipients,undetermined,undetermined,True,695,0.00014220000000000001,2.6188913100000946
block-0025.eal.session-4,block-0025,eal,migration-multiple-version-bindings,plain,reasoning,False,0,4,recipients,not_ready,not_ready,True,734,0.00015850000000000003,3.075561263000054
block-0025.eal.session-5,block-0025,eal,migration-multiple-version-bindings,plain,reasoning,False,0,5,recipients,not_ready,not_ready,True,756,0.0001673,3.093334868999932
block-0025.eal.session-6,block-0025,eal,migration-multiple-version-bindings,plain,reasoning,False,0,6,recipients,ready,ready,True,739,0.00016085,3.0869416109999293
block-0025.eal.session-7,block-0025,eal,migration-multiple-version-bindings,plain,reasoning,False,0,7,recipients,ready,ready,True,680,0.00013725,2.599086581999927
block-0025.eal.session-8,block-0025,eal,migration-multiple-version-bindings,plain,reasoning,False,0,8,recipients,undetermined,ambiguous,,675,0.0001342,2.854223686999944
block-0025.eal.session-9,block-0025,eal,migration-multiple-version-bindings,plain,reasoning,False,0,9,recipients,undetermined,undetermined,True,763,0.0001694,3.636493332999976
block-0025.eal.session-10,block-0025,eal,migration-multiple-version-bindings,plain,reasoning,False,0,10,recipients,not_ready,not_ready,True,778,0.00017610000000000002,3.2322071080000114
block-0026.eal.session-0,block-0026,eal,database-alternative-read-routes,plain,plain,False,1,0,initial,ready,ready,True,1569,0.0001827,2.1422342399999934
block-0026.eal.session-1,block-0026,eal,database-alternative-read-routes,plain,plain,False,1,1,recipients,ready,ready,True,436,6.31e-05,1.4885421500000575
block-0026.eal.session-2,block-0026,eal,database-alternative-read-routes,plain,plain,False,1,2,recipients,ready,ready,True,435,6.27e-05,1.5425251870000238
block-0026.eal.session-3,block-0026,eal,database-alternative-read-routes,plain,plain,False,1,3,recipients,ready,ready,True,460,7.27e-05,1.6139028360000793
block-0026.eal.session-4,block-0026,eal,database-alternative-read-routes,plain,plain,False,1,4,recipients,not_ready,not_ready,True,461,7.280000000000001e-05,1.6143539880000617
block-0026.eal.session-5,block-0026,eal,database-alternative-read-routes,plain,plain,False,1,5,recipients,not_ready,not_ready,True,484,8.2e-05,1.5299663760000612
block-0026.eal.session-6,block-0026,eal,database-alternative-read-routes,plain,plain,False,1,6,recipients,undetermined,undetermined,True,442,6.46e-05,1.758913621999909
block-0026.eal.session-7,block-0026,eal,database-alternative-read-routes,plain,plain,False,1,7,recipients,undetermined,undetermined,True,492,8.46e-05,1.5466113250000717
block-0026.eal.session-8,block-0026,eal,database-alternative-read-routes,plain,plain,False,1,8,recipients,ready,ready,True,445,6.670000000000001e-05,1.7081202660000372
block-0026.eal.session-9,block-0026,eal,database-alternative-read-routes,plain,plain,False,1,9,recipients,ready,ready,True,448,6.790000000000001e-05,1.714516533000051
block-0026.eal.session-10,block-0026,eal,database-alternative-read-routes,plain,plain,False,1,10,recipients,undetermined,undetermined,True,476,7.82e-05,1.4190916410000227
block-0026.ordinary.session-0,block-0026,ordinary,database-alternative-read-routes,plain,plain,False,1,0,initial,ready,not_ready,False,2173,0.0002665,2.6460119859999622
block-0026.ordinary.session-1,block-0026,ordinary,database-alternative-read-routes,plain,plain,False,1,1,recipients,ready,not_ready,False,1032,0.0001755,2.041353321000088
block-0026.ordinary.session-2,block-0026,ordinary,database-alternative-read-routes,plain,plain,False,1,2,recipients,ready,not_ready,False,1066,0.00016030000000000002,1.7214090869999836
block-0026.ordinary.session-3,block-0026,ordinary,database-alternative-read-routes,plain,plain,False,1,3,recipients,ready,not_ready,False,962,0.0001376,1.5556992659999196
block-0026.ordinary.session-4,block-0026,ordinary,database-alternative-read-routes,plain,plain,False,1,4,recipients,not_ready,not_ready,True,958,0.00014890000000000001,1.633921125000029
block-0026.ordinary.session-5,block-0026,ordinary,database-alternative-read-routes,plain,plain,False,1,5,recipients,not_ready,not_ready,True,1013,0.0001592,2.0814846759999455
block-0026.ordinary.session-6,block-0026,ordinary,database-alternative-read-routes,plain,plain,False,1,6,recipients,undetermined,not_ready,False,991,0.000145,1.324160022000001
block-0026.ordinary.session-7,block-0026,ordinary,database-alternative-read-routes,plain,plain,False,1,7,recipients,undetermined,not_ready,False,934,0.00013480000000000002,1.5031303099999604
block-0026.ordinary.session-8,block-0026,ordinary,database-alternative-read-routes,plain,plain,False,1,8,recipients,ready,not_ready,False,912,0.0001308,1.5302430250000043
block-0026.ordinary.session-9,block-0026,ordinary,database-alternative-read-routes,plain,plain,False,1,9,recipients,ready,not_ready,False,924,0.0001371,1.7209170969999832
block-0026.ordinary.session-10,block-0026,ordinary,database-alternative-read-routes,plain,plain,False,1,10,recipients,undetermined,not_ready,False,905,0.00012440000000000002,1.2569525669999848
block-0027.eal.session-0,block-0027,eal,migration-multiple-version-bindings,reasoning,reasoning,False,2,0,initial,ready,ready,True,806,0.00014984999999999998,3.1268083869999828
block-0027.eal.session-1,block-0027,eal,migration-multiple-version-bindings,reasoning,reasoning,False,2,1,recipients,ready,ready,True,853,0.00020645,3.6035129959999495
block-0027.eal.session-2,block-0027,eal,migration-multiple-version-bindings,reasoning,reasoning,False,2,2,recipients,undetermined,undetermined,True,867,0.00021100000000000003,4.661621750999984
block-0027.eal.session-3,block-0027,eal,migration-multiple-version-bindings,reasoning,reasoning,False,2,3,recipients,undetermined,undetermined,True,698,0.00014340000000000002,2.772006401999988
block-0027.eal.session-4,block-0027,eal,migration-multiple-version-bindings,reasoning,reasoning,False,2,4,recipients,not_ready,not_ready,True,1033,0.00027810000000000004,5.270982826999898
block-0027.eal.session-5,block-0027,eal,migration-multiple-version-bindings,reasoning,reasoning,False,2,5,recipients,not_ready,not_ready,True,757,0.0001677,2.9596620789999406
block-0027.eal.session-6,block-0027,eal,migration-multiple-version-bindings,reasoning,reasoning,False,2,6,recipients,ready,ready,True,649,0.00012485,2.447394126000063
block-0027.eal.session-7,block-0027,eal,migration-multiple-version-bindings,reasoning,reasoning,False,2,7,recipients,ready,ready,True,653,0.00012645,2.416323274999968
block-0027.eal.session-8,block-0027,eal,migration-multiple-version-bindings,reasoning,reasoning,False,2,8,recipients,undetermined,undetermined,True,768,0.00017140000000000002,3.1073824730000297
block-0027.eal.session-9,block-0027,eal,migration-multiple-version-bindings,reasoning,reasoning,False,2,9,recipients,undetermined,undetermined,True,744,0.0001618,3.485539213000038
block-0027.eal.session-10,block-0027,eal,migration-multiple-version-bindings,reasoning,reasoning,False,2,10,recipients,not_ready,not_ready,True,969,0.0002525,4.725745562000043
block-0027.ordinary.session-0,block-0027,ordinary,migration-multiple-version-bindings,reasoning,reasoning,False,2,0,initial,ready,ready,True,2291,0.0002108,2.903240041999993
block-0027.ordinary.session-1,block-0027,ordinary,migration-multiple-version-bindings,reasoning,reasoning,False,2,1,recipients,ready,ready,True,1067,0.0001846,3.4108776140000145
block-0027.ordinary.session-2,block-0027,ordinary,migration-multiple-version-bindings,reasoning,reasoning,False,2,2,recipients,undetermined,ready,False,932,0.00012465,1.7822462009999072
block-0027.ordinary.session-3,block-0027,ordinary,migration-multiple-version-bindings,reasoning,reasoning,False,2,3,recipients,undetermined,ready,False,974,0.0001369,1.9618451669999786
block-0027.ordinary.session-4,block-0027,ordinary,migration-multiple-version-bindings,reasoning,reasoning,False,2,4,recipients,not_ready,ready,False,1020,0.00016055,2.3039056860000073
block-0027.ordinary.session-5,block-0027,ordinary,migration-multiple-version-bindings,reasoning,reasoning,False,2,5,recipients,not_ready,undetermined,False,1272,0.00025715000000000004,3.8527705760000117
block-0027.ordinary.session-6,block-0027,ordinary,migration-multiple-version-bindings,reasoning,reasoning,False,2,6,recipients,ready,undetermined,False,1106,0.00018480000000000002,3.3909030850001045
block-0027.ordinary.session-7,block-0027,ordinary,migration-multiple-version-bindings,reasoning,reasoning,False,2,7,recipients,ready,undetermined,False,1122,0.00017265000000000002,2.5461382869999625
block-0027.ordinary.session-8,block-0027,ordinary,migration-multiple-version-bindings,reasoning,reasoning,False,2,8,recipients,undetermined,undetermined,True,1133,0.00019035000000000002,2.3819208150000577
block-0027.ordinary.session-9,block-0027,ordinary,migration-multiple-version-bindings,reasoning,reasoning,False,2,9,recipients,undetermined,undetermined,True,1073,0.0001709,2.2070318660000794
block-0027.ordinary.session-10,block-0027,ordinary,migration-multiple-version-bindings,reasoning,reasoning,False,2,10,recipients,not_ready,undetermined,False,1254,0.0002419,4.043252991999907
block-0028.eal.session-0,block-0028,eal,dispatch-direct-or-tunnel,reasoning,reasoning,False,0,0,initial,ready,ready,True,817,0.00016125,2.73201085300002
block-0028.eal.session-1,block-0028,eal,dispatch-direct-or-tunnel,reasoning,reasoning,False,0,1,recipients,ready,ready,True,858,0.00021545,3.7089125100000047
block-0028.eal.session-2,block-0028,eal,dispatch-direct-or-tunnel,reasoning,reasoning,False,0,2,recipients,not_ready,not_ready,True,727,0.00016270000000000002,2.674245151999912
block-0028.eal.session-3,block-0028,eal,dispatch-direct-or-tunnel,reasoning,reasoning,False,0,3,recipients,not_ready,not_ready,True,742,0.0001687,3.708579011999973
block-0028.eal.session-4,block-0028,eal,dispatch-direct-or-tunnel,reasoning,reasoning,False,0,4,recipients,ready,ready,True,636,0.00012665000000000002,3.0488156250000884
block-0028.eal.session-5,block-0028,eal,dispatch-direct-or-tunnel,reasoning,reasoning,False,0,5,recipients,ready,ready,True,762,0.00017705000000000002,2.9951810249999653
block-0028.eal.session-6,block-0028,eal,dispatch-direct-or-tunnel,reasoning,reasoning,False,0,6,recipients,undetermined,undetermined,True,686,0.0001456,3.452790805000177
block-0028.eal.session-7,block-0028,eal,dispatch-direct-or-tunnel,reasoning,reasoning,False,0,7,recipients,undetermined,undetermined,True,723,0.0001604,2.620643434000158
block-0028.eal.session-8,block-0028,eal,dispatch-direct-or-tunnel,reasoning,reasoning,False,0,8,recipients,ready,ready,True,663,0.00013744999999999998,2.638161815999865
block-0028.eal.session-9,block-0028,eal,dispatch-direct-or-tunnel,reasoning,reasoning,False,0,9,recipients,ready,ready,True,700,0.00015225,2.8919616880000376
block-0028.eal.session-10,block-0028,eal,dispatch-direct-or-tunnel,reasoning,reasoning,False,0,10,recipients,undetermined,undetermined,True,640,0.00012720000000000003,2.4430811050001466
block-0028.ordinary.session-0,block-0028,ordinary,dispatch-direct-or-tunnel,reasoning,reasoning,False,0,0,initial,ready,ready,True,2631,0.00028555000000000003,3.279229500000156
block-0028.ordinary.session-1,block-0028,ordinary,dispatch-direct-or-tunnel,reasoning,reasoning,False,0,1,recipients,ready,ready,True,1152,0.0001871,2.579506188000096
block-0028.ordinary.session-2,block-0028,ordinary,dispatch-direct-or-tunnel,reasoning,reasoning,False,0,2,recipients,not_ready,undetermined,False,1532,0.00034189999999999996,4.901292651999938
block-0028.ordinary.session-3,block-0028,ordinary,dispatch-direct-or-tunnel,reasoning,reasoning,False,0,3,recipients,not_ready,undetermined,False,1092,0.00016240000000000002,2.4035361530000046
block-0028.ordinary.session-4,block-0028,ordinary,dispatch-direct-or-tunnel,reasoning,reasoning,False,0,4,recipients,ready,undetermined,False,1048,0.00015110000000000001,2.2405939069999476
block-0028.ordinary.session-5,block-0028,ordinary,dispatch-direct-or-tunnel,reasoning,reasoning,False,0,5,recipients,ready,undetermined,False,1049,0.0001508,2.2545108049998817
block-0028.ordinary.session-6,block-0028,ordinary,dispatch-direct-or-tunnel,reasoning,reasoning,False,0,6,recipients,undetermined,undetermined,True,1186,0.00019930000000000002,3.690000128000065
block-0028.ordinary.session-7,block-0028,ordinary,dispatch-direct-or-tunnel,reasoning,reasoning,False,0,7,recipients,undetermined,undetermined,True,1226,0.00020480000000000002,2.7190088529998775
block-0028.ordinary.session-8,block-0028,ordinary,dispatch-direct-or-tunnel,reasoning,reasoning,False,0,8,recipients,ready,undetermined,False,1151,0.0001755,2.7669051379998564
block-0028.ordinary.session-9,block-0028,ordinary,dispatch-direct-or-tunnel,reasoning,reasoning,False,0,9,recipients,ready,undetermined,False,1139,0.00016860000000000003,2.7041124720001335
block-0028.ordinary.session-10,block-0028,ordinary,dispatch-direct-or-tunnel,reasoning,reasoning,False,0,10,recipients,undetermined,undetermined,True,1165,0.00017795000000000002,2.6764535410000008
block-0029.ordinary.session-0,block-0029,ordinary,migration-multiple-version-bindings,plain,plain,True,1,0,initial,ready,ready,True,1893,0.0002145,1.8346541319999687
block-0029.ordinary.session-1,block-0029,ordinary,migration-multiple-version-bindings,plain,plain,True,1,1,recipients,ready,ready,True,2047,0.00022989999999999998,1.7883939289999944
block-0029.ordinary.session-2,block-0029,ordinary,migration-multiple-version-bindings,plain,plain,True,1,2,recipients,undetermined,ready,False,2047,0.00022989999999999998,2.07605502399997
block-0029.ordinary.session-3,block-0029,ordinary,migration-multiple-version-bindings,plain,plain,True,1,3,recipients,undetermined,ready,False,2067,0.00023789999999999998,1.766102141000033
block-0029.ordinary.session-4,block-0029,ordinary,migration-multiple-version-bindings,plain,plain,True,1,4,recipients,not_ready,ready,False,2278,0.0002596,1.7392852219999213
block-0029.ordinary.session-5,block-0029,ordinary,migration-multiple-version-bindings,plain,plain,True,1,5,recipients,not_ready,ready,False,2286,0.0002616,1.6895824870000524
block-0029.ordinary.session-6,block-0029,ordinary,migration-multiple-version-bindings,plain,plain,True,1,6,recipients,ready,ready,True,2382,0.00027210000000000005,2.3187826020000557
block-0029.ordinary.session-7,block-0029,ordinary,migration-multiple-version-bindings,plain,plain,True,1,7,recipients,ready,ready,True,769,0.0001015,1.2741490749999684
block-0029.ordinary.session-8,block-0029,ordinary,migration-multiple-version-bindings,plain,plain,True,1,8,recipients,undetermined,ready,False,2335,0.0002635,1.9523631249999198
block-0029.ordinary.session-9,block-0029,ordinary,migration-multiple-version-bindings,plain,plain,True,1,9,recipients,undetermined,ready,False,2347,0.0002641,1.554936977000125
block-0029.ordinary.session-10,block-0029,ordinary,migration-multiple-version-bindings,plain,plain,True,1,10,recipients,not_ready,not_ready,True,2545,0.0002938,3.286831898999935
block-0029.eal.session-0,block-0029,eal,migration-multiple-version-bindings,plain,plain,True,1,0,initial,ready,ready,True,495,7.410000000000001e-05,1.8984115109999493
block-0029.eal.session-1,block-0029,eal,migration-multiple-version-bindings,plain,plain,True,1,1,recipients,ready,ready,True,1537,0.0001729,2.5502005319999625
block-0029.eal.session-2,block-0029,eal,migration-multiple-version-bindings,plain,plain,True,1,2,recipients,undetermined,undetermined,True,1576,0.0001867,2.4180703399999857
block-0029.eal.session-3,block-0029,eal,migration-multiple-version-bindings,plain,plain,True,1,3,recipients,undetermined,undetermined,True,1575,0.00018630000000000003,2.683073567000065
block-0029.eal.session-4,block-0029,eal,migration-multiple-version-bindings,plain,plain,True,1,4,recipients,not_ready,not_ready,True,1737,0.00020160000000000002,2.928180076000217
block-0029.eal.session-5,block-0029,eal,migration-multiple-version-bindings,plain,plain,True,1,5,recipients,not_ready,not_ready,True,1723,0.000196,1.8409776339999553
block-0029.eal.session-6,block-0029,eal,migration-multiple-version-bindings,plain,plain,True,1,6,recipients,ready,ready,True,1817,0.0002087,2.3041654070000277
block-0029.eal.session-7,block-0029,eal,migration-multiple-version-bindings,plain,plain,True,1,7,recipients,ready,ready,True,1811,0.00020630000000000003,3.739774660999956
block-0029.eal.session-8,block-0029,eal,migration-multiple-version-bindings,plain,plain,True,1,8,recipients,undetermined,undetermined,True,1860,0.00022410000000000003,2.8842902260000756
block-0029.eal.session-9,block-0029,eal,migration-multiple-version-bindings,plain,plain,True,1,9,recipients,undetermined,undetermined,True,1815,0.00020610000000000002,1.989743227999952
block-0029.eal.session-10,block-0029,eal,migration-multiple-version-bindings,plain,plain,True,1,10,recipients,not_ready,not_ready,True,1963,0.00021580000000000001,2.3492562530000214
block-0030.eal.session-0,block-0030,eal,database-alternative-read-routes,plain,reasoning,True,1,0,initial,ready,ready,True,1574,0.0001847,2.976155676000076
block-0030.eal.session-1,block-0030,eal,database-alternative-read-routes,plain,reasoning,True,1,1,recipients,ready,ready,True,691,0.00010910000000000001,2.3862102699999923
block-0030.eal.session-2,block-0030,eal,database-alternative-read-routes,plain,reasoning,True,1,2,recipients,ready,ready,True,676,0.00010310000000000001,2.1443473909999966
block-0030.eal.session-3,block-0030,eal,database-alternative-read-routes,plain,reasoning,True,1,3,recipients,ready,ready,True,730,0.00012470000000000002,2.177078473999927
block-0030.eal.session-4,block-0030,eal,database-alternative-read-routes,plain,reasoning,True,1,4,recipients,not_ready,not_ready,True,842,0.00016915000000000005,2.7003409220000094
block-0030.eal.session-5,block-0030,eal,database-alternative-read-routes,plain,reasoning,True,1,5,recipients,not_ready,not_ready,True,891,0.00018875,4.022965964000036
block-0030.eal.session-6,block-0030,eal,database-alternative-read-routes,plain,reasoning,True,1,6,recipients,undetermined,undetermined,True,764,0.00013725,2.58144608300006
block-0030.eal.session-7,block-0030,eal,database-alternative-read-routes,plain,reasoning,True,1,7,recipients,undetermined,undetermined,True,843,0.00016885,3.08470953799997
block-0030.eal.session-8,block-0030,eal,database-alternative-read-routes,plain,reasoning,True,1,8,recipients,ready,ready,True,775,0.00014270000000000003,2.4684163809999973
block-0030.eal.session-9,block-0030,eal,database-alternative-read-routes,plain,reasoning,True,1,9,recipients,ready,ready,True,759,0.0001363,2.3782618569998704
block-0030.eal.session-10,block-0030,eal,database-alternative-read-routes,plain,reasoning,True,1,10,recipients,undetermined,undetermined,True,902,0.00019245000000000002,7.497884565000049
block-0030.ordinary.session-0,block-0030,ordinary,database-alternative-read-routes,plain,reasoning,True,1,0,initial,ready,ambiguous,,2147,0.00025610000000000005,2.125725611000007
block-0030.ordinary.session-1,block-0030,ordinary,database-alternative-read-routes,plain,reasoning,True,1,1,recipients,ready,ready,True,1289,0.00021040000000000002,2.489015311000003
block-0030.ordinary.session-2,block-0030,ordinary,database-alternative-read-routes,plain,reasoning,True,1,2,recipients,ready,ready,True,1211,0.000189,2.6269644840001547
block-0030.ordinary.session-3,block-0030,ordinary,database-alternative-read-routes,plain,reasoning,True,1,3,recipients,ready,ready,True,1221,0.0001895,2.465240510000058
block-0030.ordinary.session-4,block-0030,ordinary,database-alternative-read-routes,plain,reasoning,True,1,4,recipients,not_ready,ready,False,1130,0.00014925,1.901594280999916
block-0030.ordinary.session-5,block-0030,ordinary,database-alternative-read-routes,plain,reasoning,True,1,5,recipients,not_ready,ready,False,1242,0.00019650000000000003,2.4714458979999563
block-0030.ordinary.session-6,block-0030,ordinary,database-alternative-read-routes,plain,reasoning,True,1,6,recipients,undetermined,ready,False,1052,0.00011980000000000001,1.695312832000127
block-0030.ordinary.session-7,block-0030,ordinary,database-alternative-read-routes,plain,reasoning,True,1,7,recipients,undetermined,ready,False,1444,0.00028290000000000005,3.5261648680000235
block-0030.ordinary.session-8,block-0030,ordinary,database-alternative-read-routes,plain,reasoning,True,1,8,recipients,ready,ready,True,1112,0.0001452,2.0256584119999843
block-0030.ordinary.session-9,block-0030,ordinary,database-alternative-read-routes,plain,reasoning,True,1,9,recipients,ready,ready,True,1076,0.00012695000000000002,1.6844314239999676
block-0030.ordinary.session-10,block-0030,ordinary,database-alternative-read-routes,plain,reasoning,True,1,10,recipients,undetermined,ready,False,1383,0.00024905,3.5300427320000836
block-0031.eal.session-0,block-0031,eal,database-alternative-read-routes,reasoning,plain,True,3,0,initial,ready,ready,True,798,0.0001519,2.8662899980000702
block-0031.eal.session-1,block-0031,eal,database-alternative-read-routes,reasoning,plain,True,3,1,recipients,ready,ready,True,1562,0.00017989999999999998,1.860265045999995
block-0031.eal.session-2,block-0031,eal,database-alternative-read-routes,reasoning,plain,True,3,2,recipients,ready,ready,True,458,6.38e-05,1.6177705959999003
block-0031.eal.session-3,block-0031,eal,database-alternative-read-routes,reasoning,plain,True,3,3,recipients,ready,ready,True,1750,0.0002008,2.9721000199999708
block-0031.eal.session-4,block-0031,eal,database-alternative-read-routes,reasoning,plain,True,3,4,recipients,not_ready,not_ready,True,1886,0.00021740000000000003,2.6288909300000114
block-0031.eal.session-5,block-0031,eal,database-alternative-read-routes,reasoning,plain,True,3,5,recipients,not_ready,not_ready,True,1887,0.00021779999999999998,2.6889823230000047
block-0031.eal.session-6,block-0031,eal,database-alternative-read-routes,reasoning,plain,True,3,6,recipients,undetermined,undetermined,True,1731,0.000192,1.9312169600000288
block-0031.eal.session-7,block-0031,eal,database-alternative-read-routes,reasoning,plain,True,3,7,recipients,undetermined,undetermined,True,1732,0.00019240000000000001,2.324122983000052
block-0031.eal.session-8,block-0031,eal,database-alternative-read-routes,reasoning,plain,True,3,8,recipients,ready,ready,True,475,7.060000000000001e-05,2.4534241640001255
block-0031.eal.session-9,block-0031,eal,database-alternative-read-routes,reasoning,plain,True,3,9,recipients,ready,ready,True,1899,0.00020669999999999998,2.307424697999977
block-0031.eal.session-10,block-0031,eal,database-alternative-read-routes,reasoning,plain,True,3,10,recipients,undetermined,undetermined,True,1933,0.00021820000000000002,2.105751469000097
block-0031.ordinary.session-0,block-0031,ordinary,database-alternative-read-routes,reasoning,plain,True,3,0,initial,ready,ready,True,2539,0.0002351,2.7437821749999785
block-0031.ordinary.session-1,block-0031,ordinary,database-alternative-read-routes,reasoning,plain,True,3,1,recipients,ready,ready,True,911,0.00012470000000000002,2.0136131609999666
block-0031.ordinary.session-2,block-0031,ordinary,database-alternative-read-routes,reasoning,plain,True,3,2,recipients,ready,ready,True,857,0.0001097,1.3424109930001578
block-0031.ordinary.session-3,block-0031,ordinary,database-alternative-read-routes,reasoning,plain,True,3,3,recipients,ready,ready,True,2467,0.0002794,2.4958845149999433
block-0031.ordinary.session-4,block-0031,ordinary,database-alternative-read-routes,reasoning,plain,True,3,4,recipients,not_ready,ready,False,847,0.0001099,2.1370213939999303
block-0031.ordinary.session-5,block-0031,ordinary,database-alternative-read-routes,reasoning,plain,True,3,5,recipients,not_ready,not_ready,True,2622,0.00030180000000000007,2.6318976640000074
block-0031.ordinary.session-6,block-0031,ordinary,database-alternative-read-routes,reasoning,plain,True,3,6,recipients,undetermined,not_ready,False,2545,0.000286,2.023631481999928
block-0031.ordinary.session-7,block-0031,ordinary,database-alternative-read-routes,reasoning,plain,True,3,7,recipients,undetermined,not_ready,False,2479,0.0002764,2.1151552020000963
block-0031.ordinary.session-8,block-0031,ordinary,database-alternative-read-routes,reasoning,plain,True,3,8,recipients,ready,not_ready,False,2651,0.00029690000000000006,2.438604931999862
block-0031.ordinary.session-9,block-0031,ordinary,database-alternative-read-routes,reasoning,plain,True,3,9,recipients,ready,not_ready,False,2662,0.0002947,2.0697593940001298
block-0031.ordinary.session-10,block-0031,ordinary,database-alternative-read-routes,reasoning,plain,True,3,10,recipients,undetermined,not_ready,False,2641,0.0002926,2.96917462600004
block-0032.ordinary.session-0,block-0032,ordinary,firmware-selective-applicability,plain,plain,True,1,0,initial,ready,ready,True,1884,0.00021690000000000001,3.0837364500000604
block-0032.ordinary.session-1,block-0032,ordinary,firmware-selective-applicability,plain,plain,True,1,1,recipients,ready,ready,True,2046,0.0002289,2.2276787749999585
block-0032.ordinary.session-2,block-0032,ordinary,firmware-selective-applicability,plain,plain,True,1,2,recipients,undetermined,ready,False,2020,0.00022690000000000004,1.9293644909998875
block-0032.ordinary.session-3,block-0032,ordinary,firmware-selective-applicability,plain,plain,True,1,3,recipients,undetermined,ready,False,2027,0.00022850000000000002,3.109814882999899
block-0032.ordinary.session-4,block-0032,ordinary,firmware-selective-applicability,plain,plain,True,1,4,recipients,not_ready,not_ready,True,2169,0.0002574,3.606358302999979
block-0032.ordinary.session-5,block-0032,ordinary,firmware-selective-applicability,plain,plain,True,1,5,recipients,not_ready,not_ready,True,2235,0.00025440000000000006,2.118868682000084
block-0032.ordinary.session-6,block-0032,ordinary,firmware-selective-applicability,plain,plain,True,1,6,recipients,ready,not_ready,False,2361,0.0002721,3.6761015300000963
block-0032.ordinary.session-7,block-0032,ordinary,firmware-selective-applicability,plain,plain,True,1,7,recipients,ready,not_ready,False,2395,0.00027550000000000003,3.4122318259999247
block-0032.ordinary.session-8,block-0032,ordinary,firmware-selective-applicability,plain,plain,True,1,8,recipients,undetermined,not_ready,False,2407,0.00028030000000000004,3.3316753569999946
block-0032.ordinary.session-9,block-0032,ordinary,firmware-selective-applicability,plain,plain,True,1,9,recipients,undetermined,not_ready,False,2431,0.00028270000000000004,3.3797728930001085
block-0032.ordinary.session-10,block-0032,ordinary,firmware-selective-applicability,plain,plain,True,1,10,recipients,ready,not_ready,False,2602,0.00029890000000000006,2.935646520000091
block-0032.eal.session-0,block-0032,eal,firmware-selective-applicability,plain,plain,True,1,0,initial,ready,ready,True,1532,0.00017150000000000002,2.401181738000105
block-0032.eal.session-1,block-0032,eal,firmware-selective-applicability,plain,plain,True,1,1,recipients,ready,ready,True,1530,0.0001707,2.2987384640000528
block-0032.eal.session-2,block-0032,eal,firmware-selective-applicability,plain,plain,True,1,2,recipients,undetermined,ready,False,1556,0.00017930000000000002,3.387743670999953
block-0032.eal.session-3,block-0032,eal,firmware-selective-applicability,plain,plain,True,1,3,recipients,undetermined,undetermined,True,1581,0.00018930000000000002,3.891377213999931
block-0032.eal.session-4,block-0032,eal,firmware-selective-applicability,plain,plain,True,1,4,recipients,not_ready,not_ready,True,1626,0.00018240000000000002,2.813620705999938
block-0032.eal.session-5,block-0032,eal,firmware-selective-applicability,plain,plain,True,1,5,recipients,not_ready,not_ready,True,1651,0.00019240000000000001,2.8283042139998997
block-0032.eal.session-6,block-0032,eal,firmware-selective-applicability,plain,plain,True,1,6,recipients,ready,ready,True,1794,0.00019830000000000002,2.596768615999963
block-0032.eal.session-7,block-0032,eal,firmware-selective-applicability,plain,plain,True,1,7,recipients,ready,ready,True,1801,0.0002011,2.5337267299998985
block-0032.eal.session-8,block-0032,eal,firmware-selective-applicability,plain,plain,True,1,8,recipients,undetermined,undetermined,True,1831,0.0002113,2.545876713000098
block-0032.eal.session-9,block-0032,eal,firmware-selective-applicability,plain,plain,True,1,9,recipients,undetermined,undetermined,True,1830,0.0002109,3.0616866459999983
block-0032.eal.session-10,block-0032,eal,firmware-selective-applicability,plain,plain,True,1,10,recipients,ready,ready,True,1960,0.00021250000000000002,2.5482057980000263
block-0033.eal.session-0,block-0033,eal,migration-cutover-obligations,plain,reasoning,True,2,0,initial,ready,ready,True,1414,0.0001618,2.5623872950000077
block-0033.eal.session-1,block-0033,eal,migration-cutover-obligations,plain,reasoning,True,2,1,recipients,ready,ready,True,812,0.00015995,3.224443486999917
block-0033.eal.session-2,block-0033,eal,migration-cutover-obligations,plain,reasoning,True,2,2,recipients,not_ready,not_ready,True,896,0.0001932,3.209593003000009
block-0033.eal.session-3,block-0033,eal,migration-cutover-obligations,plain,reasoning,True,2,3,recipients,not_ready,not_ready,True,751,0.0001352,2.763919642000019
block-0033.eal.session-4,block-0033,eal,migration-cutover-obligations,plain,reasoning,True,2,4,recipients,undetermined,undetermined,True,686,0.00010850000000000001,2.471097061000137
block-0033.eal.session-5,block-0033,eal,migration-cutover-obligations,plain,reasoning,True,2,5,recipients,undetermined,undetermined,True,777,0.0001449,2.338365739999972
block-0033.eal.session-6,block-0033,eal,migration-cutover-obligations,plain,reasoning,True,2,6,recipients,ready,ready,True,891,0.00019155000000000002,4.146220482999979
block-0033.eal.session-7,block-0033,eal,migration-cutover-obligations,plain,reasoning,True,2,7,recipients,ready,ready,True,732,0.00012795,2.2044650679999904
block-0033.eal.session-8,block-0033,eal,migration-cutover-obligations,plain,reasoning,True,2,8,recipients,not_ready,not_ready,True,902,0.00019559999999999998,3.6092228249999607
block-0033.eal.session-9,block-0033,eal,migration-cutover-obligations,plain,reasoning,True,2,9,recipients,not_ready,not_ready,True,812,0.0001596,2.5190059860001384
block-0033.eal.session-10,block-0033,eal,migration-cutover-obligations,plain,reasoning,True,2,10,recipients,ready,ready,True,713,0.00012035000000000001,2.2102013510000234
block-0033.ordinary.session-0,block-0033,ordinary,migration-cutover-obligations,plain,reasoning,True,2,0,initial,ready,ready,True,1780,0.0002062,2.669023030999824
block-0033.ordinary.session-1,block-0033,ordinary,migration-cutover-obligations,plain,reasoning,True,2,1,recipients,ready,ready,True,2664,0.00031065,4.627170251000052
block-0033.ordinary.session-2,block-0033,ordinary,migration-cutover-obligations,plain,reasoning,True,2,2,recipients,not_ready,ready,False,1337,0.00024990000000000006,3.212961044999929
block-0033.ordinary.session-3,block-0033,ordinary,migration-cutover-obligations,plain,reasoning,True,2,3,recipients,not_ready,ready,False,1499,0.00030735,3.925626593000061
block-0033.ordinary.session-4,block-0033,ordinary,migration-cutover-obligations,plain,reasoning,True,2,4,recipients,undetermined,undetermined,True,2002,0.0005222,6.465595008000037
block-0033.ordinary.session-5,block-0033,ordinary,migration-cutover-obligations,plain,reasoning,True,2,5,recipients,undetermined,undetermined,True,1323,0.00024675,2.9551177630000893
block-0033.ordinary.session-6,block-0033,ordinary,migration-cutover-obligations,plain,reasoning,True,2,6,recipients,ready,undetermined,False,1307,0.0002323,3.8329451009999502
block-0033.ordinary.session-7,block-0033,ordinary,migration-cutover-obligations,plain,reasoning,True,2,7,recipients,ready,undetermined,False,1414,0.0002751,3.6423902579999776
block-0033.ordinary.session-8,block-0033,ordinary,migration-cutover-obligations,plain,reasoning,True,2,8,recipients,not_ready,ready,False,3239,0.00042445,4.742213500999924
block-0033.ordinary.session-9,block-0033,ordinary,migration-cutover-obligations,plain,reasoning,True,2,9,recipients,not_ready,ready,False,1059,0.00014255000000000002,1.9850285040001836
block-0033.ordinary.session-10,block-0033,ordinary,migration-cutover-obligations,plain,reasoning,True,2,10,recipients,ready,undetermined,False,1347,0.00026230000000000003,3.219056636000005
block-0034.eal.session-0,block-0034,eal,release-three-obligations,plain,plain,False,3,0,initial,ready,ready,True,1362,0.0001554,2.321806555999956
block-0034.eal.session-1,block-0034,eal,release-three-obligations,plain,plain,False,3,1,recipients,ready,ready,True,412,6.25e-05,1.519650560999935
block-0034.eal.session-2,block-0034,eal,release-three-obligations,plain,plain,False,3,2,recipients,not_ready,not_ready,True,440,7.340000000000001e-05,1.4423339750001105
block-0034.eal.session-3,block-0034,eal,release-three-obligations,plain,plain,False,3,3,recipients,not_ready,not_ready,True,424,6.7e-05,1.4543015929998546
block-0034.eal.session-4,block-0034,eal,release-three-obligations,plain,plain,False,3,4,recipients,undetermined,undetermined,True,442,7.36e-05,2.3387017360000755
block-0034.eal.session-5,block-0034,eal,release-three-obligations,plain,plain,False,3,5,recipients,undetermined,undetermined,True,437,7.159999999999999e-05,3.413133343000027
block-0034.eal.session-6,block-0034,eal,release-three-obligations,plain,plain,False,3,6,recipients,ready,ready,True,426,6.809999999999999e-05,2.230004964000045
block-0034.eal.session-7,block-0034,eal,release-three-obligations,plain,plain,False,3,7,recipients,ready,ready,True,407,6.05e-05,1.8930738820001807
block-0034.eal.session-8,block-0034,eal,release-three-obligations,plain,plain,False,3,8,recipients,undetermined,undetermined,True,420,6.48e-05,2.0874680920001083
block-0034.eal.session-9,block-0034,eal,release-three-obligations,plain,plain,False,3,9,recipients,undetermined,undetermined,True,433,7e-05,2.2786210530000517
block-0034.eal.session-10,block-0034,eal,release-three-obligations,plain,plain,False,3,10,recipients,not_ready,not_ready,True,452,7.82e-05,2.612838331000148
block-0034.ordinary.session-0,block-0034,ordinary,release-three-obligations,plain,plain,False,3,0,initial,ready,ready,True,1724,0.0001964,2.4382196709998425
block-0034.ordinary.session-1,block-0034,ordinary,release-three-obligations,plain,plain,False,3,1,recipients,ready,ready,True,664,8.95e-05,1.772599727999932
block-0034.ordinary.session-2,block-0034,ordinary,release-three-obligations,plain,plain,False,3,2,recipients,not_ready,ready,False,698,0.0001004,2.632290704999832
block-0034.ordinary.session-3,block-0034,ordinary,release-three-obligations,plain,plain,False,3,3,recipients,not_ready,ready,False,711,9.81e-05,2.2578569419999894
block-0034.ordinary.session-4,block-0034,ordinary,release-three-obligations,plain,plain,False,3,4,recipients,undetermined,ready,False,699,9.690000000000001e-05,2.946310650999976
block-0034.ordinary.session-5,block-0034,ordinary,release-three-obligations,plain,plain,False,3,5,recipients,undetermined,ready,False,713,0.0001025,1.8097039700001005
block-0034.ordinary.session-6,block-0034,ordinary,release-three-obligations,plain,plain,False,3,6,recipients,ready,ready,True,744,0.0001089,3.4370324540000183
block-0034.ordinary.session-7,block-0034,ordinary,release-three-obligations,plain,plain,False,3,7,recipients,ready,ready,True,756,0.0001104,1.639312701000108
block-0034.ordinary.session-8,block-0034,ordinary,release-three-obligations,plain,plain,False,3,8,recipients,undetermined,ready,False,762,0.00011250000000000001,1.8478087870000763
block-0034.ordinary.session-9,block-0034,ordinary,release-three-obligations,plain,plain,False,3,9,recipients,undetermined,ready,False,762,0.00011100000000000001,3.156040497000049
block-0034.ordinary.session-10,block-0034,ordinary,release-three-obligations,plain,plain,False,3,10,recipients,not_ready,ready,False,754,0.0001096,3.58678258000009
block-0035.eal.session-0,block-0035,eal,dispatch-direct-or-tunnel,plain,reasoning,False,1,0,initial,ready,ready,True,1540,0.00017500000000000003,2.9412315370000215
block-0035.eal.session-1,block-0035,eal,dispatch-direct-or-tunnel,plain,reasoning,False,1,1,recipients,ready,ready,True,607,0.00011505,2.14496006499985
block-0035.eal.session-2,block-0035,eal,dispatch-direct-or-tunnel,plain,reasoning,False,1,2,recipients,not_ready,not_ready,True,757,0.00017470000000000002,2.9876207449999583
block-0035.eal.session-3,block-0035,eal,dispatch-direct-or-tunnel,plain,reasoning,False,1,3,recipients,not_ready,not_ready,True,801,0.0001923,4.33314293799981
block-0035.eal.session-4,block-0035,eal,dispatch-direct-or-tunnel,plain,reasoning,False,1,4,recipients,ready,ready,True,637,0.00012705,3.1814695649998157
block-0035.eal.session-5,block-0035,eal,dispatch-direct-or-tunnel,plain,reasoning,False,1,5,recipients,ready,ready,True,628,0.00012345,2.301893211000106
block-0035.eal.session-6,block-0035,eal,dispatch-direct-or-tunnel,plain,reasoning,False,1,6,recipients,undetermined,undetermined,True,751,0.00017160000000000002,4.013098875999958
block-0035.eal.session-7,block-0035,eal,dispatch-direct-or-tunnel,plain,reasoning,False,1,7,recipients,undetermined,undetermined,True,717,0.000158,3.5184368780001023
block-0035.eal.session-8,block-0035,eal,dispatch-direct-or-tunnel,plain,reasoning,False,1,8,recipients,ready,ready,True,626,0.00012265,2.4496887640000296
block-0035.eal.session-9,block-0035,eal,dispatch-direct-or-tunnel,plain,reasoning,False,1,9,recipients,ready,ready,True,649,0.00013185000000000003,2.4219302880001123
block-0035.eal.session-10,block-0035,eal,dispatch-direct-or-tunnel,plain,reasoning,False,1,10,recipients,undetermined,undetermined,True,607,0.00011400000000000002,2.397176314000035
block-0035.ordinary.session-0,block-0035,ordinary,dispatch-direct-or-tunnel,plain,reasoning,False,1,0,initial,ready,ready,True,2114,0.0002522,3.561059099999966
block-0035.ordinary.session-1,block-0035,ordinary,dispatch-direct-or-tunnel,plain,reasoning,False,1,1,recipients,ready,ready,True,1272,0.00024490000000000004,4.118679004000114
block-0035.ordinary.session-2,block-0035,ordinary,dispatch-direct-or-tunnel,plain,reasoning,False,1,2,recipients,not_ready,ready,False,935,0.0001304,2.3269829270000173
block-0035.ordinary.session-3,block-0035,ordinary,dispatch-direct-or-tunnel,plain,reasoning,False,1,3,recipients,not_ready,ready,False,1075,0.0001773,2.763398296999867
block-0035.ordinary.session-4,block-0035,ordinary,dispatch-direct-or-tunnel,plain,reasoning,False,1,4,recipients,ready,ready,True,1049,0.0001599,2.4416883819999384
block-0035.ordinary.session-5,block-0035,ordinary,dispatch-direct-or-tunnel,plain,reasoning,False,1,5,recipients,ready,ready,True,976,0.0001335,2.133148447999929
block-0035.ordinary.session-6,block-0035,ordinary,dispatch-direct-or-tunnel,plain,reasoning,False,1,6,recipients,undetermined,ready,False,1110,0.0001808,3.327678700999968
block-0035.ordinary.session-7,block-0035,ordinary,dispatch-direct-or-tunnel,plain,reasoning,False,1,7,recipients,undetermined,ready,False,986,0.00013155,2.046720137000193
block-0035.ordinary.session-8,block-0035,ordinary,dispatch-direct-or-tunnel,plain,reasoning,False,1,8,recipients,ready,ready,True,1173,0.00020425,3.3247327250001035
block-0035.ordinary.session-9,block-0035,ordinary,dispatch-direct-or-tunnel,plain,reasoning,False,1,9,recipients,ready,ready,True,1035,0.00016270000000000002,2.6122125179999784
block-0035.ordinary.session-10,block-0035,ordinary,dispatch-direct-or-tunnel,plain,reasoning,False,1,10,recipients,undetermined,ready,False,1063,0.0001739,2.4161842190001153
block-0036.ordinary.session-0,block-0036,ordinary,firmware-selective-applicability,reasoning,reasoning,True,0,0,initial,ready,ready,True,2301,0.0002218,3.1248188970000683
block-0036.ordinary.session-1,block-0036,ordinary,firmware-selective-applicability,reasoning,reasoning,True,0,1,recipients,ready,ready,True,1253,0.00021140000000000002,2.9136421870000504
block-0036.ordinary.session-2,block-0036,ordinary,firmware-selective-applicability,reasoning,reasoning,True,0,2,recipients,undetermined,ready,False,1076,0.0001504,1.8888352849999137
block-0036.ordinary.session-3,block-0036,ordinary,firmware-selective-applicability,reasoning,reasoning,True,0,3,recipients,undetermined,ready,False,1183,0.0002065,3.0895373639998525
block-0036.ordinary.session-4,block-0036,ordinary,firmware-selective-applicability,reasoning,reasoning,True,0,4,recipients,not_ready,ready,False,1058,0.00014215,1.9164778130000286
block-0036.ordinary.session-5,block-0036,ordinary,firmware-selective-applicability,reasoning,reasoning,True,0,5,recipients,not_ready,not_ready,True,2974,0.00034470000000000003,4.034341744999892
block-0036.ordinary.session-6,block-0036,ordinary,firmware-selective-applicability,reasoning,reasoning,True,0,6,recipients,ready,not_ready,False,1131,0.00017205,2.079567897999823
block-0036.ordinary.session-7,block-0036,ordinary,firmware-selective-applicability,reasoning,reasoning,True,0,7,recipients,ready,not_ready,False,1227,0.00021465000000000004,4.070981329999995
block-0036.ordinary.session-8,block-0036,ordinary,firmware-selective-applicability,reasoning,reasoning,True,0,8,recipients,undetermined,ready,False,3384,0.00045410000000000003,5.649846772000046
block-0036.ordinary.session-9,block-0036,ordinary,firmware-selective-applicability,reasoning,reasoning,True,0,9,recipients,undetermined,ready,False,1122,0.00017055,2.304349450000018
block-0036.ordinary.session-10,block-0036,ordinary,firmware-selective-applicability,reasoning,reasoning,True,0,10,recipients,ready,ready,True,3802,0.0004848000000000001,5.7521329190001325
block-0036.eal.session-0,block-0036,eal,firmware-selective-applicability,reasoning,reasoning,True,0,0,initial,ready,ready,True,774,0.00013705000000000002,3.015501032999964
block-0036.eal.session-1,block-0036,eal,firmware-selective-applicability,reasoning,reasoning,True,0,1,recipients,ready,ready,True,735,0.00012145000000000001,2.5080531090000022
block-0036.eal.session-2,block-0036,eal,firmware-selective-applicability,reasoning,reasoning,True,0,2,recipients,undetermined,undetermined,True,895,0.00018440000000000004,3.0059842140001365
block-0036.eal.session-3,block-0036,eal,firmware-selective-applicability,reasoning,reasoning,True,0,3,recipients,undetermined,undetermined,True,779,0.000138,2.664705093999828
block-0036.eal.session-4,block-0036,eal,firmware-selective-applicability,reasoning,reasoning,True,0,4,recipients,not_ready,not_ready,True,791,0.0001435,2.6304466460001095
block-0036.eal.session-5,block-0036,eal,firmware-selective-applicability,reasoning,reasoning,True,0,5,recipients,not_ready,not_ready,True,777,0.00013790000000000002,2.2221401360000073
block-0036.eal.session-6,block-0036,eal,firmware-selective-applicability,reasoning,reasoning,True,0,6,recipients,ready,ready,True,764,0.00013305,2.383646509999835
block-0036.eal.session-7,block-0036,eal,firmware-selective-applicability,reasoning,reasoning,True,0,7,recipients,ready,ready,True,740,0.00012345000000000002,2.0482346029998553
block-0036.eal.session-8,block-0036,eal,firmware-selective-applicability,reasoning,reasoning,True,0,8,recipients,undetermined,not_ready,False,2663,0.00038585000000000003,5.030800519000195
block-0036.eal.session-9,block-0036,eal,firmware-selective-applicability,reasoning,reasoning,True,0,9,recipients,undetermined,undetermined,True,864,0.00017200000000000003,2.9168056609998985
block-0036.eal.session-10,block-0036,eal,firmware-selective-applicability,reasoning,reasoning,True,0,10,recipients,ready,ready,True,866,0.00017385000000000002,2.817068873000153
block-0037.ordinary.session-0,block-0037,ordinary,migration-multiple-version-bindings,plain,reasoning,True,0,0,initial,ready,ready,True,1894,0.00021490000000000002,2.094662686999982
block-0037.ordinary.session-1,block-0037,ordinary,migration-multiple-version-bindings,plain,reasoning,True,0,1,recipients,ready,ready,True,1001,0.00014175,1.7977923930000088
block-0037.ordinary.session-2,block-0037,ordinary,migration-multiple-version-bindings,plain,reasoning,True,0,2,recipients,undetermined,ready,False,1046,0.00013560000000000002,1.889640553999925
block-0037.ordinary.session-3,block-0037,ordinary,migration-multiple-version-bindings,plain,reasoning,True,0,3,recipients,undetermined,ready,False,1038,0.00013169999999999998,1.6883747790000143
block-0037.ordinary.session-4,block-0037,ordinary,migration-multiple-version-bindings,plain,reasoning,True,0,4,recipients,not_ready,ready,False,1087,0.00015130000000000002,1.9649329359999683
block-0037.ordinary.session-5,block-0037,ordinary,migration-multiple-version-bindings,plain,reasoning,True,0,5,recipients,not_ready,ready,False,1139,0.00017525000000000003,2.4938043540000763
block-0037.ordinary.session-6,block-0037,ordinary,migration-multiple-version-bindings,plain,reasoning,True,0,6,recipients,ready,ready,True,1099,0.00016205,1.9833295380001346
block-0037.ordinary.session-7,block-0037,ordinary,migration-multiple-version-bindings,plain,reasoning,True,0,7,recipients,ready,ready,True,1113,0.00014945,4.097792439999921
block-0037.ordinary.session-8,block-0037,ordinary,migration-multiple-version-bindings,plain,reasoning,True,0,8,recipients,undetermined,ready,False,1114,0.0001572,2.180547381999986
block-0037.ordinary.session-9,block-0037,ordinary,migration-multiple-version-bindings,plain,reasoning,True,0,9,recipients,undetermined,ready,False,1105,0.00015745,1.9594313000000056
block-0037.ordinary.session-10,block-0037,ordinary,migration-multiple-version-bindings,plain,reasoning,True,0,10,recipients,not_ready,ready,False,1098,0.0001529,1.8547281379999276
block-0037.eal.session-0,block-0037,eal,migration-multiple-version-bindings,plain,reasoning,True,0,0,initial,ready,ready,True,495,7.410000000000001e-05,1.749184108999998
block-0037.eal.session-1,block-0037,eal,migration-multiple-version-bindings,plain,reasoning,True,0,1,recipients,ready,ready,True,942,0.00020425000000000003,4.678025918999992
block-0037.eal.session-2,block-0037,eal,migration-multiple-version-bindings,plain,reasoning,True,0,2,recipients,undetermined,undetermined,True,748,0.00012560000000000002,2.506827150000163
block-0037.eal.session-3,block-0037,eal,migration-multiple-version-bindings,plain,reasoning,True,0,3,recipients,undetermined,undetermined,True,773,0.00013560000000000002,3.279420289999962
block-0037.eal.session-4,block-0037,eal,migration-multiple-version-bindings,plain,reasoning,True,0,4,recipients,not_ready,not_ready,True,909,0.0001907,3.0705172759999186
block-0037.eal.session-5,block-0037,eal,migration-multiple-version-bindings,plain,reasoning,True,0,5,recipients,not_ready,not_ready,True,887,0.00018190000000000003,3.27891455200006
block-0037.eal.session-6,block-0037,eal,migration-multiple-version-bindings,plain,reasoning,True,0,6,recipients,ready,ready,True,742,0.00012425,2.6350942110000233
block-0037.eal.session-7,block-0037,eal,migration-multiple-version-bindings,plain,reasoning,True,0,7,recipients,ready,ready,True,767,0.00013425,2.251369360999888
block-0037.eal.session-8,block-0037,eal,migration-multiple-version-bindings,plain,reasoning,True,0,8,recipients,undetermined,undetermined,True,768,0.00013360000000000002,2.5381027939999967
block-0037.eal.session-9,block-0037,eal,migration-multiple-version-bindings,plain,reasoning,True,0,9,recipients,undetermined,undetermined,True,753,0.0001276,2.175758488999918
block-0037.eal.session-10,block-0037,eal,migration-multiple-version-bindings,plain,reasoning,True,0,10,recipients,not_ready,not_ready,True,729,0.0001187,2.368963306999831
block-0038.eal.session-0,block-0038,eal,dispatch-direct-or-tunnel,plain,reasoning,True,2,0,initial,ready,ready,True,1531,0.00017140000000000002,2.792746088000058
block-0038.eal.session-1,block-0038,eal,dispatch-direct-or-tunnel,plain,reasoning,True,2,1,recipients,ready,ready,True,900,0.00019445,3.3596572129999913
block-0038.eal.session-2,block-0038,eal,dispatch-direct-or-tunnel,plain,reasoning,True,2,2,recipients,not_ready,not_ready,True,917,0.00020090000000000003,3.0740492700001596
block-0038.eal.session-3,block-0038,eal,dispatch-direct-or-tunnel,plain,reasoning,True,2,3,recipients,not_ready,not_ready,True,843,0.00017130000000000002,2.8974108810000416
block-0038.eal.session-4,block-0038,eal,dispatch-direct-or-tunnel,plain,reasoning,True,2,4,recipients,ready,ready,True,707,0.00011725000000000002,2.4526750550000997
block-0038.eal.session-5,block-0038,eal,dispatch-direct-or-tunnel,plain,reasoning,True,2,5,recipients,ready,ready,True,731,0.00012685000000000002,3.3858724100000472
block-0038.eal.session-6,block-0038,eal,dispatch-direct-or-tunnel,plain,reasoning,True,2,6,recipients,undetermined,undetermined,True,843,0.00017060000000000003,2.8987194829999225
block-0038.eal.session-7,block-0038,eal,dispatch-direct-or-tunnel,plain,reasoning,True,2,7,recipients,undetermined,undetermined,True,936,0.0002078,3.0185486010000204
block-0038.eal.session-8,block-0038,eal,dispatch-direct-or-tunnel,plain,reasoning,True,2,8,recipients,ready,ready,True,745,0.00013245000000000002,2.522164263999912
block-0038.eal.session-9,block-0038,eal,dispatch-direct-or-tunnel,plain,reasoning,True,2,9,recipients,ready,ready,True,760,0.00013845,2.677060008000126
block-0038.eal.session-10,block-0038,eal,dispatch-direct-or-tunnel,plain,reasoning,True,2,10,recipients,undetermined,undetermined,True,813,0.00015860000000000003,2.6695053250000456
block-0038.ordinary.session-0,block-0038,ordinary,dispatch-direct-or-tunnel,plain,reasoning,True,2,0,initial,ready,ready,True,2127,0.0002574,3.0415028190000157
block-0038.ordinary.session-1,block-0038,ordinary,dispatch-direct-or-tunnel,plain,reasoning,True,2,1,recipients,ready,ready,True,1260,0.00019740000000000003,2.463643248999915
block-0038.ordinary.session-2,block-0038,ordinary,dispatch-direct-or-tunnel,plain,reasoning,True,2,2,recipients,not_ready,not_ready,True,3956,0.0006395000000000001,7.763368804000038
block-0038.ordinary.session-3,block-0038,ordinary,dispatch-direct-or-tunnel,plain,reasoning,True,2,3,recipients,not_ready,not_ready,True,1278,0.00017380000000000002,2.4017680209999526
block-0038.ordinary.session-4,block-0038,ordinary,dispatch-direct-or-tunnel,plain,reasoning,True,2,4,recipients,ready,not_ready,False,1288,0.00020510000000000003,3.6673544600000696
block-0038.ordinary.session-5,block-0038,ordinary,dispatch-direct-or-tunnel,plain,reasoning,True,2,5,recipients,ready,not_ready,False,3707,0.00054445,6.144680473000108
block-0038.ordinary.session-6,block-0038,ordinary,dispatch-direct-or-tunnel,plain,reasoning,True,2,6,recipients,undetermined,not_ready,False,1477,0.00025340000000000003,2.9722063279998565
block-0038.ordinary.session-7,block-0038,ordinary,dispatch-direct-or-tunnel,plain,reasoning,True,2,7,recipients,undetermined,not_ready,False,1300,0.00020360000000000002,2.9258223659999203
block-0038.ordinary.session-8,block-0038,ordinary,dispatch-direct-or-tunnel,plain,reasoning,True,2,8,recipients,ready,ready,True,3486,0.0003612,4.467751475000114
block-0038.ordinary.session-9,block-0038,ordinary,dispatch-direct-or-tunnel,plain,reasoning,True,2,9,recipients,ready,ready,True,1169,0.0001617,1.8725711739998587
block-0038.ordinary.session-10,block-0038,ordinary,dispatch-direct-or-tunnel,plain,reasoning,True,2,10,recipients,undetermined,ready,False,1234,0.00018805000000000002,3.4303670930000862
block-0039.ordinary.session-0,block-0039,ordinary,firmware-selective-applicability,plain,reasoning,False,0,0,initial,ready,ready,True,1878,0.0002145,3.4383103850000225
block-0039.ordinary.session-1,block-0039,ordinary,firmware-selective-applicability,plain,reasoning,False,0,1,recipients,ready,ready,True,957,0.00016370000000000002,2.900562456999978
block-0039.ordinary.session-2,block-0039,ordinary,firmware-selective-applicability,plain,reasoning,False,0,2,recipients,undetermined,undetermined,True,1143,0.00022935000000000002,3.5148388810000597
block-0039.ordinary.session-3,block-0039,ordinary,firmware-selective-applicability,plain,reasoning,False,0,3,recipients,undetermined,undetermined,True,997,0.00016115000000000001,1.8759847920000539
block-0039.ordinary.session-4,block-0039,ordinary,firmware-selective-applicability,plain,reasoning,False,0,4,recipients,not_ready,undetermined,False,1025,0.00017270000000000002,2.5056413889999476
block-0039.ordinary.session-5,block-0039,ordinary,firmware-selective-applicability,plain,reasoning,False,0,5,recipients,not_ready,undetermined,False,979,0.00015010000000000002,2.1018968450000557
block-0039.ordinary.session-6,block-0039,ordinary,firmware-selective-applicability,plain,reasoning,False,0,6,recipients,ready,undetermined,False,1286,0.0002547,4.172296880999966
block-0039.ordinary.session-7,block-0039,ordinary,firmware-selective-applicability,plain,reasoning,False,0,7,recipients,ready,undetermined,False,1025,0.00015695000000000002,2.80556978300001
block-0039.ordinary.session-8,block-0039,ordinary,firmware-selective-applicability,plain,reasoning,False,0,8,recipients,undetermined,undetermined,True,1224,0.0002551,3.8861932919999163
block-0039.ordinary.session-9,block-0039,ordinary,firmware-selective-applicability,plain,reasoning,False,0,9,recipients,undetermined,undetermined,True,1055,0.0001756,2.975911634999875
block-0039.ordinary.session-10,block-0039,ordinary,firmware-selective-applicability,plain,reasoning,False,0,10,recipients,ready,undetermined,False,994,0.00015644999999999998,2.3935572279999633
block-0039.eal.session-0,block-0039,eal,firmware-selective-applicability,plain,reasoning,False,0,0,initial,ready,ready,True,1526,0.00016910000000000002,2.287549171999899
block-0039.eal.session-1,block-0039,eal,firmware-selective-applicability,plain,reasoning,False,0,1,recipients,ready,ready,True,701,0.00014565000000000002,2.852738294999881
block-0039.eal.session-2,block-0039,eal,firmware-selective-applicability,plain,reasoning,False,0,2,recipients,undetermined,ambiguous,,778,0.0001754,2.9860627470000054
block-0039.eal.session-3,block-0039,eal,firmware-selective-applicability,plain,reasoning,False,0,3,recipients,undetermined,undetermined,True,816,0.00019060000000000003,3.3537287540000307
block-0039.eal.session-4,block-0039,eal,firmware-selective-applicability,plain,reasoning,False,0,4,recipients,not_ready,not_ready,True,649,0.0001245,2.0717783889999737
block-0039.eal.session-5,block-0039,eal,firmware-selective-applicability,plain,reasoning,False,0,5,recipients,not_ready,not_ready,True,796,0.0001833,3.2195408259999567
block-0039.eal.session-6,block-0039,eal,firmware-selective-applicability,plain,reasoning,False,0,6,recipients,ready,ready,True,745,0.00016325,3.1244035750000876
block-0039.eal.session-7,block-0039,eal,firmware-selective-applicability,plain,reasoning,False,0,7,recipients,ready,ready,True,632,0.00011805000000000001,2.3213733170000523
block-0039.eal.session-8,block-0039,eal,firmware-selective-applicability,plain,reasoning,False,0,8,recipients,undetermined,undetermined,True,873,0.0002134,6.371153762999938
block-0039.eal.session-9,block-0039,eal,firmware-selective-applicability,plain,reasoning,False,0,9,recipients,undetermined,undetermined,True,777,0.00017500000000000003,2.5051686429999336
block-0039.eal.session-10,block-0039,eal,firmware-selective-applicability,plain,reasoning,False,0,10,recipients,ready,ready,True,645,0.00012325,2.5079254229999606
block-0040.eal.session-0,block-0040,eal,release-three-obligations,reasoning,plain,False,3,0,initial,ready,ready,True,666,0.00010960000000000001,2.3367087839999385
block-0040.eal.session-1,block-0040,eal,release-three-obligations,reasoning,plain,False,3,1,recipients,ready,ready,True,424,6.730000000000001e-05,2.525023818000136
block-0040.eal.session-2,block-0040,eal,release-three-obligations,reasoning,plain,False,3,2,recipients,not_ready,not_ready,True,411,6.18e-05,2.3345604959999946
block-0040.eal.session-3,block-0040,eal,release-three-obligations,reasoning,plain,False,3,3,recipients,not_ready,not_ready,True,431,6.980000000000002e-05,1.621915342999955
block-0040.eal.session-4,block-0040,eal,release-three-obligations,reasoning,plain,False,3,4,recipients,undetermined,undetermined,True,417,6.36e-05,2.377236713000002
block-0040.eal.session-5,block-0040,eal,release-three-obligations,reasoning,plain,False,3,5,recipients,undetermined,undetermined,True,435,7.08e-05,1.6307355300000381
block-0040.eal.session-6,block-0040,eal,release-three-obligations,reasoning,plain,False,3,6,recipients,ready,ready,True,410,6.170000000000001e-05,2.845307348999995
block-0040.eal.session-7,block-0040,eal,release-three-obligations,reasoning,plain,False,3,7,recipients,ready,ready,True,431,7.01e-05,2.8679856769999788
block-0040.eal.session-8,block-0040,eal,release-three-obligations,reasoning,plain,False,3,8,recipients,undetermined,undetermined,True,419,6.440000000000001e-05,1.9113865340000302
block-0040.eal.session-9,block-0040,eal,release-three-obligations,reasoning,plain,False,3,9,recipients,undetermined,undetermined,True,449,7.64e-05,3.675006967000172
block-0040.eal.session-10,block-0040,eal,release-three-obligations,reasoning,plain,False,3,10,recipients,not_ready,not_ready,True,422,6.62e-05,3.139595182999983
block-0040.ordinary.session-0,block-0040,ordinary,release-three-obligations,reasoning,plain,False,3,0,initial,ready,ready,True,2148,0.00020925000000000002,2.608933938999826
block-0040.ordinary.session-1,block-0040,ordinary,release-three-obligations,reasoning,plain,False,3,1,recipients,ready,ready,True,722,9.980000000000001e-05,3.016156846000058
block-0040.ordinary.session-2,block-0040,ordinary,release-three-obligations,reasoning,plain,False,3,2,recipients,not_ready,ready,False,704,9.830000000000002e-05,2.2985299560000385
block-0040.ordinary.session-3,block-0040,ordinary,release-three-obligations,reasoning,plain,False,3,3,recipients,not_ready,ready,False,697,9.52e-05,5.907403881999926
block-0040.ordinary.session-4,block-0040,ordinary,release-three-obligations,reasoning,plain,False,3,4,recipients,undetermined,ready,False,691,9.520000000000002e-05,1.8986974950000786
block-0040.ordinary.session-5,block-0040,ordinary,release-three-obligations,reasoning,plain,False,3,5,recipients,undetermined,ready,False,685,9.22e-05,1.9627063079999516
block-0040.ordinary.session-6,block-0040,ordinary,release-three-obligations,reasoning,plain,False,3,6,recipients,ready,ready,True,686,9.5e-05,3.3752370780000547
block-0040.ordinary.session-7,block-0040,ordinary,release-three-obligations,reasoning,plain,False,3,7,recipients,ready,ready,True,704,9.95e-05,3.6416710549999607
block-0040.ordinary.session-8,block-0040,ordinary,release-three-obligations,reasoning,plain,False,3,8,recipients,undetermined,ready,False,718,0.00010240000000000001,6.4862859079999
block-0040.ordinary.session-9,block-0040,ordinary,release-three-obligations,reasoning,plain,False,3,9,recipients,undetermined,ready,False,707,9.65e-05,3.2351719089999733
block-0040.ordinary.session-10,block-0040,ordinary,release-three-obligations,reasoning,plain,False,3,10,recipients,not_ready,ready,False,713,0.0001037,2.06036815199991
block-0041.eal.session-0,block-0041,eal,release-three-obligations,reasoning,reasoning,True,1,0,initial,ready,ready,True,705,0.0001252,2.4547706710000057
block-0041.eal.session-1,block-0041,eal,release-three-obligations,reasoning,reasoning,True,1,1,recipients,ready,ready,True,864,0.0001888,2.9117395579999084
block-0041.eal.session-2,block-0041,eal,release-three-obligations,reasoning,reasoning,True,1,2,recipients,not_ready,not_ready,True,683,0.00011605000000000002,2.243196087000115
block-0041.eal.session-3,block-0041,eal,release-three-obligations,reasoning,reasoning,True,1,3,recipients,not_ready,not_ready,True,665,0.00010885,2.4144272260000434
block-0041.eal.session-4,block-0041,eal,release-three-obligations,reasoning,reasoning,True,1,4,recipients,undetermined,not_ready,False,2577,0.00045400000000000003,8.050939556999992
block-0041.eal.session-5,block-0041,eal,release-three-obligations,reasoning,reasoning,True,1,5,recipients,undetermined,undetermined,True,780,0.00015415,3.1336779040000238
block-0041.eal.session-6,block-0041,eal,release-three-obligations,reasoning,reasoning,True,1,6,recipients,ready,ready,True,830,0.00017520000000000003,2.7111300010001287
block-0041.eal.session-7,block-0041,eal,release-three-obligations,reasoning,reasoning,True,1,7,recipients,ready,ready,True,702,0.000124,2.945165334999956
block-0041.eal.session-8,block-0041,eal,release-three-obligations,reasoning,reasoning,True,1,8,recipients,undetermined,undetermined,True,752,0.00014295,3.3098465760001545
block-0041.eal.session-9,block-0041,eal,release-three-obligations,reasoning,reasoning,True,1,9,recipients,undetermined,undetermined,True,886,0.00019655,3.6881608129999677
block-0041.eal.session-10,block-0041,eal,release-three-obligations,reasoning,reasoning,True,1,10,recipients,not_ready,not_ready,True,914,0.00020845,2.979040891000068
block-0041.ordinary.session-0,block-0041,ordinary,release-three-obligations,reasoning,reasoning,True,1,0,initial,ready,ready,True,2224,0.0002239,2.5298392459999377
block-0041.ordinary.session-1,block-0041,ordinary,release-three-obligations,reasoning,reasoning,True,1,1,recipients,ready,ready,True,945,0.0001225,1.9571997729999566
block-0041.ordinary.session-2,block-0041,ordinary,release-three-obligations,reasoning,reasoning,True,1,2,recipients,not_ready,ready,False,1068,0.0001745,2.284044888999915
block-0041.ordinary.session-3,block-0041,ordinary,release-three-obligations,reasoning,reasoning,True,1,3,recipients,not_ready,ready,False,2746,0.00034065,3.6871341659998507
block-0041.ordinary.session-4,block-0041,ordinary,release-three-obligations,reasoning,reasoning,True,1,4,recipients,undetermined,ready,False,1055,0.00014375,1.8272604070000398
block-0041.ordinary.session-5,block-0041,ordinary,release-three-obligations,reasoning,reasoning,True,1,5,recipients,undetermined,not_ready,False,2870,0.00032060000000000004,3.8770951039998636
block-0041.ordinary.session-6,block-0041,ordinary,release-three-obligations,reasoning,reasoning,True,1,6,recipients,ready,not_ready,False,1004,0.00014085000000000004,2.114431828000079
block-0041.ordinary.session-7,block-0041,ordinary,release-three-obligations,reasoning,reasoning,True,1,7,recipients,ready,not_ready,False,983,0.00013805000000000002,1.6040838720000465
block-0041.ordinary.session-8,block-0041,ordinary,release-three-obligations,reasoning,reasoning,True,1,8,recipients,undetermined,not_ready,False,950,0.0001273,2.304807444000062
block-0041.ordinary.session-9,block-0041,ordinary,release-three-obligations,reasoning,reasoning,True,1,9,recipients,undetermined,not_ready,False,935,0.000122,1.5420982809998804
block-0041.ordinary.session-10,block-0041,ordinary,release-three-obligations,reasoning,reasoning,True,1,10,recipients,not_ready,not_ready,True,971,0.00013780000000000002,1.7988165629999457
block-0042.eal.session-0,block-0042,eal,firmware-selective-applicability,reasoning,plain,False,1,0,initial,ready,ready,True,764,0.00013305,2.489100280999992
block-0042.eal.session-1,block-0042,eal,firmware-selective-applicability,reasoning,plain,False,1,1,recipients,ready,ready,True,480,7.620000000000001e-05,2.6327420019999863
block-0042.eal.session-2,block-0042,eal,firmware-selective-applicability,reasoning,plain,False,1,2,recipients,undetermined,undetermined,True,447,6.21e-05,3.0179747370000314
block-0042.eal.session-3,block-0042,eal,firmware-selective-applicability,reasoning,plain,False,1,3,recipients,undetermined,undetermined,True,480,7.530000000000001e-05,3.871250334999786
block-0042.eal.session-4,block-0042,eal,firmware-selective-applicability,reasoning,plain,False,1,4,recipients,not_ready,not_ready,True,452,6.47e-05,2.137136016999875
block-0042.eal.session-5,block-0042,eal,firmware-selective-applicability,reasoning,plain,False,1,5,recipients,not_ready,not_ready,True,449,6.35e-05,1.6005508069999905
block-0042.eal.session-6,block-0042,eal,firmware-selective-applicability,reasoning,plain,False,1,6,recipients,ready,ready,True,457,6.7e-05,2.5126008989998354
block-0042.eal.session-7,block-0042,eal,firmware-selective-applicability,reasoning,plain,False,1,7,recipients,ready,ready,True,450,6.42e-05,1.8617927599998438
block-0042.eal.session-8,block-0042,eal,firmware-selective-applicability,reasoning,plain,False,1,8,recipients,undetermined,undetermined,True,468,7.05e-05,3.321247774999847
block-0042.eal.session-9,block-0042,eal,firmware-selective-applicability,reasoning,plain,False,1,9,recipients,undetermined,undetermined,True,466,6.97e-05,1.9086506659998577
block-0042.eal.session-10,block-0042,eal,firmware-selective-applicability,reasoning,plain,False,1,10,recipients,ready,ready,True,451,6.46e-05,4.534600984999997
block-0042.ordinary.session-0,block-0042,ordinary,firmware-selective-applicability,reasoning,plain,False,1,0,initial,ready,ready,True,2258,0.00020564999999999998,2.4760467979999703
block-0042.ordinary.session-1,block-0042,ordinary,firmware-selective-applicability,reasoning,plain,False,1,1,recipients,ready,ready,True,819,0.0001182,3.7597473949999767
block-0042.ordinary.session-2,block-0042,ordinary,firmware-selective-applicability,reasoning,plain,False,1,2,recipients,undetermined,ready,False,767,0.0001049,1.8390883539998413
block-0042.ordinary.session-3,block-0042,ordinary,firmware-selective-applicability,reasoning,plain,False,1,3,recipients,undetermined,ready,False,726,9.720000000000002e-05,2.1978359690001525
block-0042.ordinary.session-4,block-0042,ordinary,firmware-selective-applicability,reasoning,plain,False,1,4,recipients,not_ready,ready,False,709,9.4e-05,4.7063809170001605
block-0042.ordinary.session-5,block-0042,ordinary,firmware-selective-applicability,reasoning,plain,False,1,5,recipients,not_ready,ready,False,731,0.00010430000000000001,1.7038711380000677
block-0042.ordinary.session-6,block-0042,ordinary,firmware-selective-applicability,reasoning,plain,False,1,6,recipients,ready,ready,True,776,0.00011420000000000001,1.939251923000029
block-0042.ordinary.session-7,block-0042,ordinary,firmware-selective-applicability,reasoning,plain,False,1,7,recipients,ready,ready,True,789,0.000114,6.161901924000176
block-0042.ordinary.session-8,block-0042,ordinary,firmware-selective-applicability,reasoning,plain,False,1,8,recipients,undetermined,ready,False,773,0.00010910000000000001,3.6393020999998953
block-0042.ordinary.session-9,block-0042,ordinary,firmware-selective-applicability,reasoning,plain,False,1,9,recipients,undetermined,ready,False,756,0.0001056,5.170241346000012
block-0042.ordinary.session-10,block-0042,ordinary,firmware-selective-applicability,reasoning,plain,False,1,10,recipients,ready,ready,True,762,0.00010980000000000001,5.311377898000046
block-0043.ordinary.session-0,block-0043,ordinary,firmware-selective-applicability,reasoning,reasoning,False,3,0,initial,ready,ready,True,2275,0.0002121,2.642658284999925
block-0043.ordinary.session-1,block-0043,ordinary,firmware-selective-applicability,reasoning,reasoning,False,3,1,recipients,ready,ready,True,1114,0.0002118,3.7060010100001364
block-0043.ordinary.session-2,block-0043,ordinary,firmware-selective-applicability,reasoning,reasoning,False,3,2,recipients,undetermined,ready,False,1008,0.0001652,2.7633885129998816
block-0043.ordinary.session-3,block-0043,ordinary,firmware-selective-applicability,reasoning,reasoning,False,3,3,recipients,undetermined,ready,False,973,0.0001498,2.0047643069999594
block-0043.ordinary.session-4,block-0043,ordinary,firmware-selective-applicability,reasoning,reasoning,False,3,4,recipients,not_ready,ready,False,1083,0.00019065,2.8320160839998607
block-0043.ordinary.session-5,block-0043,ordinary,firmware-selective-applicability,reasoning,reasoning,False,3,5,recipients,not_ready,ready,False,1034,0.00017245,2.4230398269999114
block-0043.ordinary.session-6,block-0043,ordinary,firmware-selective-applicability,reasoning,reasoning,False,3,6,recipients,ready,ready,True,1051,0.00017994999999999998,2.652551528999993
block-0043.ordinary.session-7,block-0043,ordinary,firmware-selective-applicability,reasoning,reasoning,False,3,7,recipients,ready,ready,True,966,0.00013755,2.1212710010001956
block-0043.ordinary.session-8,block-0043,ordinary,firmware-selective-applicability,reasoning,reasoning,False,3,8,recipients,undetermined,ready,False,976,0.00014575,2.8823359289999644
block-0043.ordinary.session-9,block-0043,ordinary,firmware-selective-applicability,reasoning,reasoning,False,3,9,recipients,undetermined,ready,False,1307,0.0002792,4.820898475999911
block-0043.ordinary.session-10,block-0043,ordinary,firmware-selective-applicability,reasoning,reasoning,False,3,10,recipients,ready,ready,True,998,0.0001535,2.3196211249999124
block-0043.eal.session-0,block-0043,eal,firmware-selective-applicability,reasoning,reasoning,False,3,0,initial,ready,ready,True,877,0.00017825000000000002,2.9484306050001123
block-0043.eal.session-1,block-0043,eal,firmware-selective-applicability,reasoning,reasoning,False,3,1,recipients,ready,ready,True,610,0.00010925,2.317212208000001
block-0043.eal.session-2,block-0043,eal,firmware-selective-applicability,reasoning,reasoning,False,3,2,recipients,undetermined,undetermined,True,812,0.00018900000000000004,3.0378105830000095
block-0043.eal.session-3,block-0043,eal,firmware-selective-applicability,reasoning,reasoning,False,3,3,recipients,undetermined,undetermined,True,755,0.00016620000000000003,2.732960429000059
block-0043.eal.session-4,block-0043,eal,firmware-selective-applicability,reasoning,reasoning,False,3,4,recipients,not_ready,not_ready,True,674,0.0001345,2.2931486210000003
block-0043.eal.session-5,block-0043,eal,firmware-selective-applicability,reasoning,reasoning,False,3,5,recipients,not_ready,not_ready,True,802,0.00018570000000000001,3.2140346220000993
block-0043.eal.session-6,block-0043,eal,firmware-selective-applicability,reasoning,reasoning,False,3,6,recipients,ready,ready,True,629,0.00011685000000000001,2.5261933739998312
block-0043.eal.session-7,block-0043,eal,firmware-selective-applicability,reasoning,reasoning,False,3,7,recipients,ready,ready,True,758,0.00016845000000000003,2.1780849370002215
block-0043.eal.session-8,block-0043,eal,firmware-selective-applicability,reasoning,reasoning,False,3,8,recipients,undetermined,undetermined,True,611,0.00010860000000000001,2.6960193209999943
block-0043.eal.session-9,block-0043,eal,firmware-selective-applicability,reasoning,reasoning,False,3,9,recipients,undetermined,undetermined,True,725,0.0001542,2.8511686070000906
block-0043.eal.session-10,block-0043,eal,firmware-selective-applicability,reasoning,reasoning,False,3,10,recipients,ready,ready,True,668,0.00013245,2.803972819999899
block-0044.ordinary.session-0,block-0044,ordinary,firmware-selective-applicability,plain,reasoning,True,2,0,initial,ready,ready,True,1868,0.00021050000000000002,2.1100445140000375
block-0044.ordinary.session-1,block-0044,ordinary,firmware-selective-applicability,plain,reasoning,True,2,1,recipients,ready,ready,True,2522,0.00025735000000000005,2.839179657999921
block-0044.ordinary.session-2,block-0044,ordinary,firmware-selective-applicability,plain,reasoning,True,2,2,recipients,undetermined,ready,False,1187,0.0002088,2.1896347389999846
block-0044.ordinary.session-3,block-0044,ordinary,firmware-selective-applicability,plain,reasoning,True,2,3,recipients,undetermined,ready,False,1105,0.0001753,2.42316909200008
block-0044.ordinary.session-4,block-0044,ordinary,firmware-selective-applicability,plain,reasoning,True,2,4,recipients,not_ready,ready,False,1063,0.000141,1.4325047089998861
block-0044.ordinary.session-5,block-0044,ordinary,firmware-selective-applicability,plain,reasoning,True,2,5,recipients,not_ready,undetermined,False,1642,0.00037085000000000004,3.2975687079999716
block-0044.ordinary.session-6,block-0044,ordinary,firmware-selective-applicability,plain,reasoning,True,2,6,recipients,ready,undetermined,False,1178,0.0001933,1.982987980999951
block-0044.ordinary.session-7,block-0044,ordinary,firmware-selective-applicability,plain,reasoning,True,2,7,recipients,ready,undetermined,False,1093,0.0001698,2.6478002989999823
block-0044.ordinary.session-8,block-0044,ordinary,firmware-selective-applicability,plain,reasoning,True,2,8,recipients,undetermined,ready,False,3246,0.0004108,6.7300979210001515
block-0044.ordinary.session-9,block-0044,ordinary,firmware-selective-applicability,plain,reasoning,True,2,9,recipients,undetermined,ready,False,1272,0.00019415000000000003,3.2006367499998305
block-0044.ordinary.session-10,block-0044,ordinary,firmware-selective-applicability,plain,reasoning,True,2,10,recipients,ready,ready,True,1215,0.00018920000000000002,1.904939294000087
block-0044.eal.session-0,block-0044,eal,firmware-selective-applicability,plain,reasoning,True,2,0,initial,ready,ready,True,1521,0.0001671,3.3510654710000836
block-0044.eal.session-1,block-0044,eal,firmware-selective-applicability,plain,reasoning,True,2,1,recipients,ready,ready,True,850,0.00016745,2.334214032000091
block-0044.eal.session-2,block-0044,eal,firmware-selective-applicability,plain,reasoning,True,2,2,recipients,undetermined,undetermined,True,811,0.0001508,2.6301686310000605
block-0044.eal.session-3,block-0044,eal,firmware-selective-applicability,plain,reasoning,True,2,3,recipients,undetermined,undetermined,True,871,0.00017480000000000002,2.9458716950000507
block-0044.eal.session-4,block-0044,eal,firmware-selective-applicability,plain,reasoning,True,2,4,recipients,not_ready,not_ready,True,782,0.0001399,2.9390975489998254
block-0044.eal.session-5,block-0044,eal,firmware-selective-applicability,plain,reasoning,True,2,5,recipients,not_ready,not_ready,True,843,0.0001643,2.060421647999874
block-0044.eal.session-6,block-0044,eal,firmware-selective-applicability,plain,reasoning,True,2,6,recipients,ready,ready,True,759,0.00013105000000000001,2.69240138400005
block-0044.eal.session-7,block-0044,eal,firmware-selective-applicability,plain,reasoning,True,2,7,recipients,ready,ready,True,913,0.00019265,2.925111915999878
block-0044.eal.session-8,block-0044,eal,firmware-selective-applicability,plain,reasoning,True,2,8,recipients,undetermined,undetermined,True,831,0.0001588,2.855482036000012
block-0044.eal.session-9,block-0044,eal,firmware-selective-applicability,plain,reasoning,True,2,9,recipients,undetermined,undetermined,True,847,0.0001652,2.733814808999796
block-0044.eal.session-10,block-0044,eal,firmware-selective-applicability,plain,reasoning,True,2,10,recipients,ready,ready,True,869,0.00017505,2.9297000290000597
block-0045.ordinary.session-0,block-0045,ordinary,migration-cutover-obligations,reasoning,plain,False,1,0,initial,ready,ready,True,2301,0.00025225,3.4139305510000213
block-0045.ordinary.session-1,block-0045,ordinary,migration-cutover-obligations,reasoning,plain,False,1,1,recipients,ready,ready,True,785,0.00011180000000000001,5.527150424999945
block-0045.ordinary.session-2,block-0045,ordinary,migration-cutover-obligations,reasoning,plain,False,1,2,recipients,not_ready,ready,False,756,0.0001056,4.475258677000056
block-0045.ordinary.session-3,block-0045,ordinary,migration-cutover-obligations,reasoning,plain,False,1,3,recipients,not_ready,ready,False,750,0.00010830000000000002,4.993785511999931
block-0045.ordinary.session-4,block-0045,ordinary,migration-cutover-obligations,reasoning,plain,False,1,4,recipients,undetermined,ready,False,758,0.0001082,4.218200630000183
block-0045.ordinary.session-5,block-0045,ordinary,migration-cutover-obligations,reasoning,plain,False,1,5,recipients,undetermined,ready,False,772,0.0001147,6.332401172000118
block-0045.ordinary.session-6,block-0045,ordinary,migration-cutover-obligations,reasoning,plain,False,1,6,recipients,ready,ready,True,854,0.00014060000000000003,4.131262420999974
block-0045.ordinary.session-7,block-0045,ordinary,migration-cutover-obligations,reasoning,plain,False,1,7,recipients,ready,ready,True,833,0.0001139,4.810467003999975
block-0045.ordinary.session-8,block-0045,ordinary,migration-cutover-obligations,reasoning,plain,False,1,8,recipients,not_ready,ready,False,761,0.00011210000000000001,6.025251792999825
block-0045.ordinary.session-9,block-0045,ordinary,migration-cutover-obligations,reasoning,plain,False,1,9,recipients,not_ready,ready,False,769,0.0001099,2.5867881399999533
block-0045.ordinary.session-10,block-0045,ordinary,migration-cutover-obligations,reasoning,plain,False,1,10,recipients,ready,ready,True,740,0.00010130000000000001,3.5155270190000465
block-0045.eal.session-0,block-0045,eal,migration-cutover-obligations,reasoning,plain,False,1,0,initial,ready,ready,True,734,0.00012875,2.5937173180000173
block-0045.eal.session-1,block-0045,eal,migration-cutover-obligations,reasoning,plain,False,1,1,recipients,ready,ready,True,438,6.6e-05,3.6760839959999885
block-0045.eal.session-2,block-0045,eal,migration-cutover-obligations,reasoning,plain,False,1,2,recipients,not_ready,not_ready,True,458,7.37e-05,2.4961634399999184
block-0045.eal.session-3,block-0045,eal,migration-cutover-obligations,reasoning,plain,False,1,3,recipients,not_ready,not_ready,True,458,7.37e-05,4.661986909000007
block-0045.eal.session-4,block-0045,eal,migration-cutover-obligations,reasoning,plain,False,1,4,recipients,undetermined,undetermined,True,444,6.75e-05,4.1539480090000325
block-0045.eal.session-5,block-0045,eal,migration-cutover-obligations,reasoning,plain,False,1,5,recipients,undetermined,undetermined,True,450,6.99e-05,4.7194900019999295
block-0045.eal.session-6,block-0045,eal,migration-cutover-obligations,reasoning,plain,False,1,6,recipients,ready,ready,True,418,5.8e-05,3.189875771000061
block-0045.eal.session-7,block-0045,eal,migration-cutover-obligations,reasoning,plain,False,1,7,recipients,ready,ready,True,418,5.8e-05,2.9862008960001276
block-0045.eal.session-8,block-0045,eal,migration-cutover-obligations,reasoning,plain,False,1,8,recipients,not_ready,not_ready,True,492,8.730000000000001e-05,6.255883076000146
block-0045.eal.session-9,block-0045,eal,migration-cutover-obligations,reasoning,plain,False,1,9,recipients,not_ready,not_ready,True,450,7.05e-05,3.933836417999828
block-0045.eal.session-10,block-0045,eal,migration-cutover-obligations,reasoning,plain,False,1,10,recipients,ready,ready,True,433,6.4e-05,3.57649305599989
block-0046.eal.session-0,block-0046,eal,migration-multiple-version-bindings,reasoning,reasoning,True,0,0,initial,ready,ready,True,863,0.00017265,2.349957927000105
block-0046.eal.session-1,block-0046,eal,migration-multiple-version-bindings,reasoning,reasoning,True,0,1,recipients,ready,ready,True,799,0.00014705000000000002,2.2148784790001628
block-0046.eal.session-2,block-0046,eal,migration-multiple-version-bindings,reasoning,reasoning,True,0,2,recipients,undetermined,not_ready,False,2063,0.00023615000000000002,3.5712848859998303
block-0046.eal.session-3,block-0046,eal,migration-multiple-version-bindings,reasoning,reasoning,True,0,3,recipients,undetermined,undetermined,True,2705,0.00041910000000000005,5.180283447999955
block-0046.eal.session-4,block-0046,eal,migration-multiple-version-bindings,reasoning,reasoning,True,0,4,recipients,not_ready,not_ready,True,943,0.0002043,3.090044157999955
block-0046.eal.session-5,block-0046,eal,migration-multiple-version-bindings,reasoning,reasoning,True,0,5,recipients,not_ready,not_ready,True,921,0.0001955,3.6697492299999794
block-0046.eal.session-6,block-0046,eal,migration-multiple-version-bindings,reasoning,reasoning,True,0,6,recipients,ready,ready,True,749,0.00012705,3.2324202109998623
block-0046.eal.session-7,block-0046,eal,migration-multiple-version-bindings,reasoning,reasoning,True,0,7,recipients,ready,ready,True,916,0.00019385000000000002,3.17385043399986
block-0046.eal.session-8,block-0046,eal,migration-multiple-version-bindings,reasoning,reasoning,True,0,8,recipients,undetermined,undetermined,True,801,0.00014680000000000002,2.5493029280000883
block-0046.eal.session-9,block-0046,eal,migration-multiple-version-bindings,reasoning,reasoning,True,0,9,recipients,undetermined,undetermined,True,826,0.00015680000000000002,1.9583788800000548
block-0046.eal.session-10,block-0046,eal,migration-multiple-version-bindings,reasoning,reasoning,True,0,10,recipients,not_ready,not_ready,True,894,0.0001847,3.3646695489999274
block-0046.ordinary.session-0,block-0046,ordinary,migration-multiple-version-bindings,reasoning,reasoning,True,0,0,initial,ready,ready,True,2310,0.00021770000000000003,2.5848588349999773
block-0046.ordinary.session-1,block-0046,ordinary,migration-multiple-version-bindings,reasoning,reasoning,True,0,1,recipients,ready,ready,True,1036,0.00012635,2.1499972439999055
block-0046.ordinary.session-2,block-0046,ordinary,migration-multiple-version-bindings,reasoning,reasoning,True,0,2,recipients,undetermined,ready,False,1036,0.00013405,1.9398836259999825
block-0046.ordinary.session-3,block-0046,ordinary,migration-multiple-version-bindings,reasoning,reasoning,True,0,3,recipients,undetermined,ready,False,1167,0.0001735,2.4104376440000124
block-0046.ordinary.session-4,block-0046,ordinary,migration-multiple-version-bindings,reasoning,reasoning,True,0,4,recipients,not_ready,ready,False,1115,0.00015445000000000001,2.144357540000101
block-0046.ordinary.session-5,block-0046,ordinary,migration-multiple-version-bindings,reasoning,reasoning,True,0,5,recipients,not_ready,ready,False,1014,0.0001221,1.6375454710000668
block-0046.ordinary.session-6,block-0046,ordinary,migration-multiple-version-bindings,reasoning,reasoning,True,0,6,recipients,ready,not_ready,False,3493,0.00048895,5.113427379000086
block-0046.ordinary.session-7,block-0046,ordinary,migration-multiple-version-bindings,reasoning,reasoning,True,0,7,recipients,ready,not_ready,False,1277,0.00022170000000000002,3.8486702509999304
block-0046.ordinary.session-8,block-0046,ordinary,migration-multiple-version-bindings,reasoning,reasoning,True,0,8,recipients,undetermined,not_ready,False,1285,0.00020390000000000002,2.6766374720000385
block-0046.ordinary.session-9,block-0046,ordinary,migration-multiple-version-bindings,reasoning,reasoning,True,0,9,recipients,undetermined,not_ready,False,1123,0.00016535000000000003,2.45399260399995
block-0046.ordinary.session-10,block-0046,ordinary,migration-multiple-version-bindings,reasoning,reasoning,True,0,10,recipients,not_ready,not_ready,True,1247,0.00021390000000000002,3.9275704320000386
block-0047.eal.session-0,block-0047,eal,database-alternative-read-routes,reasoning,plain,True,0,0,initial,ready,ready,True,691,0.00010910000000000001,2.133297907000042
block-0047.eal.session-1,block-0047,eal,database-alternative-read-routes,reasoning,plain,True,0,1,recipients,ready,ready,True,1558,0.0001783,6.026052779999873
block-0047.eal.session-2,block-0047,eal,database-alternative-read-routes,reasoning,plain,True,0,2,recipients,ready,ready,True,1759,0.00020440000000000004,5.436202137000009
block-0047.eal.session-3,block-0047,eal,database-alternative-read-routes,reasoning,plain,True,0,3,recipients,ready,ready,True,1749,0.00020040000000000005,3.0633723969999664
block-0047.eal.session-4,block-0047,eal,database-alternative-read-routes,reasoning,plain,True,0,4,recipients,not_ready,not_ready,True,1878,0.0002142,4.334433395999895
block-0047.eal.session-5,block-0047,eal,database-alternative-read-routes,reasoning,plain,True,0,5,recipients,not_ready,not_ready,True,1884,0.0002166,5.226702392000107
block-0047.eal.session-6,block-0047,eal,database-alternative-read-routes,reasoning,plain,True,0,6,recipients,undetermined,undetermined,True,1752,0.0002004,5.8303392220000205
block-0047.eal.session-7,block-0047,eal,database-alternative-read-routes,reasoning,plain,True,0,7,recipients,undetermined,undetermined,True,1782,0.0002124,5.8307200970000395
block-0047.eal.session-8,block-0047,eal,database-alternative-read-routes,reasoning,plain,True,0,8,recipients,ready,ready,True,468,6.780000000000001e-05,5.056796980999934
block-0047.eal.session-9,block-0047,eal,database-alternative-read-routes,reasoning,plain,True,0,9,recipients,ready,ready,True,467,6.740000000000001e-05,3.344782222000049
block-0047.eal.session-10,block-0047,eal,database-alternative-read-routes,reasoning,plain,True,0,10,recipients,undetermined,undetermined,True,1951,0.0002254,6.502785919999951
block-0047.ordinary.session-0,block-0047,ordinary,database-alternative-read-routes,reasoning,plain,True,0,0,initial,ready,undetermined,False,1140,0.00019665000000000004,2.95004208499995
block-0047.ordinary.session-1,block-0047,ordinary,database-alternative-read-routes,reasoning,plain,True,0,1,recipients,ready,ready,True,2435,0.0002771,2.5650687750000998
block-0047.ordinary.session-2,block-0047,ordinary,database-alternative-read-routes,reasoning,plain,True,0,2,recipients,ready,ready,True,846,0.00010740000000000001,3.528244051999991
block-0047.ordinary.session-3,block-0047,ordinary,database-alternative-read-routes,reasoning,plain,True,0,3,recipients,ready,ambiguous,,2455,0.000277,5.6341099390001546
block-0047.ordinary.session-4,block-0047,ordinary,database-alternative-read-routes,reasoning,plain,True,0,4,recipients,not_ready,not_ready,True,2615,0.000293,5.0988791790000505
block-0047.ordinary.session-5,block-0047,ordinary,database-alternative-read-routes,reasoning,plain,True,0,5,recipients,not_ready,not_ready,True,2618,0.00029420000000000005,5.016588048000131
block-0047.ordinary.session-6,block-0047,ordinary,database-alternative-read-routes,reasoning,plain,True,0,6,recipients,undetermined,not_ready,False,2498,0.00028220000000000003,3.2020364180000342
block-0047.ordinary.session-7,block-0047,ordinary,database-alternative-read-routes,reasoning,plain,True,0,7,recipients,undetermined,not_ready,False,2495,0.000281,4.56290997799988
block-0047.ordinary.session-8,block-0047,ordinary,database-alternative-read-routes,reasoning,plain,True,0,8,recipients,ready,not_ready,False,2681,0.00030290000000000004,2.7364791869999863
block-0047.ordinary.session-9,block-0047,ordinary,database-alternative-read-routes,reasoning,plain,True,0,9,recipients,ready,not_ready,False,2703,0.0003051,6.23285643600002
block-0047.ordinary.session-10,block-0047,ordinary,database-alternative-read-routes,reasoning,plain,True,0,10,recipients,undetermined,not_ready,False,2702,0.0003044,5.568608190000077
block-0048.eal.session-0,block-0048,eal,firmware-selective-applicability,reasoning,reasoning,False,0,0,initial,ready,ready,True,777,0.00013825,2.724862792000067
block-0048.eal.session-1,block-0048,eal,firmware-selective-applicability,reasoning,reasoning,False,0,1,recipients,ready,ready,True,741,0.00016165,2.9143134049998025
block-0048.eal.session-2,block-0048,eal,firmware-selective-applicability,reasoning,reasoning,False,0,2,recipients,undetermined,undetermined,True,727,0.000155,3.1675408419998803
block-0048.eal.session-3,block-0048,eal,firmware-selective-applicability,reasoning,reasoning,False,0,3,recipients,undetermined,undetermined,True,840,0.00020020000000000001,3.517517162999866
block-0048.eal.session-4,block-0048,eal,firmware-selective-applicability,reasoning,reasoning,False,0,4,recipients,not_ready,not_ready,True,597,0.0001037,2.554755281000098
block-0048.eal.session-5,block-0048,eal,firmware-selective-applicability,reasoning,reasoning,False,0,5,recipients,not_ready,not_ready,True,801,0.0001853,3.4024708629999623
block-0048.eal.session-6,block-0048,eal,firmware-selective-applicability,reasoning,reasoning,False,0,6,recipients,ready,ready,True,868,0.00021245000000000001,3.855906892999883
block-0048.eal.session-7,block-0048,eal,firmware-selective-applicability,reasoning,reasoning,False,0,7,recipients,ready,ready,True,711,0.00014965,2.802458330000036
block-0048.eal.session-8,block-0048,eal,firmware-selective-applicability,reasoning,reasoning,False,0,8,recipients,undetermined,undetermined,True,715,0.00015020000000000002,3.9610195959999146
block-0048.eal.session-9,block-0048,eal,firmware-selective-applicability,reasoning,reasoning,False,0,9,recipients,undetermined,undetermined,True,632,0.00011700000000000001,2.764421557000105
block-0048.eal.session-10,block-0048,eal,firmware-selective-applicability,reasoning,reasoning,False,0,10,recipients,ready,ready,True,710,0.00014925,3.4100468290000663
block-0048.ordinary.session-0,block-0048,ordinary,firmware-selective-applicability,reasoning,reasoning,False,0,0,initial,ready,ready,True,2274,0.00021345000000000004,2.8884865280001577
block-0048.ordinary.session-1,block-0048,ordinary,firmware-selective-applicability,reasoning,reasoning,False,0,1,recipients,ready,ready,True,932,0.00012220000000000002,2.339698817999988
block-0048.ordinary.session-2,block-0048,ordinary,firmware-selective-applicability,reasoning,reasoning,False,0,2,recipients,undetermined,ready,False,1000,0.0001515,2.295653447999939
block-0048.ordinary.session-3,block-0048,ordinary,firmware-selective-applicability,reasoning,reasoning,False,0,3,recipients,undetermined,ready,False,957,0.00015075,1.9733484250000402
block-0048.ordinary.session-4,block-0048,ordinary,firmware-selective-applicability,reasoning,reasoning,False,0,4,recipients,not_ready,ready,False,972,0.00015115000000000001,2.4812756369999533
block-0048.ordinary.session-5,block-0048,ordinary,firmware-selective-applicability,reasoning,reasoning,False,0,5,recipients,not_ready,ready,False,954,0.00014394999999999998,2.0225761579999926
block-0048.ordinary.session-6,block-0048,ordinary,firmware-selective-applicability,reasoning,reasoning,False,0,6,recipients,ready,ready,True,945,0.00013790000000000002,2.7425135549999595
block-0048.ordinary.session-7,block-0048,ordinary,firmware-selective-applicability,reasoning,reasoning,False,0,7,recipients,ready,ready,True,1011,0.00017130000000000002,2.8075836470000013
block-0048.ordinary.session-8,block-0048,ordinary,firmware-selective-applicability,reasoning,reasoning,False,0,8,recipients,undetermined,ready,False,934,0.00014294999999999998,2.0755155780000223
block-0048.ordinary.session-9,block-0048,ordinary,firmware-selective-applicability,reasoning,reasoning,False,0,9,recipients,undetermined,ready,False,978,0.00016055,2.8010140450001018
block-0048.ordinary.session-10,block-0048,ordinary,firmware-selective-applicability,reasoning,reasoning,False,0,10,recipients,ready,ready,True,927,0.00014084999999999998,2.379787469999883
block-0049.ordinary.session-0,block-0049,ordinary,migration-multiple-version-bindings,reasoning,reasoning,False,1,0,initial,ready,ready,True,2388,0.00023735,3.0366696290000164
block-0049.ordinary.session-1,block-0049,ordinary,migration-multiple-version-bindings,reasoning,reasoning,False,1,1,recipients,ready,ready,True,1012,0.00015665,2.674798039000052
block-0049.ordinary.session-2,block-0049,ordinary,migration-multiple-version-bindings,reasoning,reasoning,False,1,2,recipients,undetermined,ready,False,1133,0.00019385000000000002,2.9982995989998926
block-0049.ordinary.session-3,block-0049,ordinary,migration-multiple-version-bindings,reasoning,reasoning,False,1,3,recipients,undetermined,ready,False,968,0.0001282,2.032729851000113
block-0049.ordinary.session-4,block-0049,ordinary,migration-multiple-version-bindings,reasoning,reasoning,False,1,4,recipients,not_ready,ready,False,1011,0.00014575,2.4000630830000773
block-0049.ordinary.session-5,block-0049,ordinary,migration-multiple-version-bindings,reasoning,reasoning,False,1,5,recipients,not_ready,ready,False,984,0.00013705000000000002,2.0066674259999218
block-0049.ordinary.session-6,block-0049,ordinary,migration-multiple-version-bindings,reasoning,reasoning,False,1,6,recipients,ready,ready,True,1013,0.00014969999999999998,2.2625860319999447
block-0049.ordinary.session-7,block-0049,ordinary,migration-multiple-version-bindings,reasoning,reasoning,False,1,7,recipients,ready,ready,True,1006,0.00014655,2.323490910000146
block-0049.ordinary.session-8,block-0049,ordinary,migration-multiple-version-bindings,reasoning,reasoning,False,1,8,recipients,undetermined,ready,False,1010,0.00014920000000000002,2.0888747440001225
block-0049.ordinary.session-9,block-0049,ordinary,migration-multiple-version-bindings,reasoning,reasoning,False,1,9,recipients,undetermined,ready,False,1024,0.00015445,2.1312840650000453
block-0049.ordinary.session-10,block-0049,ordinary,migration-multiple-version-bindings,reasoning,reasoning,False,1,10,recipients,not_ready,ready,False,1126,0.00018755,2.935354168999993
block-0049.eal.session-0,block-0049,eal,migration-multiple-version-bindings,reasoning,reasoning,False,1,0,initial,ready,ready,True,738,0.00012265,2.6241687720000755
block-0049.eal.session-1,block-0049,eal,migration-multiple-version-bindings,reasoning,reasoning,False,1,1,recipients,ready,ready,True,724,0.00015485,3.057762437000065
block-0049.eal.session-2,block-0049,eal,migration-multiple-version-bindings,reasoning,reasoning,False,1,2,recipients,undetermined,undetermined,True,686,0.00013859999999999998,3.181016019000026
block-0049.eal.session-3,block-0049,eal,migration-multiple-version-bindings,reasoning,reasoning,False,1,3,recipients,undetermined,undetermined,True,705,0.00014620000000000003,3.721944852999968
block-0049.eal.session-4,block-0049,eal,migration-multiple-version-bindings,reasoning,reasoning,False,1,4,recipients,not_ready,not_ready,True,929,0.00023650000000000003,5.3311379740000575
block-0049.eal.session-5,block-0049,eal,migration-multiple-version-bindings,reasoning,reasoning,False,1,5,recipients,not_ready,not_ready,True,805,0.00018690000000000004,3.494794673000115
block-0049.eal.session-6,block-0049,eal,migration-multiple-version-bindings,reasoning,reasoning,False,1,6,recipients,ready,ready,True,774,0.00017485000000000002,3.1983589760000086
block-0049.eal.session-7,block-0049,eal,migration-multiple-version-bindings,reasoning,reasoning,False,1,7,recipients,ready,ready,True,796,0.00018365000000000002,3.2527161640000486
block-0049.eal.session-8,block-0049,eal,migration-multiple-version-bindings,reasoning,reasoning,False,1,8,recipients,undetermined,undetermined,True,772,0.00017300000000000003,3.760458966999977
block-0049.eal.session-9,block-0049,eal,migration-multiple-version-bindings,reasoning,reasoning,False,1,9,recipients,undetermined,undetermined,True,844,0.0002018,4.571498791000067
block-0049.eal.session-10,block-0049,eal,migration-multiple-version-bindings,reasoning,reasoning,False,1,10,recipients,not_ready,not_ready,True,703,0.00014610000000000003,2.721733089000054
block-0050.ordinary.session-0,block-0050,ordinary,database-alternative-read-routes,plain,reasoning,True,2,0,initial,ready,undetermined,False,2151,0.00025770000000000003,3.2464052220000212
block-0050.ordinary.session-1,block-0050,ordinary,database-alternative-read-routes,plain,reasoning,True,2,1,recipients,ready,ready,True,1370,0.00024140000000000004,3.4278397410000707
block-0050.ordinary.session-2,block-0050,ordinary,database-alternative-read-routes,plain,reasoning,True,2,2,recipients,ready,ready,True,1294,0.00020155000000000002,2.6313554609998846
block-0050.ordinary.session-3,block-0050,ordinary,database-alternative-read-routes,plain,reasoning,True,2,3,recipients,ready,ready,True,1330,0.00021420000000000003,2.866420760999972
block-0050.ordinary.session-4,block-0050,ordinary,database-alternative-read-routes,plain,reasoning,True,2,4,recipients,not_ready,ready,False,1354,0.00022660000000000003,3.357982702000072
block-0050.ordinary.session-5,block-0050,ordinary,database-alternative-read-routes,plain,reasoning,True,2,5,recipients,not_ready,ready,False,1234,0.0001926,2.8605825779998213
block-0050.ordinary.session-6,block-0050,ordinary,database-alternative-read-routes,plain,reasoning,True,2,6,recipients,undetermined,ready,False,3284,0.00035600000000000003,4.131839079999963
block-0050.ordinary.session-7,block-0050,ordinary,database-alternative-read-routes,plain,reasoning,True,2,7,recipients,undetermined,ready,False,1329,0.0001991,3.066138285000079
block-0050.ordinary.session-8,block-0050,ordinary,database-alternative-read-routes,plain,reasoning,True,2,8,recipients,ready,undetermined,False,1369,0.00022525000000000003,3.222935684000049
block-0050.ordinary.session-9,block-0050,ordinary,database-alternative-read-routes,plain,reasoning,True,2,9,recipients,ready,undetermined,False,1151,0.0001566,2.3578774350000913
block-0050.ordinary.session-10,block-0050,ordinary,database-alternative-read-routes,plain,reasoning,True,2,10,recipients,undetermined,undetermined,True,1095,0.00012860000000000004,1.759661799000014
block-0050.eal.session-0,block-0050,eal,database-alternative-read-routes,plain,reasoning,True,2,0,initial,ready,ready,True,1560,0.00017910000000000002,2.7902015240001674
block-0050.eal.session-1,block-0050,eal,database-alternative-read-routes,plain,reasoning,True,2,1,recipients,ready,ready,True,859,0.0001763,4.470426653000004
block-0050.eal.session-2,block-0050,eal,database-alternative-read-routes,plain,reasoning,True,2,2,recipients,ready,ready,True,728,0.0001239,3.247338301999889
block-0050.eal.session-3,block-0050,eal,database-alternative-read-routes,plain,reasoning,True,2,3,recipients,ready,ready,True,771,0.0001411,2.6076418049999575
block-0050.eal.session-4,block-0050,eal,database-alternative-read-routes,plain,reasoning,True,2,4,recipients,not_ready,not_ready,True,923,0.00020155000000000002,3.4299098760000106
block-0050.eal.session-5,block-0050,eal,database-alternative-read-routes,plain,reasoning,True,2,5,recipients,not_ready,not_ready,True,1075,0.00026235,4.492639311000175
block-0050.eal.session-6,block-0050,eal,database-alternative-read-routes,plain,reasoning,True,2,6,recipients,undetermined,undetermined,True,2461,0.00029595,4.534678937000081
block-0050.eal.session-7,block-0050,eal,database-alternative-read-routes,plain,reasoning,True,2,7,recipients,undetermined,undetermined,True,816,0.00015805000000000002,2.715010723999967
block-0050.eal.session-8,block-0050,eal,database-alternative-read-routes,plain,reasoning,True,2,8,recipients,ready,ready,True,744,0.00013030000000000002,2.6528486049999174
block-0050.eal.session-9,block-0050,eal,database-alternative-read-routes,plain,reasoning,True,2,9,recipients,ready,ready,True,722,0.00012150000000000001,2.529375590999962
block-0050.eal.session-10,block-0050,eal,database-alternative-read-routes,plain,reasoning,True,2,10,recipients,undetermined,undetermined,True,867,0.00017845000000000003,3.3083914070000446
block-0051.eal.session-0,block-0051,eal,dispatch-direct-or-tunnel,plain,plain,False,2,0,initial,ready,ready,True,1530,0.000171,4.029885873000012
block-0051.eal.session-1,block-0051,eal,dispatch-direct-or-tunnel,plain,plain,False,2,1,recipients,ready,ready,True,434,6.38e-05,3.2671068009999544
block-0051.eal.session-2,block-0051,eal,dispatch-direct-or-tunnel,plain,plain,False,2,2,recipients,not_ready,not_ready,True,445,6.790000000000001e-05,5.388735818999976
block-0051.eal.session-3,block-0051,eal,dispatch-direct-or-tunnel,plain,plain,False,2,3,recipients,not_ready,not_ready,True,444,6.75e-05,3.5034087819999513
block-0051.eal.session-4,block-0051,eal,dispatch-direct-or-tunnel,plain,plain,False,2,4,recipients,ready,ready,True,423,5.940000000000001e-05,3.2295106930000657
block-0051.eal.session-5,block-0051,eal,dispatch-direct-or-tunnel,plain,plain,False,2,5,recipients,ready,ready,True,432,6.3e-05,3.273955967999882
block-0051.eal.session-6,block-0051,eal,dispatch-direct-or-tunnel,plain,plain,False,2,6,recipients,undetermined,undetermined,True,458,7.25e-05,3.8004501139998865
block-0051.eal.session-7,block-0051,eal,dispatch-direct-or-tunnel,plain,plain,False,2,7,recipients,undetermined,undetermined,True,447,6.809999999999999e-05,1.9357728029999635
block-0051.eal.session-8,block-0051,eal,dispatch-direct-or-tunnel,plain,plain,False,2,8,recipients,ready,ready,True,434,6.38e-05,4.129316645000017
block-0051.eal.session-9,block-0051,eal,dispatch-direct-or-tunnel,plain,plain,False,2,9,recipients,ready,ready,True,437,6.5e-05,3.3941231500000413
block-0051.eal.session-10,block-0051,eal,dispatch-direct-or-tunnel,plain,plain,False,2,10,recipients,undetermined,undetermined,True,451,6.97e-05,5.48312963300009
block-0051.ordinary.session-0,block-0051,ordinary,dispatch-direct-or-tunnel,plain,plain,False,2,0,initial,ready,ready,True,2170,0.0002746,3.7957038179999927
block-0051.ordinary.session-1,block-0051,ordinary,dispatch-direct-or-tunnel,plain,plain,False,2,1,recipients,ready,ready,True,934,0.0001285,5.287196774999984
block-0051.ordinary.session-2,block-0051,ordinary,dispatch-direct-or-tunnel,plain,plain,False,2,2,recipients,not_ready,ready,False,875,0.0001274,1.9711007420000897
block-0051.ordinary.session-3,block-0051,ordinary,dispatch-direct-or-tunnel,plain,plain,False,2,3,recipients,not_ready,ready,False,861,0.000117,2.2472575709998637
block-0051.ordinary.session-4,block-0051,ordinary,dispatch-direct-or-tunnel,plain,plain,False,2,4,recipients,ready,ready,True,831,0.000114,4.168907996999906
block-0051.ordinary.session-5,block-0051,ordinary,dispatch-direct-or-tunnel,plain,plain,False,2,5,recipients,ready,ready,True,821,0.00011,1.9056282509998255
block-0051.ordinary.session-6,block-0051,ordinary,dispatch-direct-or-tunnel,plain,plain,False,2,6,recipients,undetermined,ready,False,818,0.0001118,4.74235855500001
block-0051.ordinary.session-7,block-0051,ordinary,dispatch-direct-or-tunnel,plain,plain,False,2,7,recipients,undetermined,ready,False,819,0.00011009999999999999,3.467746672999965
block-0051.ordinary.session-8,block-0051,ordinary,dispatch-direct-or-tunnel,plain,plain,False,2,8,recipients,ready,ready,True,829,0.00011590000000000001,0.9272956310001064
block-0051.ordinary.session-9,block-0051,ordinary,dispatch-direct-or-tunnel,plain,plain,False,2,9,recipients,ready,ready,True,841,0.00011590000000000001,3.5997735989999455
block-0051.ordinary.session-10,block-0051,ordinary,dispatch-direct-or-tunnel,plain,plain,False,2,10,recipients,undetermined,ready,False,829,0.0001123,3.0285721479999665
block-0052.ordinary.session-0,block-0052,ordinary,migration-cutover-obligations,plain,reasoning,False,1,0,initial,ready,ready,True,1779,0.00020580000000000002,4.388887262000026
block-0052.ordinary.session-1,block-0052,ordinary,migration-cutover-obligations,plain,reasoning,False,1,1,recipients,ready,ready,True,1158,0.00024655,4.224315907000118
block-0052.ordinary.session-2,block-0052,ordinary,migration-cutover-obligations,plain,reasoning,False,1,2,recipients,not_ready,undetermined,False,1461,0.0003205,5.922335988999976
block-0052.ordinary.session-3,block-0052,ordinary,migration-cutover-obligations,plain,reasoning,False,1,3,recipients,not_ready,undetermined,False,1380,0.00030385000000000004,5.112085535000006
block-0052.ordinary.session-4,block-0052,ordinary,migration-cutover-obligations,plain,reasoning,False,1,4,recipients,undetermined,undetermined,True,951,0.00013505,2.1082363410000653
block-0052.ordinary.session-5,block-0052,ordinary,migration-cutover-obligations,plain,reasoning,False,1,5,recipients,undetermined,undetermined,True,1116,0.0002224,3.27250783400018
block-0052.ordinary.session-6,block-0052,ordinary,migration-cutover-obligations,plain,reasoning,False,1,6,recipients,ready,undetermined,False,1244,0.00022565,4.565249791000042
block-0052.ordinary.session-7,block-0052,ordinary,migration-cutover-obligations,plain,reasoning,False,1,7,recipients,ready,undetermined,False,1101,0.00019785,3.9622160829999302
block-0052.ordinary.session-8,block-0052,ordinary,migration-cutover-obligations,plain,reasoning,False,1,8,recipients,not_ready,undetermined,False,1158,0.00021365000000000002,3.983933712999942
block-0052.ordinary.session-9,block-0052,ordinary,migration-cutover-obligations,plain,reasoning,False,1,9,recipients,not_ready,undetermined,False,1132,0.00020115000000000004,2.693996363999986
block-0052.ordinary.session-10,block-0052,ordinary,migration-cutover-obligations,plain,reasoning,False,1,10,recipients,ready,undetermined,False,989,0.00015025,2.2028158420000636
block-0052.eal.session-0,block-0052,eal,migration-cutover-obligations,plain,reasoning,False,1,0,initial,ready,ready,True,1425,0.0001662,2.568440482999904
block-0052.eal.session-1,block-0052,eal,migration-cutover-obligations,plain,reasoning,False,1,1,recipients,ready,ready,True,738,0.00016815,3.517172103999883
block-0052.eal.session-2,block-0052,eal,migration-cutover-obligations,plain,reasoning,False,1,2,recipients,not_ready,not_ready,True,1147,0.00033140000000000003,6.583882274999951
block-0052.eal.session-3,block-0052,eal,migration-cutover-obligations,plain,reasoning,False,1,3,recipients,not_ready,not_ready,True,833,0.00020580000000000002,4.417109587000141
block-0052.eal.session-4,block-0052,eal,migration-cutover-obligations,plain,reasoning,False,1,4,recipients,undetermined,undetermined,True,647,0.0001307,2.930212943000015
block-0052.eal.session-5,block-0052,eal,migration-cutover-obligations,plain,reasoning,False,1,5,recipients,undetermined,undetermined,True,770,0.00017990000000000004,2.942708937999896
block-0052.eal.session-6,block-0052,eal,migration-cutover-obligations,plain,reasoning,False,1,6,recipients,ready,ready,True,753,0.00017415,3.1270530870001494
block-0052.eal.session-7,block-0052,eal,migration-cutover-obligations,plain,reasoning,False,1,7,recipients,ready,ready,True,646,0.00013135,2.96960064100017
block-0052.eal.session-8,block-0052,eal,migration-cutover-obligations,plain,reasoning,False,1,8,recipients,not_ready,not_ready,True,655,0.0001346,3.048069491999968
block-0052.eal.session-9,block-0052,eal,migration-cutover-obligations,plain,reasoning,False,1,9,recipients,not_ready,not_ready,True,703,0.00015379999999999997,2.9002774440000394
block-0052.eal.session-10,block-0052,eal,migration-cutover-obligations,plain,reasoning,False,1,10,recipients,ready,ready,True,597,0.00011175000000000002,2.668982643999925
block-0053.ordinary.session-0,block-0053,ordinary,migration-cutover-obligations,plain,reasoning,False,0,0,initial,ready,ready,True,1781,0.0002066,2.1773374370000056
block-0053.ordinary.session-1,block-0053,ordinary,migration-cutover-obligations,plain,reasoning,False,0,1,recipients,ready,ready,True,951,0.00016305,2.762454271000024
block-0053.ordinary.session-2,block-0053,ordinary,migration-cutover-obligations,plain,reasoning,False,0,2,recipients,not_ready,ready,False,1266,0.00025614999999999996,4.306097022000131
block-0053.ordinary.session-3,block-0053,ordinary,migration-cutover-obligations,plain,reasoning,False,0,3,recipients,not_ready,ready,False,960,0.0001404,2.1515137310000227
block-0053.ordinary.session-4,block-0053,ordinary,migration-cutover-obligations,plain,reasoning,False,0,4,recipients,undetermined,undetermined,True,1511,0.0003573,5.764319432000093
block-0053.ordinary.session-5,block-0053,ordinary,migration-cutover-obligations,plain,reasoning,False,0,5,recipients,undetermined,undetermined,True,1040,0.0001808,2.526132202000099
block-0053.ordinary.session-6,block-0053,ordinary,migration-cutover-obligations,plain,reasoning,False,0,6,recipients,ready,undetermined,False,1093,0.00020480000000000002,4.181179845000088
block-0053.ordinary.session-7,block-0053,ordinary,migration-cutover-obligations,plain,reasoning,False,0,7,recipients,ready,undetermined,False,989,0.00015515,2.748425451000003
block-0053.ordinary.session-8,block-0053,ordinary,migration-cutover-obligations,plain,reasoning,False,0,8,recipients,not_ready,undetermined,False,1015,0.00016625,2.438019635999808
block-0053.ordinary.session-9,block-0053,ordinary,migration-cutover-obligations,plain,reasoning,False,0,9,recipients,not_ready,undetermined,False,954,0.00014255000000000002,2.1279814370000167
block-0053.ordinary.session-10,block-0053,ordinary,migration-cutover-obligations,plain,reasoning,False,0,10,recipients,ready,undetermined,False,1268,0.00027095000000000005,4.503024514999879
block-0053.eal.session-0,block-0053,eal,migration-cutover-obligations,plain,reasoning,False,0,0,initial,ready,ready,True,1425,0.0001662,2.6568733690000954
block-0053.eal.session-1,block-0053,eal,migration-cutover-obligations,plain,reasoning,False,0,1,recipients,ready,ready,True,691,0.00014935000000000003,3.205720901000177
block-0053.eal.session-2,block-0053,eal,migration-cutover-obligations,plain,reasoning,False,0,2,recipients,not_ready,not_ready,True,781,0.000185,4.491634946000204
block-0053.eal.session-3,block-0053,eal,migration-cutover-obligations,plain,reasoning,False,0,3,recipients,not_ready,not_ready,True,877,0.0002234,4.488699014999838
block-0053.eal.session-4,block-0053,eal,migration-cutover-obligations,plain,reasoning,False,0,4,recipients,undetermined,undetermined,True,711,0.0001563,3.148150722999844
block-0053.eal.session-5,block-0053,eal,migration-cutover-obligations,plain,reasoning,False,0,5,recipients,undetermined,undetermined,True,705,0.0001539,2.449219555000127
block-0053.eal.session-6,block-0053,eal,migration-cutover-obligations,plain,reasoning,False,0,6,recipients,ready,ready,True,612,0.00011775000000000002,2.440149596000083
block-0053.eal.session-7,block-0053,eal,migration-cutover-obligations,plain,reasoning,False,0,7,recipients,ready,ready,True,688,0.00014815,3.858361545999969
block-0053.eal.session-8,block-0053,eal,migration-cutover-obligations,plain,reasoning,False,0,8,recipients,not_ready,not_ready,True,719,0.0001602,3.2468744069999502
block-0053.eal.session-9,block-0053,eal,migration-cutover-obligations,plain,reasoning,False,0,9,recipients,not_ready,not_ready,True,622,0.00012140000000000001,2.764922198000022
block-0053.eal.session-10,block-0053,eal,migration-cutover-obligations,plain,reasoning,False,0,10,recipients,ready,ready,True,623,0.00012215000000000001,2.986625108999988
block-0054.eal.session-0,block-0054,eal,dispatch-direct-or-tunnel,reasoning,reasoning,True,0,0,initial,ready,ready,True,799,0.00015405,2.7004596489998676
block-0054.eal.session-1,block-0054,eal,dispatch-direct-or-tunnel,reasoning,reasoning,True,0,1,recipients,ready,ready,True,740,0.00013045000000000003,2.616715396000018
block-0054.eal.session-2,block-0054,eal,dispatch-direct-or-tunnel,reasoning,reasoning,True,0,2,recipients,not_ready,not_ready,True,860,0.00017810000000000002,3.461771065999983
block-0054.eal.session-3,block-0054,eal,dispatch-direct-or-tunnel,reasoning,reasoning,True,0,3,recipients,not_ready,not_ready,True,1002,0.00023490000000000004,3.9306043659998977
block-0054.eal.session-4,block-0054,eal,dispatch-direct-or-tunnel,reasoning,reasoning,True,0,4,recipients,ready,ready,True,707,0.00011725000000000002,2.4107408259999374
block-0054.eal.session-5,block-0054,eal,dispatch-direct-or-tunnel,reasoning,reasoning,True,0,5,recipients,ready,ready,True,751,0.00013485,2.4433024540001043
block-0054.eal.session-6,block-0054,eal,dispatch-direct-or-tunnel,reasoning,reasoning,True,0,6,recipients,undetermined,undetermined,True,880,0.00018540000000000003,3.592789886999981
block-0054.eal.session-7,block-0054,eal,dispatch-direct-or-tunnel,reasoning,reasoning,True,0,7,recipients,undetermined,undetermined,True,745,0.0001314,2.549408052999979
block-0054.eal.session-8,block-0054,eal,dispatch-direct-or-tunnel,reasoning,reasoning,True,0,8,recipients,ready,ready,True,780,0.00014645,3.1179802569999993
block-0054.eal.session-9,block-0054,eal,dispatch-direct-or-tunnel,reasoning,reasoning,True,0,9,recipients,ready,ready,True,793,0.00015165,3.133721583000124
block-0054.eal.session-10,block-0054,eal,dispatch-direct-or-tunnel,reasoning,reasoning,True,0,10,recipients,undetermined,undetermined,True,657,9.620000000000001e-05,1.9722314250000181
block-0054.ordinary.session-0,block-0054,ordinary,dispatch-direct-or-tunnel,reasoning,reasoning,True,0,0,initial,ready,ready,True,2607,0.00026965,3.799256850999882
block-0054.ordinary.session-1,block-0054,ordinary,dispatch-direct-or-tunnel,reasoning,reasoning,True,0,1,recipients,ready,ready,True,1259,0.0001718,2.3312445429999116
block-0054.ordinary.session-2,block-0054,ordinary,dispatch-direct-or-tunnel,reasoning,reasoning,True,0,2,recipients,not_ready,ready,False,1215,0.00016575,2.1848624059998656
block-0054.ordinary.session-3,block-0054,ordinary,dispatch-direct-or-tunnel,reasoning,reasoning,True,0,3,recipients,not_ready,ready,False,1128,0.00014635000000000003,1.9060742980000214
block-0054.ordinary.session-4,block-0054,ordinary,dispatch-direct-or-tunnel,reasoning,reasoning,True,0,4,recipients,ready,ready,True,1144,0.00015065,2.0055060199999843
block-0054.ordinary.session-5,block-0054,ordinary,dispatch-direct-or-tunnel,reasoning,reasoning,True,0,5,recipients,ready,ready,True,1083,0.0001315,1.7655270309999196
block-0054.ordinary.session-6,block-0054,ordinary,dispatch-direct-or-tunnel,reasoning,reasoning,True,0,6,recipients,undetermined,ready,False,1428,0.00027685000000000003,4.49174970099989
block-0054.ordinary.session-7,block-0054,ordinary,dispatch-direct-or-tunnel,reasoning,reasoning,True,0,7,recipients,undetermined,ready,False,1074,0.00014015000000000002,2.1119900669998515
block-0054.ordinary.session-8,block-0054,ordinary,dispatch-direct-or-tunnel,reasoning,reasoning,True,0,8,recipients,ready,ready,True,1136,0.00015410000000000003,2.008797647999927
block-0054.ordinary.session-9,block-0054,ordinary,dispatch-direct-or-tunnel,reasoning,reasoning,True,0,9,recipients,ready,ready,True,1174,0.00017175000000000003,2.2723994749999292
block-0054.ordinary.session-10,block-0054,ordinary,dispatch-direct-or-tunnel,reasoning,reasoning,True,0,10,recipients,undetermined,ready,False,1113,0.00015155000000000002,2.2365567570000167
block-0055.eal.session-0,block-0055,eal,migration-cutover-obligations,plain,plain,True,0,0,initial,ready,ready,True,1452,0.000177,4.497416006000094
block-0055.eal.session-1,block-0055,eal,migration-cutover-obligations,plain,plain,True,0,1,recipients,ready,ready,True,1424,0.0001658,2.951594718000024
block-0055.eal.session-2,block-0055,eal,migration-cutover-obligations,plain,plain,True,0,2,recipients,not_ready,ready,False,1506,0.0001773,2.892677178999975
block-0055.eal.session-3,block-0055,eal,migration-cutover-obligations,plain,plain,True,0,3,recipients,not_ready,not_ready,True,1488,0.00017010000000000001,3.2516986759999327
block-0055.eal.session-4,block-0055,eal,migration-cutover-obligations,plain,plain,True,0,4,recipients,undetermined,undetermined,True,1369,0.0001627,3.647505393000074
block-0055.eal.session-5,block-0055,eal,migration-cutover-obligations,plain,plain,True,0,5,recipients,undetermined,undetermined,True,1392,0.00017190000000000003,3.6265178099999957
block-0055.eal.session-6,block-0055,eal,migration-cutover-obligations,plain,plain,True,0,6,recipients,ready,ready,True,1551,0.000177,2.3312693020000097
block-0055.eal.session-7,block-0055,eal,migration-cutover-obligations,plain,plain,True,0,7,recipients,ready,ready,True,1554,0.0001782,2.596550382000032
block-0055.eal.session-8,block-0055,eal,migration-cutover-obligations,plain,plain,True,0,8,recipients,not_ready,not_ready,True,1644,0.00019380000000000002,3.0601192929998433
block-0055.eal.session-9,block-0055,eal,migration-cutover-obligations,plain,plain,True,0,9,recipients,not_ready,not_ready,True,1653,0.0001974,3.4922941329998594
block-0055.eal.session-10,block-0055,eal,migration-cutover-obligations,plain,plain,True,0,10,recipients,ready,ready,True,1755,0.00019830000000000002,2.4781795229998806
block-0055.ordinary.session-0,block-0055,ordinary,migration-cutover-obligations,plain,plain,True,0,0,initial,ready,ready,True,1778,0.0002054,3.022939691000147
block-0055.ordinary.session-1,block-0055,ordinary,migration-cutover-obligations,plain,plain,True,0,1,recipients,ready,ready,True,1948,0.00022240000000000004,2.334065725999835
block-0055.ordinary.session-2,block-0055,ordinary,migration-cutover-obligations,plain,plain,True,0,2,recipients,not_ready,ready,False,2003,0.00022370000000000002,2.2747165120001682
block-0055.ordinary.session-3,block-0055,ordinary,migration-cutover-obligations,plain,plain,True,0,3,recipients,not_ready,ready,False,1975,0.0002209,3.4691868400000203
block-0055.ordinary.session-4,block-0055,ordinary,migration-cutover-obligations,plain,plain,True,0,4,recipients,undetermined,ready,False,1838,0.0002075,2.6358507669999653
block-0055.ordinary.session-5,block-0055,ordinary,migration-cutover-obligations,plain,plain,True,0,5,recipients,undetermined,ready,False,1850,0.0002117,2.783055142999956
block-0055.ordinary.session-6,block-0055,ordinary,migration-cutover-obligations,plain,plain,True,0,6,recipients,ready,ready,True,2066,0.00023180000000000005,2.371314423000058
block-0055.ordinary.session-7,block-0055,ordinary,migration-cutover-obligations,plain,plain,True,0,7,recipients,ready,ready,True,2071,0.00023680000000000004,2.3392537500001254
block-0055.ordinary.session-8,block-0055,ordinary,migration-cutover-obligations,plain,plain,True,0,8,recipients,not_ready,ready,False,2168,0.0002468,4.848552839999911
block-0055.ordinary.session-9,block-0055,ordinary,migration-cutover-obligations,plain,plain,True,0,9,recipients,not_ready,not_ready,True,2182,0.00025180000000000005,2.468974732999868
block-0055.ordinary.session-10,block-0055,ordinary,migration-cutover-obligations,plain,plain,True,0,10,recipients,ready,not_ready,False,2341,0.00026770000000000006,8.347894127000018
block-0056.eal.session-0,block-0056,eal,database-alternative-read-routes,reasoning,reasoning,True,3,0,initial,ready,ready,True,792,0.0001495,2.8776986970001417
block-0056.eal.session-1,block-0056,eal,database-alternative-read-routes,reasoning,reasoning,True,3,1,recipients,ready,ready,True,735,0.00012670000000000002,2.5280218190000596
block-0056.eal.session-2,block-0056,eal,database-alternative-read-routes,reasoning,reasoning,True,3,2,recipients,ready,ready,True,674,0.0001023,2.078107297000088
block-0056.eal.session-3,block-0056,eal,database-alternative-read-routes,reasoning,reasoning,True,3,3,recipients,ready,ready,True,705,0.00011470000000000002,2.501439590000018
block-0056.eal.session-4,block-0056,eal,database-alternative-read-routes,reasoning,reasoning,True,3,4,recipients,not_ready,not_ready,True,913,0.00019755,3.4221062440001333
block-0056.eal.session-5,block-0056,eal,database-alternative-read-routes,reasoning,reasoning,True,3,5,recipients,not_ready,not_ready,True,930,0.00020435000000000003,3.4473002679999354
block-0056.eal.session-6,block-0056,eal,database-alternative-read-routes,reasoning,reasoning,True,3,6,recipients,undetermined,undetermined,True,751,0.00013205,2.512927991999959
block-0056.eal.session-7,block-0056,eal,database-alternative-read-routes,reasoning,reasoning,True,3,7,recipients,undetermined,undetermined,True,798,0.00015085000000000003,2.5018864779999603
block-0056.eal.session-8,block-0056,eal,database-alternative-read-routes,reasoning,reasoning,True,3,8,recipients,ready,ready,True,716,0.00011910000000000001,2.7404422959998556
block-0056.eal.session-9,block-0056,eal,database-alternative-read-routes,reasoning,reasoning,True,3,9,recipients,ready,ready,True,796,0.0001511,2.8980071190001127
block-0056.eal.session-10,block-0056,eal,database-alternative-read-routes,reasoning,reasoning,True,3,10,recipients,undetermined,undetermined,True,770,0.00013965,3.0568829290000394
block-0056.ordinary.session-0,block-0056,ordinary,database-alternative-read-routes,reasoning,reasoning,True,3,0,initial,ready,ready,True,2580,0.0002592,3.984377600000016
block-0056.ordinary.session-1,block-0056,ordinary,database-alternative-read-routes,reasoning,reasoning,True,3,1,recipients,ready,ready,True,1281,0.00017675,2.29769734599995
block-0056.ordinary.session-2,block-0056,ordinary,database-alternative-read-routes,reasoning,reasoning,True,3,2,recipients,ready,ready,True,1323,0.0002044,3.5621660379999867
block-0056.ordinary.session-3,block-0056,ordinary,database-alternative-read-routes,reasoning,reasoning,True,3,3,recipients,ready,undetermined,False,1431,0.0002525,3.1534941959998832
block-0056.ordinary.session-4,block-0056,ordinary,database-alternative-read-routes,reasoning,reasoning,True,3,4,recipients,not_ready,undetermined,False,1368,0.00020245000000000001,2.633510738000041
block-0056.ordinary.session-5,block-0056,ordinary,database-alternative-read-routes,reasoning,reasoning,True,3,5,recipients,not_ready,undetermined,False,1340,0.0001888,2.2786660599999777
block-0056.ordinary.session-6,block-0056,ordinary,database-alternative-read-routes,reasoning,reasoning,True,3,6,recipients,undetermined,undetermined,True,1320,0.00018465000000000002,2.2404745160001767
block-0056.ordinary.session-7,block-0056,ordinary,database-alternative-read-routes,reasoning,reasoning,True,3,7,recipients,undetermined,undetermined,True,1445,0.00023395000000000002,2.9903491210000084
block-0056.ordinary.session-8,block-0056,ordinary,database-alternative-read-routes,reasoning,reasoning,True,3,8,recipients,ready,undetermined,False,1325,0.000194,2.9722760909999124
block-0056.ordinary.session-9,block-0056,ordinary,database-alternative-read-routes,reasoning,reasoning,True,3,9,recipients,ready,undetermined,False,1285,0.0001794,2.6696224190000066
block-0056.ordinary.session-10,block-0056,ordinary,database-alternative-read-routes,reasoning,reasoning,True,3,10,recipients,undetermined,ready,False,3832,0.00047545,5.434310193999863
block-0057.eal.session-0,block-0057,eal,release-three-obligations,reasoning,reasoning,True,2,0,initial,ready,ready,True,748,0.00014240000000000002,2.6526100129999577
block-0057.eal.session-1,block-0057,eal,release-three-obligations,reasoning,reasoning,True,2,1,recipients,ready,ready,True,680,0.00011520000000000002,2.4531897219999337
block-0057.eal.session-2,block-0057,eal,release-three-obligations,reasoning,reasoning,True,2,2,recipients,not_ready,not_ready,True,717,0.00012965,2.6205805570000393
block-0057.eal.session-3,block-0057,eal,release-three-obligations,reasoning,reasoning,True,2,3,recipients,not_ready,not_ready,True,751,0.00014325,2.738763259999814
block-0057.eal.session-4,block-0057,eal,release-three-obligations,reasoning,reasoning,True,2,4,recipients,undetermined,undetermined,True,732,0.00013495000000000003,3.0087551760000224
block-0057.eal.session-5,block-0057,eal,release-three-obligations,reasoning,reasoning,True,2,5,recipients,undetermined,undetermined,True,810,0.00016615,2.9275949170000786
block-0057.eal.session-6,block-0057,eal,release-three-obligations,reasoning,reasoning,True,2,6,recipients,ready,ready,True,748,0.00014240000000000002,2.8806936109999697
block-0057.eal.session-7,block-0057,eal,release-three-obligations,reasoning,reasoning,True,2,7,recipients,ready,ready,True,751,0.0001436,2.6788883649999207
block-0057.eal.session-8,block-0057,eal,release-three-obligations,reasoning,reasoning,True,2,8,recipients,undetermined,undetermined,True,809,0.00016575000000000002,2.8540653959998963
block-0057.eal.session-9,block-0057,eal,release-three-obligations,reasoning,reasoning,True,2,9,recipients,undetermined,undetermined,True,848,0.00018135000000000002,2.921951458000194
block-0057.eal.session-10,block-0057,eal,release-three-obligations,reasoning,reasoning,True,2,10,recipients,not_ready,not_ready,True,721,0.00013125,2.4859054000000924
block-0057.ordinary.session-0,block-0057,ordinary,release-three-obligations,reasoning,reasoning,True,2,0,initial,ready,ready,True,2172,0.00021360000000000001,2.9549749420000353
block-0057.ordinary.session-1,block-0057,ordinary,release-three-obligations,reasoning,reasoning,True,2,1,recipients,ready,ready,True,907,0.00010765,2.0083310640000036
block-0057.ordinary.session-2,block-0057,ordinary,release-three-obligations,reasoning,reasoning,True,2,2,recipients,not_ready,ready,False,1055,0.00016720000000000003,2.4704738890000044
block-0057.ordinary.session-3,block-0057,ordinary,release-three-obligations,reasoning,reasoning,True,2,3,recipients,not_ready,not_ready,True,2611,0.000273,3.3960323149999567
block-0057.ordinary.session-4,block-0057,ordinary,release-three-obligations,reasoning,reasoning,True,2,4,recipients,undetermined,not_ready,False,1083,0.00018365000000000002,2.7105586600000606
block-0057.ordinary.session-5,block-0057,ordinary,release-three-obligations,reasoning,reasoning,True,2,5,recipients,undetermined,not_ready,False,1006,0.00014165,2.0944250520001333
block-0057.ordinary.session-6,block-0057,ordinary,release-three-obligations,reasoning,reasoning,True,2,6,recipients,ready,not_ready,False,977,0.0001318,1.8884932430000845
block-0057.ordinary.session-7,block-0057,ordinary,release-three-obligations,reasoning,reasoning,True,2,7,recipients,ready,not_ready,False,1073,0.00016985000000000004,3.251701085999912
block-0057.ordinary.session-8,block-0057,ordinary,release-three-obligations,reasoning,reasoning,True,2,8,recipients,undetermined,not_ready,False,989,0.00013869999999999998,1.9106021359998522
block-0057.ordinary.session-9,block-0057,ordinary,release-three-obligations,reasoning,reasoning,True,2,9,recipients,undetermined,not_ready,False,1055,0.00015845000000000003,2.1397505100001126
block-0057.ordinary.session-10,block-0057,ordinary,release-three-obligations,reasoning,reasoning,True,2,10,recipients,not_ready,not_ready,True,938,0.0001232,1.9310445930000242
block-0058.ordinary.session-0,block-0058,ordinary,release-three-obligations,plain,reasoning,False,1,0,initial,ready,ready,True,1724,0.0001964,1.4674496070001624
block-0058.ordinary.session-1,block-0058,ordinary,release-three-obligations,plain,reasoning,False,1,1,recipients,ready,ready,True,828,0.0001261,1.8150350389998948
block-0058.ordinary.session-2,block-0058,ordinary,release-three-obligations,plain,reasoning,False,1,2,recipients,not_ready,ready,False,817,0.0001084,1.6176812699998209
block-0058.ordinary.session-3,block-0058,ordinary,release-three-obligations,plain,reasoning,False,1,3,recipients,not_ready,ready,False,860,0.0001151,1.8381213379998371
block-0058.ordinary.session-4,block-0058,ordinary,release-three-obligations,plain,reasoning,False,1,4,recipients,undetermined,undetermined,True,1617,0.00042140000000000005,8.464881856000147
block-0058.ordinary.session-5,block-0058,ordinary,release-three-obligations,plain,reasoning,False,1,5,recipients,undetermined,undetermined,True,906,0.0001293,2.3917465689999062
block-0058.ordinary.session-6,block-0058,ordinary,release-three-obligations,plain,reasoning,False,1,6,recipients,ready,undetermined,False,995,0.00016560000000000001,2.8760281129998475
block-0058.ordinary.session-7,block-0058,ordinary,release-three-obligations,plain,reasoning,False,1,7,recipients,ready,undetermined,False,948,0.0001349,2.0921299589999762
block-0058.ordinary.session-8,block-0058,ordinary,release-three-obligations,plain,reasoning,False,1,8,recipients,undetermined,undetermined,True,890,0.00013025,1.9291328770000291
block-0058.ordinary.session-9,block-0058,ordinary,release-three-obligations,plain,reasoning,False,1,9,recipients,undetermined,undetermined,True,892,0.0001335,2.1161553800000092
block-0058.ordinary.session-10,block-0058,ordinary,release-three-obligations,plain,reasoning,False,1,10,recipients,not_ready,undetermined,False,969,0.00017235,2.2815318830000706
block-0058.eal.session-0,block-0058,eal,release-three-obligations,plain,reasoning,False,1,0,initial,ready,ready,True,1356,0.000153,2.019060202999981
block-0058.eal.session-1,block-0058,eal,release-three-obligations,plain,reasoning,False,1,1,recipients,ready,ready,True,711,0.0001654,3.1224220819999573
block-0058.eal.session-2,block-0058,eal,release-three-obligations,plain,reasoning,False,1,2,recipients,not_ready,not_ready,True,566,0.00010705,2.2489277279998987
block-0058.eal.session-3,block-0058,eal,release-three-obligations,plain,reasoning,False,1,3,recipients,not_ready,not_ready,True,771,0.00018905000000000001,4.512178268000071
block-0058.eal.session-4,block-0058,eal,release-three-obligations,plain,reasoning,False,1,4,recipients,undetermined,undetermined,True,735,0.00017395000000000003,3.035895637000067
block-0058.eal.session-5,block-0058,eal,release-three-obligations,plain,reasoning,False,1,5,recipients,undetermined,undetermined,True,823,0.00020915000000000002,3.471507497000175
block-0058.eal.session-6,block-0058,eal,release-three-obligations,plain,reasoning,False,1,6,recipients,ready,ready,True,651,0.0001414,3.4626045949999025
block-0058.eal.session-7,block-0058,eal,release-three-obligations,plain,reasoning,False,1,7,recipients,ready,ready,True,658,0.00014419999999999998,2.454108184000006
block-0058.eal.session-8,block-0058,eal,release-three-obligations,plain,reasoning,False,1,8,recipients,undetermined,ambiguous,,638,0.00013515,3.105566354000075
block-0058.eal.session-9,block-0058,eal,release-three-obligations,plain,reasoning,False,1,9,recipients,undetermined,undetermined,True,734,0.00017355000000000002,3.2192356079999627
block-0058.eal.session-10,block-0058,eal,release-three-obligations,plain,reasoning,False,1,10,recipients,not_ready,not_ready,True,706,0.00016305,21.621833642999945
block-0059.ordinary.session-0,block-0059,ordinary,database-alternative-read-routes,plain,reasoning,True,3,0,initial,ready,ambiguous,,2131,0.00024970000000000005,3.5247146300000622
block-0059.ordinary.session-1,block-0059,ordinary,database-alternative-read-routes,plain,reasoning,True,3,1,recipients,ready,ready,True,1455,0.00028240000000000003,5.334235017000083
block-0059.ordinary.session-2,block-0059,ordinary,database-alternative-read-routes,plain,reasoning,True,3,2,recipients,ready,ready,True,3483,0.00043560000000000007,5.66753897500007
block-0059.ordinary.session-3,block-0059,ordinary,database-alternative-read-routes,plain,reasoning,True,3,3,recipients,ready,ready,True,1229,0.00017519999999999998,2.6008752789998653
block-0059.ordinary.session-4,block-0059,ordinary,database-alternative-read-routes,plain,reasoning,True,3,4,recipients,not_ready,ready,False,1351,0.00022925,3.0471586900000602
block-0059.ordinary.session-5,block-0059,ordinary,database-alternative-read-routes,plain,reasoning,True,3,5,recipients,not_ready,undetermined,False,1540,0.00030030000000000004,4.0542036980000375
block-0059.ordinary.session-6,block-0059,ordinary,database-alternative-read-routes,plain,reasoning,True,3,6,recipients,undetermined,undetermined,True,1133,0.00015185000000000003,1.83773187099996
block-0059.ordinary.session-7,block-0059,ordinary,database-alternative-read-routes,plain,reasoning,True,3,7,recipients,undetermined,undetermined,True,1100,0.0001376,1.9567199220000475
block-0059.ordinary.session-8,block-0059,ordinary,database-alternative-read-routes,plain,reasoning,True,3,8,recipients,ready,undetermined,False,1268,0.0001985,3.2530226460000904
block-0059.ordinary.session-9,block-0059,ordinary,database-alternative-read-routes,plain,reasoning,True,3,9,recipients,ready,undetermined,False,1209,0.0001826,2.1991382400001385
block-0059.ordinary.session-10,block-0059,ordinary,database-alternative-read-routes,plain,reasoning,True,3,10,recipients,undetermined,undetermined,True,1189,0.00016690000000000002,2.396007741999938
block-0059.eal.session-0,block-0059,eal,database-alternative-read-routes,plain,reasoning,True,3,0,initial,ready,ready,True,1552,0.0001759,2.5530589979998695
block-0059.eal.session-1,block-0059,eal,database-alternative-read-routes,plain,reasoning,True,3,1,recipients,ready,ready,True,712,0.00011750000000000001,2.103194062000057
block-0059.eal.session-2,block-0059,eal,database-alternative-read-routes,plain,reasoning,True,3,2,recipients,ready,ready,True,677,0.00010350000000000001,2.0158862260000205
block-0059.eal.session-3,block-0059,eal,database-alternative-read-routes,plain,reasoning,True,3,3,recipients,ready,ready,True,702,0.00011350000000000001,2.8790154420000817
block-0059.eal.session-4,block-0059,eal,database-alternative-read-routes,plain,reasoning,True,3,4,recipients,not_ready,not_ready,True,711,0.00011675000000000002,2.148248090999914
block-0059.eal.session-5,block-0059,eal,database-alternative-read-routes,plain,reasoning,True,3,5,recipients,not_ready,not_ready,True,925,0.00020235,3.005781638999906
block-0059.eal.session-6,block-0059,eal,database-alternative-read-routes,plain,reasoning,True,3,6,recipients,undetermined,undetermined,True,915,0.00019765000000000003,3.1714525040001718
block-0059.eal.session-7,block-0059,eal,database-alternative-read-routes,plain,reasoning,True,3,7,recipients,undetermined,undetermined,True,684,0.00010525,2.447401253999942
block-0059.eal.session-8,block-0059,eal,database-alternative-read-routes,plain,reasoning,True,3,8,recipients,ready,ready,True,702,0.00011350000000000001,2.247972187999949
block-0059.eal.session-9,block-0059,eal,database-alternative-read-routes,plain,reasoning,True,3,9,recipients,ready,ready,True,748,0.0001319,2.3407402360001015
block-0059.eal.session-10,block-0059,eal,database-alternative-read-routes,plain,reasoning,True,3,10,recipients,undetermined,undetermined,True,998,0.00023085000000000003,7.683708879000051
block-0060.ordinary.session-0,block-0060,ordinary,dispatch-direct-or-tunnel,reasoning,plain,False,0,0,initial,ready,ready,True,2528,0.00025135,3.180378550000114
block-0060.ordinary.session-1,block-0060,ordinary,dispatch-direct-or-tunnel,reasoning,plain,False,0,1,recipients,ready,ready,True,895,0.00012610000000000003,1.7613344030000917
block-0060.ordinary.session-2,block-0060,ordinary,dispatch-direct-or-tunnel,reasoning,plain,False,0,2,recipients,not_ready,ready,False,861,0.00011910000000000001,1.2265148440001212
block-0060.ordinary.session-3,block-0060,ordinary,dispatch-direct-or-tunnel,reasoning,plain,False,0,3,recipients,not_ready,ready,False,855,0.00012030000000000001,1.6751334729999598
block-0060.ordinary.session-4,block-0060,ordinary,dispatch-direct-or-tunnel,reasoning,plain,False,0,4,recipients,ready,ready,True,862,0.00012130000000000001,1.5617340989999775
block-0060.ordinary.session-5,block-0060,ordinary,dispatch-direct-or-tunnel,reasoning,plain,False,0,5,recipients,ready,ready,True,873,0.0001254,1.2671582860000399
block-0060.ordinary.session-6,block-0060,ordinary,dispatch-direct-or-tunnel,reasoning,plain,False,0,6,recipients,undetermined,ready,False,896,0.00013160000000000003,2.545719149999968
block-0060.ordinary.session-7,block-0060,ordinary,dispatch-direct-or-tunnel,reasoning,plain,False,0,7,recipients,undetermined,ready,False,891,0.00012570000000000002,1.1857330430000275
block-0060.ordinary.session-8,block-0060,ordinary,dispatch-direct-or-tunnel,reasoning,plain,False,0,8,recipients,ready,ready,True,871,0.0001243,1.4075064869998641
block-0060.ordinary.session-9,block-0060,ordinary,dispatch-direct-or-tunnel,reasoning,plain,False,0,9,recipients,ready,ready,True,872,0.0001241,0.9720997079998597
block-0060.ordinary.session-10,block-0060,ordinary,dispatch-direct-or-tunnel,reasoning,plain,False,0,10,recipients,undetermined,ready,False,872,0.00012440000000000002,3.8038765129999774
block-0060.eal.session-0,block-0060,eal,dispatch-direct-or-tunnel,reasoning,plain,False,0,0,initial,ready,ready,True,847,0.00017325,3.2409139080000386
block-0060.eal.session-1,block-0060,eal,dispatch-direct-or-tunnel,reasoning,plain,False,0,1,recipients,ready,ready,True,451,7.06e-05,2.2967659800001456
block-0060.eal.session-2,block-0060,eal,dispatch-direct-or-tunnel,reasoning,plain,False,0,2,recipients,not_ready,not_ready,True,452,7.07e-05,2.1746306490001643
block-0060.eal.session-3,block-0060,eal,dispatch-direct-or-tunnel,reasoning,plain,False,0,3,recipients,not_ready,not_ready,True,440,6.59e-05,1.5199997049999183
block-0060.eal.session-4,block-0060,eal,dispatch-direct-or-tunnel,reasoning,plain,False,0,4,recipients,ready,ready,True,431,6.26e-05,1.3001515559999461
block-0060.eal.session-5,block-0060,eal,dispatch-direct-or-tunnel,reasoning,plain,False,0,5,recipients,ready,ready,True,449,6.980000000000002e-05,2.2016079709999303
block-0060.eal.session-6,block-0060,eal,dispatch-direct-or-tunnel,reasoning,plain,False,0,6,recipients,undetermined,undetermined,True,445,6.73e-05,1.7034238749999986
block-0060.eal.session-7,block-0060,eal,dispatch-direct-or-tunnel,reasoning,plain,False,0,7,recipients,undetermined,undetermined,True,457,7.209999999999999e-05,2.1642015030001858
block-0060.eal.session-8,block-0060,eal,dispatch-direct-or-tunnel,reasoning,plain,False,0,8,recipients,ready,ready,True,437,6.5e-05,2.0663848809999763
block-0060.eal.session-9,block-0060,eal,dispatch-direct-or-tunnel,reasoning,plain,False,0,9,recipients,ready,ready,True,424,5.9800000000000003e-05,1.7477120280000236
block-0060.eal.session-10,block-0060,eal,dispatch-direct-or-tunnel,reasoning,plain,False,0,10,recipients,undetermined,undetermined,True,453,7.05e-05,2.3706363420001253
block-0061.ordinary.session-0,block-0061,ordinary,migration-multiple-version-bindings,reasoning,reasoning,True,3,0,initial,ready,ready,True,2346,0.00022545,3.492838139000014
block-0061.ordinary.session-1,block-0061,ordinary,migration-multiple-version-bindings,reasoning,reasoning,True,3,1,recipients,ready,ready,True,1190,0.0001799,2.3033498989998407
block-0061.ordinary.session-2,block-0061,ordinary,migration-multiple-version-bindings,reasoning,reasoning,True,3,2,recipients,undetermined,ready,False,1259,0.0002068,2.733513635999998
block-0061.ordinary.session-3,block-0061,ordinary,migration-multiple-version-bindings,reasoning,reasoning,True,3,3,recipients,undetermined,ready,False,1179,0.00017515,3.1592467450000186
block-0061.ordinary.session-4,block-0061,ordinary,migration-multiple-version-bindings,reasoning,reasoning,True,3,4,recipients,not_ready,ready,False,1109,0.00015240000000000002,1.9187232980000317
block-0061.ordinary.session-5,block-0061,ordinary,migration-multiple-version-bindings,reasoning,reasoning,True,3,5,recipients,not_ready,ready,False,1104,0.0001553,1.9538825140000426
block-0061.ordinary.session-6,block-0061,ordinary,migration-multiple-version-bindings,reasoning,reasoning,True,3,6,recipients,ready,ready,True,1046,0.00012965,2.056563974000028
block-0061.ordinary.session-7,block-0061,ordinary,migration-multiple-version-bindings,reasoning,reasoning,True,3,7,recipients,ready,ready,True,3730,0.00048540000000000003,5.64619618200004
block-0061.ordinary.session-8,block-0061,ordinary,migration-multiple-version-bindings,reasoning,reasoning,True,3,8,recipients,undetermined,ready,False,1198,0.00017715,2.1451074040001004
block-0061.ordinary.session-9,block-0061,ordinary,migration-multiple-version-bindings,reasoning,reasoning,True,3,9,recipients,undetermined,ready,False,1194,0.00018500000000000002,2.4924789219999184
block-0061.ordinary.session-10,block-0061,ordinary,migration-multiple-version-bindings,reasoning,reasoning,True,3,10,recipients,not_ready,ready,False,1133,0.000162,2.3261133770001834
block-0061.eal.session-0,block-0061,eal,migration-multiple-version-bindings,reasoning,reasoning,True,3,0,initial,ready,ready,True,861,0.00017185000000000003,3.1964383500001077
block-0061.eal.session-1,block-0061,eal,migration-multiple-version-bindings,reasoning,reasoning,True,3,1,recipients,ready,ready,True,801,0.00014785,2.5181283899999016
block-0061.eal.session-2,block-0061,eal,migration-multiple-version-bindings,reasoning,reasoning,True,3,2,recipients,undetermined,undetermined,True,912,0.0001912,3.0801802440000756
block-0061.eal.session-3,block-0061,eal,migration-multiple-version-bindings,reasoning,reasoning,True,3,3,recipients,undetermined,undetermined,True,1028,0.00023760000000000003,4.03476076700008
block-0061.eal.session-4,block-0061,eal,migration-multiple-version-bindings,reasoning,reasoning,True,3,4,recipients,not_ready,not_ready,True,743,0.0001243,2.3306542679999893
block-0061.eal.session-5,block-0061,eal,migration-multiple-version-bindings,reasoning,reasoning,True,3,5,recipients,not_ready,not_ready,True,857,0.00016990000000000004,2.807465754000077
block-0061.eal.session-6,block-0061,eal,migration-multiple-version-bindings,reasoning,reasoning,True,3,6,recipients,ready,ready,True,826,0.00015785000000000002,6.257386205000103
block-0061.eal.session-7,block-0061,eal,migration-multiple-version-bindings,reasoning,reasoning,True,3,7,recipients,ready,ready,True,847,0.00016625,3.7408269309999014
block-0061.eal.session-8,block-0061,eal,migration-multiple-version-bindings,reasoning,reasoning,True,3,8,recipients,undetermined,undetermined,True,867,0.0001732,3.1267480890001025
block-0061.eal.session-9,block-0061,eal,migration-multiple-version-bindings,reasoning,reasoning,True,3,9,recipients,undetermined,undetermined,True,792,0.0001432,2.8281461330000184
block-0061.eal.session-10,block-0061,eal,migration-multiple-version-bindings,reasoning,reasoning,True,3,10,recipients,not_ready,not_ready,True,768,0.0001343,2.9495090929999606
block-0062.eal.session-0,block-0062,eal,release-three-obligations,reasoning,plain,False,2,0,initial,ready,ready,True,766,0.0001496,3.3508492529999785
block-0062.eal.session-1,block-0062,eal,release-three-obligations,reasoning,plain,False,2,1,recipients,ready,ready,True,416,6.41e-05,1.8850437730000067
block-0062.eal.session-2,block-0062,eal,release-three-obligations,reasoning,plain,False,2,2,recipients,not_ready,not_ready,True,435,7.14e-05,2.099914303999867
block-0062.eal.session-3,block-0062,eal,release-three-obligations,reasoning,plain,False,2,3,recipients,not_ready,not_ready,True,427,6.82e-05,1.5122534209999685
block-0062.eal.session-4,block-0062,eal,release-three-obligations,reasoning,plain,False,2,4,recipients,undetermined,undetermined,True,426,6.720000000000001e-05,2.1626480750001065
block-0062.eal.session-5,block-0062,eal,release-three-obligations,reasoning,plain,False,2,5,recipients,undetermined,undetermined,True,423,6.6e-05,1.7932687869999882
block-0062.eal.session-6,block-0062,eal,release-three-obligations,reasoning,plain,False,2,6,recipients,ready,ready,True,415,6.37e-05,1.23398569699998
block-0062.eal.session-7,block-0062,eal,release-three-obligations,reasoning,plain,False,2,7,recipients,ready,ready,True,412,6.25e-05,1.5878215979998913
block-0062.eal.session-8,block-0062,eal,release-three-obligations,reasoning,plain,False,2,8,recipients,undetermined,undetermined,True,427,6.759999999999999e-05,1.6272861039999498
block-0062.eal.session-9,block-0062,eal,release-three-obligations,reasoning,plain,False,2,9,recipients,undetermined,undetermined,True,432,6.96e-05,1.7154023539999343
block-0062.eal.session-10,block-0062,eal,release-three-obligations,reasoning,plain,False,2,10,recipients,not_ready,not_ready,True,416,6.38e-05,1.8748812129999806
block-0062.ordinary.session-0,block-0062,ordinary,release-three-obligations,reasoning,plain,False,2,0,initial,ready,undetermined,False,875,0.00013265,1.8252952119999009
block-0062.ordinary.session-1,block-0062,ordinary,release-three-obligations,reasoning,plain,False,2,1,recipients,ready,undetermined,False,704,9.65e-05,1.044280808999929
block-0062.ordinary.session-2,block-0062,ordinary,release-three-obligations,reasoning,plain,False,2,2,recipients,not_ready,undetermined,False,704,9.980000000000001e-05,2.151517753999997
block-0062.ordinary.session-3,block-0062,ordinary,release-three-obligations,reasoning,plain,False,2,3,recipients,not_ready,undetermined,False,722,0.0001037,2.2883250129998487
block-0062.ordinary.session-4,block-0062,ordinary,release-three-obligations,reasoning,plain,False,2,4,recipients,undetermined,undetermined,True,726,0.00010320000000000001,2.2523321819999182
block-0062.ordinary.session-5,block-0062,ordinary,release-three-obligations,reasoning,plain,False,2,5,recipients,undetermined,undetermined,True,758,0.00011690000000000001,1.7717535929998576
block-0062.ordinary.session-6,block-0062,ordinary,release-three-obligations,reasoning,plain,False,2,6,recipients,ready,undetermined,False,759,0.0001062,2.327117980999901
block-0062.ordinary.session-7,block-0062,ordinary,release-three-obligations,reasoning,plain,False,2,7,recipients,ready,undetermined,False,759,0.0001176,1.7060750190000817
block-0062.ordinary.session-8,block-0062,ordinary,release-three-obligations,reasoning,plain,False,2,8,recipients,undetermined,undetermined,True,768,0.0001092,1.0823302399999193
block-0062.ordinary.session-9,block-0062,ordinary,release-three-obligations,reasoning,plain,False,2,9,recipients,undetermined,undetermined,True,739,0.0001075,1.066398910999851
block-0062.ordinary.session-10,block-0062,ordinary,release-three-obligations,reasoning,plain,False,2,10,recipients,not_ready,undetermined,False,732,0.0001035,1.3140700789999755
block-0063.ordinary.session-0,block-0063,ordinary,migration-cutover-obligations,plain,plain,True,3,0,initial,ready,ready,True,1769,0.00020180000000000003,2.013601652000034
block-0063.ordinary.session-1,block-0063,ordinary,migration-cutover-obligations,plain,plain,True,3,1,recipients,ready,ready,True,1936,0.000223,2.300142327000003
block-0063.ordinary.session-2,block-0063,ordinary,migration-cutover-obligations,plain,plain,True,3,2,recipients,not_ready,not_ready,True,2034,0.0002325,2.1425725130000046
block-0063.ordinary.session-3,block-0063,ordinary,migration-cutover-obligations,plain,plain,True,3,3,recipients,not_ready,not_ready,True,2033,0.00023270000000000002,2.0724609170001713
block-0063.ordinary.session-4,block-0063,ordinary,migration-cutover-obligations,plain,plain,True,3,4,recipients,undetermined,not_ready,False,1897,0.0002191,1.7348814839999704
block-0063.ordinary.session-5,block-0063,ordinary,migration-cutover-obligations,plain,plain,True,3,5,recipients,undetermined,not_ready,False,1896,0.0002187,2.4578451689999383
block-0063.ordinary.session-6,block-0063,ordinary,migration-cutover-obligations,plain,plain,True,3,6,recipients,ready,not_ready,False,2128,0.00025180000000000005,2.531716433999918
block-0063.ordinary.session-7,block-0063,ordinary,migration-cutover-obligations,plain,plain,True,3,7,recipients,ready,not_ready,False,2183,0.000254,2.5123563320000812
block-0063.ordinary.session-8,block-0063,ordinary,migration-cutover-obligations,plain,plain,True,3,8,recipients,not_ready,not_ready,True,2233,0.0002608,3.5697505860000547
block-0063.ordinary.session-9,block-0063,ordinary,migration-cutover-obligations,plain,plain,True,3,9,recipients,not_ready,not_ready,True,2247,0.0002628,2.6652332849998857
block-0063.ordinary.session-10,block-0063,ordinary,migration-cutover-obligations,plain,plain,True,3,10,recipients,ready,not_ready,False,2388,0.0002775,1.9703250170000501
block-0063.eal.session-0,block-0063,eal,migration-cutover-obligations,plain,plain,True,3,0,initial,ready,ready,True,1435,0.0001702,2.0634941339999386
block-0063.eal.session-1,block-0063,eal,migration-cutover-obligations,plain,plain,True,3,1,recipients,ready,ready,True,1442,0.000173,2.0234462829998847
block-0063.eal.session-2,block-0063,eal,migration-cutover-obligations,plain,plain,True,3,2,recipients,not_ready,not_ready,True,1507,0.0001777,6.683113323000043
block-0063.eal.session-3,block-0063,eal,migration-cutover-obligations,plain,plain,True,3,3,recipients,not_ready,not_ready,True,1500,0.00017490000000000002,2.4697949549999976
block-0063.eal.session-4,block-0063,eal,migration-cutover-obligations,plain,plain,True,3,4,recipients,undetermined,undetermined,True,1359,0.0001587,2.1231329839999944
block-0063.eal.session-5,block-0063,eal,migration-cutover-obligations,plain,plain,True,3,5,recipients,undetermined,undetermined,True,1380,0.00016710000000000002,2.299207427999818
block-0063.eal.session-6,block-0063,eal,migration-cutover-obligations,plain,plain,True,3,6,recipients,ready,ready,True,1552,0.0001774,2.334682500000099
block-0063.eal.session-7,block-0063,eal,migration-cutover-obligations,plain,plain,True,3,7,recipients,ready,ready,True,1564,0.00018219999999999998,2.302166509000017
block-0063.eal.session-8,block-0063,eal,migration-cutover-obligations,plain,plain,True,3,8,recipients,not_ready,not_ready,True,1662,0.000201,3.3992069059997903
block-0063.eal.session-9,block-0063,eal,migration-cutover-obligations,plain,plain,True,3,9,recipients,not_ready,not_ready,True,1626,0.0001866,2.799092410999947
block-0063.eal.session-10,block-0063,eal,migration-cutover-obligations,plain,plain,True,3,10,recipients,ready,ready,True,446,6.110000000000001e-05,2.0571924039998066
block-0064.ordinary.session-0,block-0064,ordinary,migration-multiple-version-bindings,reasoning,plain,False,2,0,initial,ready,ready,True,2342,0.00022665,3.238807599999973
block-0064.ordinary.session-1,block-0064,ordinary,migration-multiple-version-bindings,reasoning,plain,False,2,1,recipients,ready,ready,True,783,0.0001158,2.038636389999965
block-0064.ordinary.session-2,block-0064,ordinary,migration-multiple-version-bindings,reasoning,plain,False,2,2,recipients,undetermined,ready,False,845,0.00012920000000000002,2.3739007239998955
block-0064.ordinary.session-3,block-0064,ordinary,migration-multiple-version-bindings,reasoning,plain,False,2,3,recipients,undetermined,ready,False,824,0.00011509999999999999,1.3204557079998267
block-0064.ordinary.session-4,block-0064,ordinary,migration-multiple-version-bindings,reasoning,plain,False,2,4,recipients,not_ready,ready,False,797,0.0001184,1.454911736999975
block-0064.ordinary.session-5,block-0064,ordinary,migration-multiple-version-bindings,reasoning,plain,False,2,5,recipients,not_ready,ready,False,810,0.00011609999999999999,1.429538703999924
block-0064.ordinary.session-6,block-0064,ordinary,migration-multiple-version-bindings,reasoning,plain,False,2,6,recipients,ready,ready,True,803,0.0001184,1.532674274000101
block-0064.ordinary.session-7,block-0064,ordinary,migration-multiple-version-bindings,reasoning,plain,False,2,7,recipients,ready,ready,True,805,0.0001144,1.4350271630000861
block-0064.ordinary.session-8,block-0064,ordinary,migration-multiple-version-bindings,reasoning,plain,False,2,8,recipients,undetermined,ready,False,800,0.0001184,2.0616451470000356
block-0064.ordinary.session-9,block-0064,ordinary,migration-multiple-version-bindings,reasoning,plain,False,2,9,recipients,undetermined,ready,False,820,0.00012009999999999999,1.9460066890001144
block-0064.ordinary.session-10,block-0064,ordinary,migration-multiple-version-bindings,reasoning,plain,False,2,10,recipients,not_ready,ready,False,803,0.00011360000000000001,1.4373483109998233
block-0064.eal.session-0,block-0064,eal,migration-multiple-version-bindings,reasoning,plain,False,2,0,initial,ready,ready,True,731,0.00011985000000000001,2.78528415400001
block-0064.eal.session-1,block-0064,eal,migration-multiple-version-bindings,reasoning,plain,False,2,1,recipients,ready,ready,True,472,7.3e-05,1.6932128280000143
block-0064.eal.session-2,block-0064,eal,migration-multiple-version-bindings,reasoning,plain,False,2,2,recipients,undetermined,undetermined,True,518,9.05e-05,1.774655576999976
block-0064.eal.session-3,block-0064,eal,migration-multiple-version-bindings,reasoning,plain,False,2,3,recipients,undetermined,undetermined,True,482,7.61e-05,1.8929413350001596
block-0064.eal.session-4,block-0064,eal,migration-multiple-version-bindings,reasoning,plain,False,2,4,recipients,not_ready,not_ready,True,512,8.87e-05,2.533658901999843
block-0064.eal.session-5,block-0064,eal,migration-multiple-version-bindings,reasoning,plain,False,2,5,recipients,not_ready,not_ready,True,464,6.95e-05,1.4303367529998923
block-0064.eal.session-6,block-0064,eal,migration-multiple-version-bindings,reasoning,plain,False,2,6,recipients,ready,ready,True,465,7.02e-05,1.4098032710001007
block-0064.eal.session-7,block-0064,eal,migration-multiple-version-bindings,reasoning,plain,False,2,7,recipients,ready,ready,True,474,7.38e-05,1.6593820999999025
block-0064.eal.session-8,block-0064,eal,migration-multiple-version-bindings,reasoning,plain,False,2,8,recipients,undetermined,undetermined,True,486,7.770000000000002e-05,1.5589590300000964
block-0064.eal.session-9,block-0064,eal,migration-multiple-version-bindings,reasoning,plain,False,2,9,recipients,undetermined,undetermined,True,503,8.45e-05,1.7990004910000152
block-0064.eal.session-10,block-0064,eal,migration-multiple-version-bindings,reasoning,plain,False,2,10,recipients,not_ready,not_ready,True,512,8.87e-05,2.082455037000045
block-0065.eal.session-0,block-0065,eal,dispatch-direct-or-tunnel,reasoning,reasoning,True,2,0,initial,ready,ready,True,783,0.00014765,3.262544165999998
block-0065.eal.session-1,block-0065,eal,dispatch-direct-or-tunnel,reasoning,reasoning,True,2,1,recipients,ready,ready,True,784,0.00014805000000000002,2.6856665289999455
block-0065.eal.session-2,block-0065,eal,dispatch-direct-or-tunnel,reasoning,reasoning,True,2,2,recipients,not_ready,not_ready,True,955,0.00021610000000000002,3.6313501079998787
block-0065.eal.session-3,block-0065,eal,dispatch-direct-or-tunnel,reasoning,reasoning,True,2,3,recipients,not_ready,not_ready,True,802,0.00015490000000000002,3.760567560000027
block-0065.eal.session-4,block-0065,eal,dispatch-direct-or-tunnel,reasoning,reasoning,True,2,4,recipients,ready,ready,True,734,0.00012805000000000002,2.6469382900002074
block-0065.eal.session-5,block-0065,eal,dispatch-direct-or-tunnel,reasoning,reasoning,True,2,5,recipients,ready,ready,True,804,0.00015605,2.854173291000052
block-0065.eal.session-6,block-0065,eal,dispatch-direct-or-tunnel,reasoning,reasoning,True,2,6,recipients,undetermined,undetermined,True,872,0.0001822,3.3121863979999944
block-0065.eal.session-7,block-0065,eal,dispatch-direct-or-tunnel,reasoning,reasoning,True,2,7,recipients,undetermined,undetermined,True,691,0.0001098,2.122757277000119
block-0065.eal.session-8,block-0065,eal,dispatch-direct-or-tunnel,reasoning,reasoning,True,2,8,recipients,ready,ready,True,767,0.00014125,2.77501151499996
block-0065.eal.session-9,block-0065,eal,dispatch-direct-or-tunnel,reasoning,reasoning,True,2,9,recipients,ready,ready,True,940,0.00021045000000000002,4.826517891999856
block-0065.eal.session-10,block-0065,eal,dispatch-direct-or-tunnel,reasoning,reasoning,True,2,10,recipients,undetermined,undetermined,True,764,0.000139,2.8288998360001187
block-0065.ordinary.session-0,block-0065,ordinary,dispatch-direct-or-tunnel,reasoning,reasoning,True,2,0,initial,ready,ready,True,2552,0.00025115,3.179041110999833
block-0065.ordinary.session-1,block-0065,ordinary,dispatch-direct-or-tunnel,reasoning,reasoning,True,2,1,recipients,ready,ready,True,1170,0.00017645,2.7546587099998305
block-0065.ordinary.session-2,block-0065,ordinary,dispatch-direct-or-tunnel,reasoning,reasoning,True,2,2,recipients,not_ready,ready,False,2913,0.00028040000000000004,3.3723634410000614
block-0065.ordinary.session-3,block-0065,ordinary,dispatch-direct-or-tunnel,reasoning,reasoning,True,2,3,recipients,not_ready,ready,False,1496,0.00030230000000000003,4.084467553999957
block-0065.ordinary.session-4,block-0065,ordinary,dispatch-direct-or-tunnel,reasoning,reasoning,True,2,4,recipients,ready,ready,True,1121,0.0001495,2.2329537040000105
block-0065.ordinary.session-5,block-0065,ordinary,dispatch-direct-or-tunnel,reasoning,reasoning,True,2,5,recipients,ready,ready,True,1145,0.00015875,2.101546508000183
block-0065.ordinary.session-6,block-0065,ordinary,dispatch-direct-or-tunnel,reasoning,reasoning,True,2,6,recipients,undetermined,ready,False,1534,0.0003154,4.4232257339999705
block-0065.ordinary.session-7,block-0065,ordinary,dispatch-direct-or-tunnel,reasoning,reasoning,True,2,7,recipients,undetermined,ready,False,3171,0.0003451,4.6174533599998995
block-0065.ordinary.session-8,block-0065,ordinary,dispatch-direct-or-tunnel,reasoning,reasoning,True,2,8,recipients,ready,undetermined,False,1557,0.00032460000000000003,5.049434955999914
block-0065.ordinary.session-9,block-0065,ordinary,dispatch-direct-or-tunnel,reasoning,reasoning,True,2,9,recipients,ready,undetermined,False,1337,0.00024150000000000002,3.6694731059999413
block-0065.ordinary.session-10,block-0065,ordinary,dispatch-direct-or-tunnel,reasoning,reasoning,True,2,10,recipients,undetermined,undetermined,True,1392,0.00024880000000000003,4.433375458
block-0066.ordinary.session-0,block-0066,ordinary,database-alternative-read-routes,plain,reasoning,True,0,0,initial,ready,ready,True,2109,0.0002409,2.0410026509998715
block-0066.ordinary.session-1,block-0066,ordinary,database-alternative-read-routes,plain,reasoning,True,0,1,recipients,ready,ready,True,1153,0.00016930000000000002,2.646656785999994
block-0066.ordinary.session-2,block-0066,ordinary,database-alternative-read-routes,plain,reasoning,True,0,2,recipients,ready,ready,True,1068,0.0001276,1.9109034019998035
block-0066.ordinary.session-3,block-0066,ordinary,database-alternative-read-routes,plain,reasoning,True,0,3,recipients,ready,ready,True,1078,0.0001372,2.29571503499983
block-0066.ordinary.session-4,block-0066,ordinary,database-alternative-read-routes,plain,reasoning,True,0,4,recipients,not_ready,ready,False,1228,0.0001923,3.6449417680000806
block-0066.ordinary.session-5,block-0066,ordinary,database-alternative-read-routes,plain,reasoning,True,0,5,recipients,not_ready,ready,False,1229,0.00017975000000000003,3.1302263070001572
block-0066.ordinary.session-6,block-0066,ordinary,database-alternative-read-routes,plain,reasoning,True,0,6,recipients,undetermined,ready,False,3416,0.00043925,5.917534501000091
block-0066.ordinary.session-7,block-0066,ordinary,database-alternative-read-routes,plain,reasoning,True,0,7,recipients,undetermined,ready,False,1264,0.00018045,3.765252439000051
block-0066.ordinary.session-8,block-0066,ordinary,database-alternative-read-routes,plain,reasoning,True,0,8,recipients,ready,undetermined,False,1878,0.0004474,6.735276544999806
block-0066.ordinary.session-9,block-0066,ordinary,database-alternative-read-routes,plain,reasoning,True,0,9,recipients,ready,undetermined,False,1229,0.00016994999999999998,2.418730695000022
block-0066.ordinary.session-10,block-0066,ordinary,database-alternative-read-routes,plain,reasoning,True,0,10,recipients,undetermined,undetermined,True,1636,0.00032855,4.805083559999957
block-0066.eal.session-0,block-0066,eal,database-alternative-read-routes,plain,reasoning,True,0,0,initial,ready,ready,True,1584,0.00018869999999999998,2.5213742039998124
block-0066.eal.session-1,block-0066,eal,database-alternative-read-routes,plain,reasoning,True,0,1,recipients,ready,ready,True,828,0.0001639,2.767094297000085
block-0066.eal.session-2,block-0066,eal,database-alternative-read-routes,plain,reasoning,True,0,2,recipients,ready,ready,True,769,0.00014030000000000002,2.673575276000065
block-0066.eal.session-3,block-0066,eal,database-alternative-read-routes,plain,reasoning,True,0,3,recipients,ready,ready,True,767,0.0001395,2.697933497000122
block-0066.eal.session-4,block-0066,eal,database-alternative-read-routes,plain,reasoning,True,0,4,recipients,not_ready,not_ready,True,886,0.00018675,3.4579790539999067
block-0066.eal.session-5,block-0066,eal,database-alternative-read-routes,plain,reasoning,True,0,5,recipients,not_ready,not_ready,True,1360,0.00037635,6.082948609999903
block-0066.eal.session-6,block-0066,eal,database-alternative-read-routes,plain,reasoning,True,0,6,recipients,undetermined,undetermined,True,900,0.00019165000000000002,4.137185188999865
block-0066.eal.session-7,block-0066,eal,database-alternative-read-routes,plain,reasoning,True,0,7,recipients,undetermined,undetermined,True,806,0.00015405,3.1401322880001317
block-0066.eal.session-8,block-0066,eal,database-alternative-read-routes,plain,reasoning,True,0,8,recipients,ready,ready,True,726,0.0001231,2.5439084810000168
block-0066.eal.session-9,block-0066,eal,database-alternative-read-routes,plain,reasoning,True,0,9,recipients,ready,ready,True,755,0.00013470000000000002,2.8698808419999295
block-0066.eal.session-10,block-0066,eal,database-alternative-read-routes,plain,reasoning,True,0,10,recipients,undetermined,undetermined,True,720,0.00011965000000000001,3.755489794999903
block-0067.eal.session-0,block-0067,eal,migration-cutover-obligations,reasoning,reasoning,True,3,0,initial,ready,ready,True,650,9.515000000000001e-05,2.1877118190000147
block-0067.eal.session-1,block-0067,eal,migration-cutover-obligations,reasoning,reasoning,True,3,1,recipients,ready,ready,True,738,0.00013035000000000002,2.452659424000103
block-0067.eal.session-2,block-0067,eal,migration-cutover-obligations,reasoning,reasoning,True,3,2,recipients,not_ready,not_ready,True,982,0.0002276,4.955734213000142
block-0067.eal.session-3,block-0067,eal,migration-cutover-obligations,reasoning,reasoning,True,3,3,recipients,not_ready,not_ready,True,914,0.0002004,3.668488043000025
block-0067.eal.session-4,block-0067,eal,migration-cutover-obligations,reasoning,reasoning,True,3,4,recipients,undetermined,undetermined,True,718,0.00012130000000000001,2.5414387470000293
block-0067.eal.session-5,block-0067,eal,migration-cutover-obligations,reasoning,reasoning,True,3,5,recipients,undetermined,undetermined,True,843,0.00017130000000000002,3.2423253199999635
block-0067.eal.session-6,block-0067,eal,migration-cutover-obligations,reasoning,reasoning,True,3,6,recipients,ready,ready,True,720,0.00012315,2.513979898999878
block-0067.eal.session-7,block-0067,eal,migration-cutover-obligations,reasoning,reasoning,True,3,7,recipients,ready,ready,True,770,0.00014315,2.629635980999865
block-0067.eal.session-8,block-0067,eal,migration-cutover-obligations,reasoning,reasoning,True,3,8,recipients,not_ready,not_ready,True,1081,0.00026720000000000004,4.5852919059998385
block-0067.eal.session-9,block-0067,eal,migration-cutover-obligations,reasoning,reasoning,True,3,9,recipients,not_ready,not_ready,True,726,0.0001252,2.3407521350000025
block-0067.eal.session-10,block-0067,eal,migration-cutover-obligations,reasoning,reasoning,True,3,10,recipients,ready,ready,True,698,0.00011435000000000001,2.54309929499982
block-0067.ordinary.session-0,block-0067,ordinary,migration-cutover-obligations,reasoning,reasoning,True,3,0,initial,ready,undetermined,False,995,0.00017365,2.6222915449998254
block-0067.ordinary.session-1,block-0067,ordinary,migration-cutover-obligations,reasoning,reasoning,True,3,1,recipients,ready,undetermined,False,1109,0.00013805000000000002,2.1211901080000644
block-0067.ordinary.session-2,block-0067,ordinary,migration-cutover-obligations,reasoning,reasoning,True,3,2,recipients,not_ready,undetermined,False,1057,0.00014209999999999998,2.029407692999939
block-0067.ordinary.session-3,block-0067,ordinary,migration-cutover-obligations,reasoning,reasoning,True,3,3,recipients,not_ready,undetermined,False,1126,0.0001725,2.4429123600000366
block-0067.ordinary.session-4,block-0067,ordinary,migration-cutover-obligations,reasoning,reasoning,True,3,4,recipients,undetermined,undetermined,True,1141,0.00017185000000000003,2.522252372000139
block-0067.ordinary.session-5,block-0067,ordinary,migration-cutover-obligations,reasoning,reasoning,True,3,5,recipients,undetermined,undetermined,True,1071,0.0001449,2.000768379999954
block-0067.ordinary.session-6,block-0067,ordinary,migration-cutover-obligations,reasoning,reasoning,True,3,6,recipients,ready,undetermined,False,1039,0.00014085000000000004,2.0030766560000757
block-0067.ordinary.session-7,block-0067,ordinary,migration-cutover-obligations,reasoning,reasoning,True,3,7,recipients,ready,undetermined,False,1196,0.0002005,3.510192568000093
block-0067.ordinary.session-8,block-0067,ordinary,migration-cutover-obligations,reasoning,reasoning,True,3,8,recipients,not_ready,undetermined,False,1104,0.0001455,2.2056154500000957
block-0067.ordinary.session-9,block-0067,ordinary,migration-cutover-obligations,reasoning,reasoning,True,3,9,recipients,not_ready,undetermined,False,1188,0.00019205,3.435614052999881
block-0067.ordinary.session-10,block-0067,ordinary,migration-cutover-obligations,reasoning,reasoning,True,3,10,recipients,ready,undetermined,False,1161,0.00017775,2.6609469719999197
block-0068.eal.session-0,block-0068,eal,release-three-obligations,plain,reasoning,True,3,0,initial,ready,ready,True,1362,0.0001554,2.580333405999909
block-0068.eal.session-1,block-0068,eal,release-three-obligations,plain,reasoning,True,3,1,recipients,ready,ready,True,860,0.00018720000000000002,3.5558850900001744
block-0068.eal.session-2,block-0068,eal,release-three-obligations,plain,reasoning,True,3,2,recipients,not_ready,not_ready,True,632,9.565000000000001e-05,2.465059307999809
block-0068.eal.session-3,block-0068,eal,release-three-obligations,plain,reasoning,True,3,3,recipients,not_ready,not_ready,True,750,0.00014285000000000003,2.7662970330000007
block-0068.eal.session-4,block-0068,eal,release-three-obligations,plain,reasoning,True,3,4,recipients,undetermined,undetermined,True,813,0.00016735000000000003,3.133588968999902
block-0068.eal.session-5,block-0068,eal,release-three-obligations,plain,reasoning,True,3,5,recipients,undetermined,undetermined,True,924,0.00021175000000000002,3.854313381999873
block-0068.eal.session-6,block-0068,eal,release-three-obligations,plain,reasoning,True,3,6,recipients,ready,ready,True,795,0.00016120000000000002,3.948169182000129
block-0068.eal.session-7,block-0068,eal,release-three-obligations,plain,reasoning,True,3,7,recipients,ready,ready,True,731,0.0001356,2.7889260069998727
block-0068.eal.session-8,block-0068,eal,release-three-obligations,plain,reasoning,True,3,8,recipients,undetermined,undetermined,True,896,0.00020055000000000002,3.812938441000142
block-0068.eal.session-9,block-0068,eal,release-three-obligations,plain,reasoning,True,3,9,recipients,undetermined,undetermined,True,772,0.00015095,3.1080649249997805
block-0068.eal.session-10,block-0068,eal,release-three-obligations,plain,reasoning,True,3,10,recipients,not_ready,not_ready,True,753,0.00014405,2.8815750429998843
block-0068.ordinary.session-0,block-0068,ordinary,release-three-obligations,plain,reasoning,True,3,0,initial,ready,ready,True,1736,0.0002012,1.6298531559998537
block-0068.ordinary.session-1,block-0068,ordinary,release-three-obligations,plain,reasoning,True,3,1,recipients,ready,ready,True,2393,0.00022220000000000003,2.8976962510000703
block-0068.ordinary.session-2,block-0068,ordinary,release-three-obligations,plain,reasoning,True,3,2,recipients,not_ready,ready,False,1190,0.00022925,3.728306102000033
block-0068.ordinary.session-3,block-0068,ordinary,release-three-obligations,plain,reasoning,True,3,3,recipients,not_ready,undetermined,False,1829,0.00045545,7.296996731000036
block-0068.ordinary.session-4,block-0068,ordinary,release-three-obligations,plain,reasoning,True,3,4,recipients,undetermined,undetermined,True,1299,0.00023119999999999998,3.5371936040000946
block-0068.ordinary.session-5,block-0068,ordinary,release-three-obligations,plain,reasoning,True,3,5,recipients,undetermined,undetermined,True,1174,0.00019800000000000002,3.0405718380000053
block-0068.ordinary.session-6,block-0068,ordinary,release-three-obligations,plain,reasoning,True,3,6,recipients,ready,undetermined,False,1013,0.00014515,2.0541550830000688
block-0068.ordinary.session-7,block-0068,ordinary,release-three-obligations,plain,reasoning,True,3,7,recipients,ready,undetermined,False,1101,0.00018385000000000002,2.7132548780000434
block-0068.ordinary.session-8,block-0068,ordinary,release-three-obligations,plain,reasoning,True,3,8,recipients,undetermined,undetermined,True,1051,0.00015685,2.303094541000064
block-0068.ordinary.session-9,block-0068,ordinary,release-three-obligations,plain,reasoning,True,3,9,recipients,undetermined,undetermined,True,1235,0.00021960000000000003,3.320641433999981
block-0068.ordinary.session-10,block-0068,ordinary,release-three-obligations,plain,reasoning,True,3,10,recipients,not_ready,undetermined,False,1043,0.00014595,2.536543323999922
block-0069.eal.session-0,block-0069,eal,firmware-selective-applicability,plain,plain,False,0,0,initial,ready,ready,True,1518,0.00016590000000000002,2.508432055999947
block-0069.eal.session-1,block-0069,eal,firmware-selective-applicability,plain,plain,False,0,1,recipients,ready,ready,True,468,7.14e-05,1.8261189410000043
block-0069.eal.session-2,block-0069,eal,firmware-selective-applicability,plain,plain,False,0,2,recipients,undetermined,undetermined,True,479,7.49e-05,2.011103273999879
block-0069.eal.session-3,block-0069,eal,firmware-selective-applicability,plain,plain,False,0,3,recipients,undetermined,undetermined,True,452,6.410000000000001e-05,1.383649903999867
block-0069.eal.session-4,block-0069,eal,firmware-selective-applicability,plain,plain,False,0,4,recipients,not_ready,not_ready,True,437,5.8700000000000004e-05,1.225231390999852
block-0069.eal.session-5,block-0069,eal,firmware-selective-applicability,plain,plain,False,0,5,recipients,not_ready,not_ready,True,451,6.430000000000002e-05,1.5188593980001315
block-0069.eal.session-6,block-0069,eal,firmware-selective-applicability,plain,plain,False,0,6,recipients,ready,ready,True,453,6.54e-05,1.4135368610000114
block-0069.eal.session-7,block-0069,eal,firmware-selective-applicability,plain,plain,False,0,7,recipients,ready,ready,True,433,5.7400000000000006e-05,1.3184165309999116
block-0069.eal.session-8,block-0069,eal,firmware-selective-applicability,plain,plain,False,0,8,recipients,undetermined,undetermined,True,483,7.65e-05,1.8118465390000438
block-0069.eal.session-9,block-0069,eal,firmware-selective-applicability,plain,plain,False,0,9,recipients,undetermined,undetermined,True,473,7.25e-05,1.7619229300000825
block-0069.eal.session-10,block-0069,eal,firmware-selective-applicability,plain,plain,False,0,10,recipients,ready,ready,True,488,7.94e-05,1.7894298250000702
block-0069.ordinary.session-0,block-0069,ordinary,firmware-selective-applicability,plain,plain,False,0,0,initial,ready,ready,True,1897,0.0002221,1.8905749670000205
block-0069.ordinary.session-1,block-0069,ordinary,firmware-selective-applicability,plain,plain,False,0,1,recipients,ready,ready,True,766,0.00011260000000000001,1.6836167779999869
block-0069.ordinary.session-2,block-0069,ordinary,firmware-selective-applicability,plain,plain,False,0,2,recipients,undetermined,ready,False,799,0.0001186,1.7507435679999617
block-0069.ordinary.session-3,block-0069,ordinary,firmware-selective-applicability,plain,plain,False,0,3,recipients,undetermined,ready,False,776,0.0001049,1.0849760830001287
block-0069.ordinary.session-4,block-0069,ordinary,firmware-selective-applicability,plain,plain,False,0,4,recipients,not_ready,ready,False,730,9.970000000000001e-05,1.1806935389997761
block-0069.ordinary.session-5,block-0069,ordinary,firmware-selective-applicability,plain,plain,False,0,5,recipients,not_ready,ready,False,752,0.00010910000000000001,1.2040511800000786
block-0069.ordinary.session-6,block-0069,ordinary,firmware-selective-applicability,plain,plain,False,0,6,recipients,ready,ready,True,741,9.75e-05,1.4228857269999935
block-0069.ordinary.session-7,block-0069,ordinary,firmware-selective-applicability,plain,plain,False,0,7,recipients,ready,ready,True,741,0.000108,1.2981366710000657
block-0069.ordinary.session-8,block-0069,ordinary,firmware-selective-applicability,plain,plain,False,0,8,recipients,undetermined,ready,False,771,0.0001095,1.8442006200000378
block-0069.ordinary.session-9,block-0069,ordinary,firmware-selective-applicability,plain,plain,False,0,9,recipients,undetermined,ready,False,772,0.00011140000000000001,1.0309908930000802
block-0069.ordinary.session-10,block-0069,ordinary,firmware-selective-applicability,plain,plain,False,0,10,recipients,ready,ready,True,760,0.00010420000000000001,1.3741096220001054
block-0070.eal.session-0,block-0070,eal,migration-multiple-version-bindings,reasoning,plain,False,1,0,initial,ready,ready,True,756,0.00012984999999999998,3.055937180000001
block-0070.eal.session-1,block-0070,eal,migration-multiple-version-bindings,reasoning,plain,False,1,1,recipients,ready,ready,True,472,7.3e-05,1.3299898539999049
block-0070.eal.session-2,block-0070,eal,migration-multiple-version-bindings,reasoning,plain,False,1,2,recipients,undetermined,undetermined,True,513,8.85e-05,2.0387866959999883
block-0070.eal.session-3,block-0070,eal,migration-multiple-version-bindings,reasoning,plain,False,1,3,recipients,undetermined,undetermined,True,512,8.810000000000001e-05,1.9125691079998433
block-0070.eal.session-4,block-0070,eal,migration-multiple-version-bindings,reasoning,plain,False,1,4,recipients,not_ready,not_ready,True,483,7.71e-05,2.037066687999868
block-0070.eal.session-5,block-0070,eal,migration-multiple-version-bindings,reasoning,plain,False,1,5,recipients,not_ready,not_ready,True,487,7.87e-05,1.5300172079998902
block-0070.eal.session-6,block-0070,eal,migration-multiple-version-bindings,reasoning,plain,False,1,6,recipients,ready,ready,True,461,6.86e-05,1.411739703999956
block-0070.eal.session-7,block-0070,eal,migration-multiple-version-bindings,reasoning,plain,False,1,7,recipients,ready,ready,True,475,7.42e-05,1.7948607340001672
block-0070.eal.session-8,block-0070,eal,migration-multiple-version-bindings,reasoning,plain,False,1,8,recipients,undetermined,undetermined,True,524,9.290000000000001e-05,1.6670696889998453
block-0070.eal.session-9,block-0070,eal,migration-multiple-version-bindings,reasoning,plain,False,1,9,recipients,undetermined,undetermined,True,506,8.570000000000002e-05,2.0159859860000324
block-0070.eal.session-10,block-0070,eal,migration-multiple-version-bindings,reasoning,plain,False,1,10,recipients,not_ready,not_ready,True,480,7.59e-05,1.8777490200000102
block-0070.ordinary.session-0,block-0070,ordinary,migration-multiple-version-bindings,reasoning,plain,False,1,0,initial,ready,ready,True,2343,0.00023125,3.3278033070000674
block-0070.ordinary.session-1,block-0070,ordinary,migration-multiple-version-bindings,reasoning,plain,False,1,1,recipients,ready,ready,True,856,0.0001195,1.6527685060000294
block-0070.ordinary.session-2,block-0070,ordinary,migration-multiple-version-bindings,reasoning,plain,False,1,2,recipients,undetermined,ready,False,766,0.00010480000000000001,1.0047447890001422
block-0070.ordinary.session-3,block-0070,ordinary,migration-multiple-version-bindings,reasoning,plain,False,1,3,recipients,undetermined,ready,False,792,0.00012090000000000001,1.2773340389999248
block-0070.ordinary.session-4,block-0070,ordinary,migration-multiple-version-bindings,reasoning,plain,False,1,4,recipients,not_ready,ready,False,791,0.000107,1.474844992000044
block-0070.ordinary.session-5,block-0070,ordinary,migration-multiple-version-bindings,reasoning,plain,False,1,5,recipients,not_ready,ready,False,781,0.0001168,1.7258056349999151
block-0070.ordinary.session-6,block-0070,ordinary,migration-multiple-version-bindings,reasoning,plain,False,1,6,recipients,ready,ready,True,795,0.00011159999999999999,0.999080074999938
block-0070.ordinary.session-7,block-0070,ordinary,migration-multiple-version-bindings,reasoning,plain,False,1,7,recipients,ready,ready,True,778,0.00011140000000000001,1.0164403220001077
block-0070.ordinary.session-8,block-0070,ordinary,migration-multiple-version-bindings,reasoning,plain,False,1,8,recipients,undetermined,ready,False,793,0.00011590000000000001,1.1513425279999865
block-0070.ordinary.session-9,block-0070,ordinary,migration-multiple-version-bindings,reasoning,plain,False,1,9,recipients,undetermined,ready,False,793,0.0001129,1.0600822619999235
block-0070.ordinary.session-10,block-0070,ordinary,migration-multiple-version-bindings,reasoning,plain,False,1,10,recipients,not_ready,ready,False,791,0.0001151,1.1143362619998243
block-0071.eal.session-0,block-0071,eal,database-alternative-read-routes,reasoning,plain,False,0,0,initial,ready,ready,True,695,0.00011070000000000002,2.8156801679999717
block-0071.eal.session-1,block-0071,eal,database-alternative-read-routes,reasoning,plain,False,0,1,recipients,ready,ready,True,434,6.230000000000001e-05,1.3339336689998618
block-0071.eal.session-2,block-0071,eal,database-alternative-read-routes,reasoning,plain,False,0,2,recipients,ready,ready,True,434,6.230000000000001e-05,1.368167461999974
block-0071.eal.session-3,block-0071,eal,database-alternative-read-routes,reasoning,plain,False,0,3,recipients,ready,ready,True,455,7.07e-05,1.6107465740001317
block-0071.eal.session-4,block-0071,eal,database-alternative-read-routes,reasoning,plain,False,0,4,recipients,not_ready,not_ready,True,481,8.080000000000001e-05,1.671545794000167
block-0071.eal.session-5,block-0071,eal,database-alternative-read-routes,reasoning,plain,False,0,5,recipients,not_ready,not_ready,True,476,7.880000000000002e-05,2.530655594999871
block-0071.eal.session-6,block-0071,eal,database-alternative-read-routes,reasoning,plain,False,0,6,recipients,undetermined,undetermined,True,488,8.3e-05,1.6255057890000444
block-0071.eal.session-7,block-0071,eal,database-alternative-read-routes,reasoning,plain,False,0,7,recipients,undetermined,undetermined,True,494,8.54e-05,1.6923466779999217
block-0071.eal.session-8,block-0071,eal,database-alternative-read-routes,reasoning,plain,False,0,8,recipients,ready,ready,True,475,7.87e-05,2.024677021999878
block-0071.eal.session-9,block-0071,eal,database-alternative-read-routes,reasoning,plain,False,0,9,recipients,ready,ready,True,464,7.430000000000002e-05,1.7225479789999554
block-0071.eal.session-10,block-0071,eal,database-alternative-read-routes,reasoning,plain,False,0,10,recipients,undetermined,undetermined,True,471,7.620000000000001e-05,3.3517548840000018
block-0071.ordinary.session-0,block-0071,ordinary,database-alternative-read-routes,reasoning,plain,False,0,0,initial,ready,ready,True,2568,0.0002544,3.773488155999985
block-0071.ordinary.session-1,block-0071,ordinary,database-alternative-read-routes,reasoning,plain,False,0,1,recipients,ready,ready,True,887,0.00012140000000000001,1.3883176450001429
block-0071.ordinary.session-2,block-0071,ordinary,database-alternative-read-routes,reasoning,plain,False,0,2,recipients,ready,ready,True,885,0.0001284,1.1852506959999118
block-0071.ordinary.session-3,block-0071,ordinary,database-alternative-read-routes,reasoning,plain,False,0,3,recipients,ready,ready,True,895,0.0001252,1.4546098529999654
block-0071.ordinary.session-4,block-0071,ordinary,database-alternative-read-routes,reasoning,plain,False,0,4,recipients,not_ready,ready,False,864,0.0001182,1.2869052230000761
block-0071.ordinary.session-5,block-0071,ordinary,database-alternative-read-routes,reasoning,plain,False,0,5,recipients,not_ready,ready,False,840,0.0001125,1.1514516510001158
block-0071.ordinary.session-6,block-0071,ordinary,database-alternative-read-routes,reasoning,plain,False,0,6,recipients,undetermined,ready,False,841,0.00011620000000000002,1.5385091910000028
block-0071.ordinary.session-7,block-0071,ordinary,database-alternative-read-routes,reasoning,plain,False,0,7,recipients,undetermined,ready,False,847,0.00011500000000000002,1.2598858490000566
block-0071.ordinary.session-8,block-0071,ordinary,database-alternative-read-routes,reasoning,plain,False,0,8,recipients,ready,ready,True,845,0.000116,1.4028418139998848
block-0071.ordinary.session-9,block-0071,ordinary,database-alternative-read-routes,reasoning,plain,False,0,9,recipients,ready,ready,True,845,0.00011480000000000001,1.0671764250000706
block-0071.ordinary.session-10,block-0071,ordinary,database-alternative-read-routes,reasoning,plain,False,0,10,recipients,undetermined,ready,False,864,0.0001236,1.213690827000164
block-0072.ordinary.session-0,block-0072,ordinary,dispatch-direct-or-tunnel,plain,reasoning,False,3,0,initial,ready,ready,True,2129,0.0002582,2.1744712669999444
block-0072.ordinary.session-1,block-0072,ordinary,dispatch-direct-or-tunnel,plain,reasoning,False,3,1,recipients,ready,ready,True,1371,0.00027925,4.210421113999928
block-0072.ordinary.session-2,block-0072,ordinary,dispatch-direct-or-tunnel,plain,reasoning,False,3,2,recipients,not_ready,ready,False,1106,0.00015995,2.6742777969998315
block-0072.ordinary.session-3,block-0072,ordinary,dispatch-direct-or-tunnel,plain,reasoning,False,3,3,recipients,not_ready,undetermined,False,1122,0.0001688,2.771413593000034
block-0072.ordinary.session-4,block-0072,ordinary,dispatch-direct-or-tunnel,plain,reasoning,False,3,4,recipients,ready,undetermined,False,1087,0.00017195,2.724511054000004
block-0072.ordinary.session-5,block-0072,ordinary,dispatch-direct-or-tunnel,plain,reasoning,False,3,5,recipients,ready,undetermined,False,1200,0.00018215,4.3273053389998495
block-0072.ordinary.session-6,block-0072,ordinary,dispatch-direct-or-tunnel,plain,reasoning,False,3,6,recipients,undetermined,undetermined,True,1239,0.00018969999999999998,3.3069016520000787
block-0072.ordinary.session-7,block-0072,ordinary,dispatch-direct-or-tunnel,plain,reasoning,False,3,7,recipients,undetermined,undetermined,True,1244,0.00019205,2.768364725000083
block-0072.ordinary.session-8,block-0072,ordinary,dispatch-direct-or-tunnel,plain,reasoning,False,3,8,recipients,ready,undetermined,False,1278,0.0002046,3.6148544850000235
block-0072.ordinary.session-9,block-0072,ordinary,dispatch-direct-or-tunnel,plain,reasoning,False,3,9,recipients,ready,undetermined,False,1329,0.00022045,3.730560295000032
block-0072.ordinary.session-10,block-0072,ordinary,dispatch-direct-or-tunnel,plain,reasoning,False,3,10,recipients,undetermined,undetermined,True,1230,0.00019275,3.153475088999812
block-0072.eal.session-0,block-0072,eal,dispatch-direct-or-tunnel,plain,reasoning,False,3,0,initial,ready,ready,True,1549,0.0001786,2.1617715840000074
block-0072.eal.session-1,block-0072,eal,dispatch-direct-or-tunnel,plain,reasoning,False,3,1,recipients,ready,ready,True,762,0.00017705000000000002,3.4126980619998903
block-0072.eal.session-2,block-0072,eal,dispatch-direct-or-tunnel,plain,reasoning,False,3,2,recipients,not_ready,not_ready,True,622,0.0001207,2.9784959710000294
block-0072.eal.session-3,block-0072,eal,dispatch-direct-or-tunnel,plain,reasoning,False,3,3,recipients,not_ready,not_ready,True,741,0.0001683,3.655246401000113
block-0072.eal.session-4,block-0072,eal,dispatch-direct-or-tunnel,plain,reasoning,False,3,4,recipients,ready,ready,True,629,0.00012385,3.364289719999988
block-0072.eal.session-5,block-0072,eal,dispatch-direct-or-tunnel,plain,reasoning,False,3,5,recipients,ready,ready,True,680,0.00014425,2.8250983309999356
block-0072.eal.session-6,block-0072,eal,dispatch-direct-or-tunnel,plain,reasoning,False,3,6,recipients,undetermined,undetermined,True,812,0.00019600000000000002,4.24682924800004
block-0072.eal.session-7,block-0072,eal,dispatch-direct-or-tunnel,plain,reasoning,False,3,7,recipients,undetermined,undetermined,True,745,0.00016920000000000002,2.944062125999835
block-0072.eal.session-8,block-0072,eal,dispatch-direct-or-tunnel,plain,reasoning,False,3,8,recipients,ready,ready,True,676,0.00014265,3.115352850999898
block-0072.eal.session-9,block-0072,eal,dispatch-direct-or-tunnel,plain,reasoning,False,3,9,recipients,ready,ready,True,648,0.00013145,2.5956102279999413
block-0072.eal.session-10,block-0072,eal,dispatch-direct-or-tunnel,plain,reasoning,False,3,10,recipients,undetermined,undetermined,True,704,0.0001528,3.1755027829999563
block-0073.ordinary.session-0,block-0073,ordinary,migration-multiple-version-bindings,reasoning,plain,True,1,0,initial,ready,ready,True,2517,0.0002837,3.616419791999988
block-0073.ordinary.session-1,block-0073,ordinary,migration-multiple-version-bindings,reasoning,plain,True,1,1,recipients,ready,ready,True,886,0.0001084,1.0140993919999346
block-0073.ordinary.session-2,block-0073,ordinary,migration-multiple-version-bindings,reasoning,plain,True,1,2,recipients,undetermined,ready,False,2028,0.0002265,2.145473635999906
block-0073.ordinary.session-3,block-0073,ordinary,migration-multiple-version-bindings,reasoning,plain,True,1,3,recipients,undetermined,ready,False,2032,0.00022689999999999999,1.4810038119999263
block-0073.ordinary.session-4,block-0073,ordinary,migration-multiple-version-bindings,reasoning,plain,True,1,4,recipients,not_ready,ready,False,2201,0.00024380000000000002,1.6462946999999986
block-0073.ordinary.session-5,block-0073,ordinary,migration-multiple-version-bindings,reasoning,plain,True,1,5,recipients,not_ready,ready,False,2211,0.0002478,1.730817610000031
block-0073.ordinary.session-6,block-0073,ordinary,migration-multiple-version-bindings,reasoning,plain,True,1,6,recipients,ready,ready,True,2316,0.00025830000000000004,1.9014635889998317
block-0073.ordinary.session-7,block-0073,ordinary,migration-multiple-version-bindings,reasoning,plain,True,1,7,recipients,ready,ready,True,2304,0.0002535,2.054712266000024
block-0073.ordinary.session-8,block-0073,ordinary,migration-multiple-version-bindings,reasoning,plain,True,1,8,recipients,undetermined,ready,False,2280,0.00025110000000000003,1.6070515440001145
block-0073.ordinary.session-9,block-0073,ordinary,migration-multiple-version-bindings,reasoning,plain,True,1,9,recipients,undetermined,ready,False,2279,0.0002507,2.003656663999891
block-0073.ordinary.session-10,block-0073,ordinary,migration-multiple-version-bindings,reasoning,plain,True,1,10,recipients,not_ready,ready,False,2470,0.000277,2.0075856640000893
block-0073.eal.session-0,block-0073,eal,migration-multiple-version-bindings,reasoning,plain,True,1,0,initial,ready,ready,True,871,0.00017585000000000002,3.10782116900009
block-0073.eal.session-1,block-0073,eal,migration-multiple-version-bindings,reasoning,plain,True,1,1,recipients,ready,ready,True,1540,0.0001741,2.356576534999931
block-0073.eal.session-2,block-0073,eal,migration-multiple-version-bindings,reasoning,plain,True,1,2,recipients,undetermined,undetermined,True,1567,0.00018310000000000003,2.1497117010001148
block-0073.eal.session-3,block-0073,eal,migration-multiple-version-bindings,reasoning,plain,True,1,3,recipients,undetermined,undetermined,True,1564,0.0001819,2.2808252600000287
block-0073.eal.session-4,block-0073,eal,migration-multiple-version-bindings,reasoning,plain,True,1,4,recipients,not_ready,not_ready,True,1709,0.0001904,2.253139881999914
block-0073.eal.session-5,block-0073,eal,migration-multiple-version-bindings,reasoning,plain,True,1,5,recipients,not_ready,not_ready,True,1723,0.000196,2.245265224999912
block-0073.eal.session-6,block-0073,eal,migration-multiple-version-bindings,reasoning,plain,True,1,6,recipients,ready,ready,True,1804,0.0002035,2.769492861000117
block-0073.eal.session-7,block-0073,eal,migration-multiple-version-bindings,reasoning,plain,True,1,7,recipients,ready,ready,True,1800,0.00020190000000000003,1.8555705480000597
block-0073.eal.session-8,block-0073,eal,migration-multiple-version-bindings,reasoning,plain,True,1,8,recipients,undetermined,undetermined,True,1794,0.00019770000000000003,2.3908217729999706
block-0073.eal.session-9,block-0073,eal,migration-multiple-version-bindings,reasoning,plain,True,1,9,recipients,undetermined,undetermined,True,1825,0.00021010000000000004,4.039052394000009
block-0073.eal.session-10,block-0073,eal,migration-multiple-version-bindings,reasoning,plain,True,1,10,recipients,not_ready,not_ready,True,1998,0.0002298,2.724127107999948
block-0074.ordinary.session-0,block-0074,ordinary,migration-multiple-version-bindings,reasoning,reasoning,False,0,0,initial,ready,ready,True,2440,0.0002641,3.3888738109999395
block-0074.ordinary.session-1,block-0074,ordinary,migration-multiple-version-bindings,reasoning,reasoning,False,0,1,recipients,ready,ready,True,1003,0.00014885,2.45216702599987
block-0074.ordinary.session-2,block-0074,ordinary,migration-multiple-version-bindings,reasoning,reasoning,False,0,2,recipients,undetermined,ready,False,1024,0.00015375,2.3036643109999204
block-0074.ordinary.session-3,block-0074,ordinary,migration-multiple-version-bindings,reasoning,reasoning,False,0,3,recipients,undetermined,ready,False,965,0.0001375,2.0807280720000563
block-0074.ordinary.session-4,block-0074,ordinary,migration-multiple-version-bindings,reasoning,reasoning,False,0,4,recipients,not_ready,undetermined,False,1283,0.0002661,4.272961137000038
block-0074.ordinary.session-5,block-0074,ordinary,migration-multiple-version-bindings,reasoning,reasoning,False,0,5,recipients,not_ready,undetermined,False,1034,0.0001791,2.847488581999869
block-0074.ordinary.session-6,block-0074,ordinary,migration-multiple-version-bindings,reasoning,reasoning,False,0,6,recipients,ready,undetermined,False,955,0.00014505,2.183117927000012
block-0074.ordinary.session-7,block-0074,ordinary,migration-multiple-version-bindings,reasoning,reasoning,False,0,7,recipients,ready,undetermined,False,1004,0.00016605000000000002,3.1869048170001406
block-0074.ordinary.session-8,block-0074,ordinary,migration-multiple-version-bindings,reasoning,reasoning,False,0,8,recipients,undetermined,undetermined,True,1060,0.00017725,3.306422082999916
block-0074.ordinary.session-9,block-0074,ordinary,migration-multiple-version-bindings,reasoning,reasoning,False,0,9,recipients,undetermined,undetermined,True,1137,0.00020805000000000002,3.4258306609999636
block-0074.ordinary.session-10,block-0074,ordinary,migration-multiple-version-bindings,reasoning,reasoning,False,0,10,recipients,not_ready,undetermined,False,1109,0.00017585,8.759629070000074
block-0074.eal.session-0,block-0074,eal,migration-multiple-version-bindings,reasoning,reasoning,False,0,0,initial,ready,ready,True,867,0.00017425,3.0745889740001076
block-0074.eal.session-1,block-0074,eal,migration-multiple-version-bindings,reasoning,reasoning,False,0,1,recipients,ready,ready,True,780,0.00017725,3.7367972029999237
block-0074.eal.session-2,block-0074,eal,migration-multiple-version-bindings,reasoning,reasoning,False,0,2,recipients,undetermined,undetermined,True,708,0.0001474,3.048127862000001
block-0074.eal.session-3,block-0074,eal,migration-multiple-version-bindings,reasoning,reasoning,False,0,3,recipients,undetermined,undetermined,True,996,0.00026260000000000004,4.56779500100015
block-0074.eal.session-4,block-0074,eal,migration-multiple-version-bindings,reasoning,reasoning,False,0,4,recipients,not_ready,not_ready,True,746,0.0001633,3.5170790239999405
block-0074.eal.session-5,block-0074,eal,migration-multiple-version-bindings,reasoning,reasoning,False,0,5,recipients,not_ready,not_ready,True,1102,0.00030570000000000006,5.560220068000035
block-0074.eal.session-6,block-0074,eal,migration-multiple-version-bindings,reasoning,reasoning,False,0,6,recipients,ready,ready,True,830,0.00019725,3.7174494920000143
block-0074.eal.session-7,block-0074,eal,migration-multiple-version-bindings,reasoning,reasoning,False,0,7,recipients,ready,ready,True,805,0.00018725,3.5487006359999214
block-0074.eal.session-8,block-0074,eal,migration-multiple-version-bindings,reasoning,reasoning,False,0,8,recipients,undetermined,undetermined,True,749,0.00016380000000000002,3.0996228340000016
block-0074.eal.session-9,block-0074,eal,migration-multiple-version-bindings,reasoning,reasoning,False,0,9,recipients,undetermined,undetermined,True,862,0.00020900000000000004,5.313020615999903
block-0074.eal.session-10,block-0074,eal,migration-multiple-version-bindings,reasoning,reasoning,False,0,10,recipients,not_ready,not_ready,True,753,0.00016610000000000003,3.1241691479999645
block-0075.ordinary.session-0,block-0075,ordinary,firmware-selective-applicability,plain,reasoning,False,1,0,initial,ready,ready,True,1893,0.00022050000000000002,2.1651235889999043
block-0075.ordinary.session-1,block-0075,ordinary,firmware-selective-applicability,plain,reasoning,False,1,1,recipients,ready,ready,True,980,0.00016765,4.1245703049999065
block-0075.ordinary.session-2,block-0075,ordinary,firmware-selective-applicability,plain,reasoning,False,1,2,recipients,undetermined,undetermined,True,1213,0.00024370000000000001,3.6991776720001326
block-0075.ordinary.session-3,block-0075,ordinary,firmware-selective-applicability,plain,reasoning,False,1,3,recipients,undetermined,undetermined,True,1005,0.00016015000000000002,2.673867185999825
block-0075.ordinary.session-4,block-0075,ordinary,firmware-selective-applicability,plain,reasoning,False,1,4,recipients,not_ready,undetermined,False,1001,0.00015470000000000002,2.795512024000118
block-0075.ordinary.session-5,block-0075,ordinary,firmware-selective-applicability,plain,reasoning,False,1,5,recipients,not_ready,undetermined,False,1011,0.00014680000000000002,3.3575797619998866
block-0075.ordinary.session-6,block-0075,ordinary,firmware-selective-applicability,plain,reasoning,False,1,6,recipients,ready,undetermined,False,1065,0.0001642,2.495532679000007
block-0075.ordinary.session-7,block-0075,ordinary,firmware-selective-applicability,plain,reasoning,False,1,7,recipients,ready,undetermined,False,1075,0.0001885,3.517741879999903
block-0075.ordinary.session-8,block-0075,ordinary,firmware-selective-applicability,plain,reasoning,False,1,8,recipients,undetermined,undetermined,True,1115,0.00019960000000000003,2.9438688119998915
block-0075.ordinary.session-9,block-0075,ordinary,firmware-selective-applicability,plain,reasoning,False,1,9,recipients,undetermined,undetermined,True,1095,0.00017935000000000002,3.305108874000098
block-0075.ordinary.session-10,block-0075,ordinary,firmware-selective-applicability,plain,reasoning,False,1,10,recipients,ready,undetermined,False,1086,0.0001887,2.973942658999931
block-0075.eal.session-0,block-0075,eal,firmware-selective-applicability,plain,reasoning,False,1,0,initial,ready,ready,True,1525,0.0001687,2.3735985870000604
block-0075.eal.session-1,block-0075,eal,firmware-selective-applicability,plain,reasoning,False,1,1,recipients,ready,ready,True,634,0.00011885,9.488609680000081
block-0075.eal.session-2,block-0075,eal,firmware-selective-applicability,plain,reasoning,False,1,2,recipients,undetermined,undetermined,True,688,0.0001394,2.675885096000002
block-0075.eal.session-3,block-0075,eal,firmware-selective-applicability,plain,reasoning,False,1,3,recipients,undetermined,undetermined,True,811,0.00018860000000000003,3.5017961410001135
block-0075.eal.session-4,block-0075,eal,firmware-selective-applicability,plain,reasoning,False,1,4,recipients,not_ready,not_ready,True,585,9.89e-05,2.5946901710001384
block-0075.eal.session-5,block-0075,eal,firmware-selective-applicability,plain,reasoning,False,1,5,recipients,not_ready,not_ready,True,668,0.0001321,2.752010509999991
block-0075.eal.session-6,block-0075,eal,firmware-selective-applicability,plain,reasoning,False,1,6,recipients,ready,ready,True,712,0.00015005000000000002,3.1397620879999977
block-0075.eal.session-7,block-0075,eal,firmware-selective-applicability,plain,reasoning,False,1,7,recipients,ready,ready,True,708,0.00014845000000000003,3.1219936500001495
block-0075.eal.session-8,block-0075,eal,firmware-selective-applicability,plain,reasoning,False,1,8,recipients,undetermined,undetermined,True,646,0.0001226,3.237285800999871
block-0075.eal.session-9,block-0075,eal,firmware-selective-applicability,plain,reasoning,False,1,9,recipients,undetermined,undetermined,True,928,0.0002354,4.172447723000005
block-0075.eal.session-10,block-0075,eal,firmware-selective-applicability,plain,reasoning,False,1,10,recipients,ready,ready,True,631,0.00011765,2.4595951650001098
block-0076.eal.session-0,block-0076,eal,migration-cutover-obligations,reasoning,plain,True,3,0,initial,ready,ready,True,724,0.00012475,4.21318764800003
block-0076.eal.session-1,block-0076,eal,migration-cutover-obligations,reasoning,plain,True,3,1,recipients,ready,ready,True,1408,0.00015940000000000003,1.731994395999891
block-0076.eal.session-2,block-0076,eal,migration-cutover-obligations,reasoning,plain,True,3,2,recipients,not_ready,not_ready,True,1517,0.0001817,1.9775138570000763
block-0076.eal.session-3,block-0076,eal,migration-cutover-obligations,reasoning,plain,True,3,3,recipients,not_ready,not_ready,True,1499,0.0001745,2.449430252000184
block-0076.eal.session-4,block-0076,eal,migration-cutover-obligations,reasoning,plain,True,3,4,recipients,undetermined,undetermined,True,1374,0.00016470000000000002,2.5625382929999887
block-0076.eal.session-5,block-0076,eal,migration-cutover-obligations,reasoning,plain,True,3,5,recipients,undetermined,undetermined,True,1387,0.0001699,2.988974153000072
block-0076.eal.session-6,block-0076,eal,migration-cutover-obligations,reasoning,plain,True,3,6,recipients,ready,ready,True,1550,0.00017659999999999998,2.366535014999954
block-0076.eal.session-7,block-0076,eal,migration-cutover-obligations,reasoning,plain,True,3,7,recipients,ready,ready,True,1538,0.0001718,1.6888494370000444
block-0076.eal.session-8,block-0076,eal,migration-cutover-obligations,reasoning,plain,True,3,8,recipients,not_ready,not_ready,True,1643,0.0001934,2.4039557520000017
block-0076.eal.session-9,block-0076,eal,migration-cutover-obligations,reasoning,plain,True,3,9,recipients,not_ready,not_ready,True,1677,0.00020700000000000002,2.364206725000031
block-0076.eal.session-10,block-0076,eal,migration-cutover-obligations,reasoning,plain,True,3,10,recipients,ready,ready,True,1741,0.00019270000000000002,1.978666492000002
block-0076.ordinary.session-0,block-0076,ordinary,migration-cutover-obligations,reasoning,plain,True,3,0,initial,ready,not_ready,False,2268,0.00023590000000000001,3.1824944089999008
block-0076.ordinary.session-1,block-0076,ordinary,migration-cutover-obligations,reasoning,plain,True,3,1,recipients,ready,not_ready,False,2024,0.00022700000000000004,1.6085419679998267
block-0076.ordinary.session-2,block-0076,ordinary,migration-cutover-obligations,reasoning,plain,True,3,2,recipients,not_ready,not_ready,True,2013,0.00023370000000000002,1.8109311230000458
block-0076.ordinary.session-3,block-0076,ordinary,migration-cutover-obligations,reasoning,plain,True,3,3,recipients,not_ready,not_ready,True,2070,0.00024090000000000003,1.8296407539999109
block-0076.ordinary.session-4,block-0076,ordinary,migration-cutover-obligations,reasoning,plain,True,3,4,recipients,undetermined,not_ready,False,1942,0.00022810000000000001,2.0139395859998785
block-0076.ordinary.session-5,block-0076,ordinary,migration-cutover-obligations,reasoning,plain,True,3,5,recipients,undetermined,not_ready,False,1944,0.00022890000000000003,2.455982490999986
block-0076.ordinary.session-6,block-0076,ordinary,migration-cutover-obligations,reasoning,plain,True,3,6,recipients,ready,not_ready,False,763,0.0001045,1.2295269749999989
block-0076.ordinary.session-7,block-0076,ordinary,migration-cutover-obligations,reasoning,plain,True,3,7,recipients,ready,not_ready,False,2117,0.00024260000000000004,1.758580338999991
block-0076.ordinary.session-8,block-0076,ordinary,migration-cutover-obligations,reasoning,plain,True,3,8,recipients,not_ready,not_ready,True,2209,0.00026080000000000005,1.543100405999894
block-0076.ordinary.session-9,block-0076,ordinary,migration-cutover-obligations,reasoning,plain,True,3,9,recipients,not_ready,not_ready,True,2260,0.0002632,1.684291321000046
block-0076.ordinary.session-10,block-0076,ordinary,migration-cutover-obligations,reasoning,plain,True,3,10,recipients,ready,not_ready,False,2384,0.00027770000000000003,2.1402813180000066
block-0077.eal.session-0,block-0077,eal,migration-multiple-version-bindings,plain,reasoning,True,1,0,initial,ready,ready,True,1545,0.0001761,6.439541258999952
block-0077.eal.session-1,block-0077,eal,migration-multiple-version-bindings,plain,reasoning,True,1,1,recipients,ready,ready,True,781,0.00013984999999999998,2.5111098549998587
block-0077.eal.session-2,block-0077,eal,migration-multiple-version-bindings,plain,reasoning,True,1,2,recipients,undetermined,undetermined,True,943,0.00020360000000000002,3.5582998930001395
block-0077.eal.session-3,block-0077,eal,migration-multiple-version-bindings,plain,reasoning,True,1,3,recipients,undetermined,undetermined,True,775,0.0001364,2.591189145000044
block-0077.eal.session-4,block-0077,eal,migration-multiple-version-bindings,plain,reasoning,True,1,4,recipients,not_ready,not_ready,True,868,0.0001743,3.5836013040000125
block-0077.eal.session-5,block-0077,eal,migration-multiple-version-bindings,plain,reasoning,True,1,5,recipients,not_ready,not_ready,True,742,0.0001239,3.018935585999998
block-0077.eal.session-6,block-0077,eal,migration-multiple-version-bindings,plain,reasoning,True,1,6,recipients,ready,ready,True,811,0.00015185,2.883494717999838
block-0077.eal.session-7,block-0077,eal,migration-multiple-version-bindings,plain,reasoning,True,1,7,recipients,ready,ready,True,922,0.00019625000000000003,3.3582975659999192
block-0077.eal.session-8,block-0077,eal,migration-multiple-version-bindings,plain,reasoning,True,1,8,recipients,undetermined,undetermined,True,968,0.00021360000000000001,3.529829528000164
block-0077.eal.session-9,block-0077,eal,migration-multiple-version-bindings,plain,reasoning,True,1,9,recipients,undetermined,undetermined,True,850,0.0001664,3.0893473339999673
block-0077.eal.session-10,block-0077,eal,migration-multiple-version-bindings,plain,reasoning,True,1,10,recipients,not_ready,not_ready,True,761,0.0001315,2.6270518819999324
block-0077.ordinary.session-0,block-0077,ordinary,migration-multiple-version-bindings,plain,reasoning,True,1,0,initial,ready,ready,True,1893,0.0002145,1.7176987689999805
block-0077.ordinary.session-1,block-0077,ordinary,migration-multiple-version-bindings,plain,reasoning,True,1,1,recipients,ready,ready,True,2533,0.0002446,3.3680913840000812
block-0077.ordinary.session-2,block-0077,ordinary,migration-multiple-version-bindings,plain,reasoning,True,1,2,recipients,undetermined,ready,False,1227,0.00019540000000000003,2.811781197000073
block-0077.ordinary.session-3,block-0077,ordinary,migration-multiple-version-bindings,plain,reasoning,True,1,3,recipients,undetermined,undetermined,True,1257,0.0002018,2.9629311440000947
block-0077.ordinary.session-4,block-0077,ordinary,migration-multiple-version-bindings,plain,reasoning,True,1,4,recipients,not_ready,undetermined,False,1273,0.00022605000000000002,3.2672161499999675
block-0077.ordinary.session-5,block-0077,ordinary,migration-multiple-version-bindings,plain,reasoning,True,1,5,recipients,not_ready,undetermined,False,1322,0.00020575000000000004,2.842226499000162
block-0077.ordinary.session-6,block-0077,ordinary,migration-multiple-version-bindings,plain,reasoning,True,1,6,recipients,ready,undetermined,False,1299,0.00018500000000000002,2.4461104689999047
block-0077.ordinary.session-7,block-0077,ordinary,migration-multiple-version-bindings,plain,reasoning,True,1,7,recipients,ready,undetermined,False,1331,0.00020760000000000003,2.9978783340000064
block-0077.ordinary.session-8,block-0077,ordinary,migration-multiple-version-bindings,plain,reasoning,True,1,8,recipients,undetermined,undetermined,True,3539,0.00045415,5.646575386999984
block-0077.ordinary.session-9,block-0077,ordinary,migration-multiple-version-bindings,plain,reasoning,True,1,9,recipients,undetermined,undetermined,True,1355,0.00022175,2.979014573000086
block-0077.ordinary.session-10,block-0077,ordinary,migration-multiple-version-bindings,plain,reasoning,True,1,10,recipients,not_ready,undetermined,False,1214,0.00018319999999999998,2.7646056369999314
block-0078.eal.session-0,block-0078,eal,firmware-selective-applicability,reasoning,reasoning,False,1,0,initial,ready,ready,True,720,0.00011545000000000001,2.512969048000059
block-0078.eal.session-1,block-0078,eal,firmware-selective-applicability,reasoning,reasoning,False,1,1,recipients,ready,ready,True,695,0.00014325,3.3117381399999886
block-0078.eal.session-2,block-0078,eal,firmware-selective-applicability,reasoning,reasoning,False,1,2,recipients,undetermined,undetermined,True,683,0.0001374,2.510771176999924
block-0078.eal.session-3,block-0078,eal,firmware-selective-applicability,reasoning,reasoning,False,1,3,recipients,undetermined,undetermined,True,684,0.00013780000000000002,2.6752642290000495
block-0078.eal.session-4,block-0078,eal,firmware-selective-applicability,reasoning,reasoning,False,1,4,recipients,not_ready,not_ready,True,644,0.0001225,2.768886774000066
block-0078.eal.session-5,block-0078,eal,firmware-selective-applicability,reasoning,reasoning,False,1,5,recipients,not_ready,not_ready,True,734,0.00015850000000000003,3.015809180000133
block-0078.eal.session-6,block-0078,eal,firmware-selective-applicability,reasoning,reasoning,False,1,6,recipients,ready,ready,True,682,0.00013805000000000002,3.0306116609999663
block-0078.eal.session-7,block-0078,eal,firmware-selective-applicability,reasoning,reasoning,False,1,7,recipients,ready,ready,True,648,0.00012445000000000002,2.4869284889998653
block-0078.eal.session-8,block-0078,eal,firmware-selective-applicability,reasoning,reasoning,False,1,8,recipients,undetermined,undetermined,True,801,0.00018460000000000001,4.793062555000006
block-0078.eal.session-9,block-0078,eal,firmware-selective-applicability,reasoning,reasoning,False,1,9,recipients,undetermined,undetermined,True,766,0.00017060000000000003,3.6306436730001224
block-0078.eal.session-10,block-0078,eal,firmware-selective-applicability,reasoning,reasoning,False,1,10,recipients,ready,ready,True,639,0.00012085000000000001,4.736772543000143
block-0078.ordinary.session-0,block-0078,ordinary,firmware-selective-applicability,reasoning,reasoning,False,1,0,initial,ready,ready,True,2264,0.00021295000000000003,2.8889768129999993
block-0078.ordinary.session-1,block-0078,ordinary,firmware-selective-applicability,reasoning,reasoning,False,1,1,recipients,ready,ready,True,1010,0.00016215,3.130041678999987
block-0078.ordinary.session-2,block-0078,ordinary,firmware-selective-applicability,reasoning,reasoning,False,1,2,recipients,undetermined,ready,False,988,0.0001474,2.372956264000095
block-0078.ordinary.session-3,block-0078,ordinary,firmware-selective-applicability,reasoning,reasoning,False,1,3,recipients,undetermined,ready,False,979,0.00014065,2.1735022559998924
block-0078.ordinary.session-4,block-0078,ordinary,firmware-selective-applicability,reasoning,reasoning,False,1,4,recipients,not_ready,ready,False,958,0.0001354,2.506498431999944
block-0078.ordinary.session-5,block-0078,ordinary,firmware-selective-applicability,reasoning,reasoning,False,1,5,recipients,not_ready,ready,False,1087,0.000187,2.502981075999969
block-0078.ordinary.session-6,block-0078,ordinary,firmware-selective-applicability,reasoning,reasoning,False,1,6,recipients,ready,ready,True,1155,0.00021595000000000002,3.168128601999797
block-0078.ordinary.session-7,block-0078,ordinary,firmware-selective-applicability,reasoning,reasoning,False,1,7,recipients,ready,ready,True,995,0.00015825,2.8726253400000132
block-0078.ordinary.session-8,block-0078,ordinary,firmware-selective-applicability,reasoning,reasoning,False,1,8,recipients,undetermined,ready,False,1069,0.0002001,3.1512846790001277
block-0078.ordinary.session-9,block-0078,ordinary,firmware-selective-applicability,reasoning,reasoning,False,1,9,recipients,undetermined,ready,False,1099,0.00020055000000000002,3.5270608600001196
block-0078.ordinary.session-10,block-0078,ordinary,firmware-selective-applicability,reasoning,reasoning,False,1,10,recipients,ready,ready,True,967,0.00015580000000000002,2.183902708000005
block-0079.eal.session-0,block-0079,eal,migration-multiple-version-bindings,reasoning,reasoning,True,2,0,initial,ready,ready,True,763,0.00013265,2.737650881000036
block-0079.eal.session-1,block-0079,eal,migration-multiple-version-bindings,reasoning,reasoning,True,2,1,recipients,ready,ready,True,796,0.00014585,2.511847864999936
block-0079.eal.session-2,block-0079,eal,migration-multiple-version-bindings,reasoning,reasoning,True,2,2,recipients,undetermined,undetermined,True,827,0.00015720000000000003,3.1717683510000825
block-0079.eal.session-3,block-0079,eal,migration-multiple-version-bindings,reasoning,reasoning,True,2,3,recipients,undetermined,undetermined,True,832,0.00015920000000000002,2.6945229629998266
block-0079.eal.session-4,block-0079,eal,migration-multiple-version-bindings,reasoning,reasoning,True,2,4,recipients,not_ready,not_ready,True,737,0.00012190000000000001,2.409373048999896
block-0079.eal.session-5,block-0079,eal,migration-multiple-version-bindings,reasoning,reasoning,True,2,5,recipients,not_ready,not_ready,True,996,0.0002255,3.8163274460000594
block-0079.eal.session-6,block-0079,eal,migration-multiple-version-bindings,reasoning,reasoning,True,2,6,recipients,ready,ready,True,754,0.00012905000000000002,2.7299649970000246
block-0079.eal.session-7,block-0079,eal,migration-multiple-version-bindings,reasoning,reasoning,True,2,7,recipients,ready,ready,True,830,0.00015945000000000003,3.3736913089999234
block-0079.eal.session-8,block-0079,eal,migration-multiple-version-bindings,reasoning,reasoning,True,2,8,recipients,undetermined,undetermined,True,772,0.0001352,3.526776241000107
block-0079.eal.session-9,block-0079,eal,migration-multiple-version-bindings,reasoning,reasoning,True,2,9,recipients,undetermined,undetermined,True,753,0.0001276,2.2950913320000836
block-0079.eal.session-10,block-0079,eal,migration-multiple-version-bindings,reasoning,reasoning,True,2,10,recipients,not_ready,not_ready,True,837,0.00016190000000000003,3.0059367439998823
block-0079.ordinary.session-0,block-0079,ordinary,migration-multiple-version-bindings,reasoning,reasoning,True,2,0,initial,ready,ready,True,2405,0.00024030000000000004,3.3922355629999856
block-0079.ordinary.session-1,block-0079,ordinary,migration-multiple-version-bindings,reasoning,reasoning,True,2,1,recipients,ready,ready,True,1069,0.00014445,2.0819342620000043
block-0079.ordinary.session-2,block-0079,ordinary,migration-multiple-version-bindings,reasoning,reasoning,True,2,2,recipients,undetermined,ready,False,1251,0.00021025,3.8178689799999574
block-0079.ordinary.session-3,block-0079,ordinary,migration-multiple-version-bindings,reasoning,reasoning,True,2,3,recipients,undetermined,undetermined,True,1326,0.0002448,3.9548411240000405
block-0079.ordinary.session-4,block-0079,ordinary,migration-multiple-version-bindings,reasoning,reasoning,True,2,4,recipients,not_ready,undetermined,False,1250,0.00022525,3.358497398999816
block-0079.ordinary.session-5,block-0079,ordinary,migration-multiple-version-bindings,reasoning,reasoning,True,2,5,recipients,not_ready,undetermined,False,1238,0.00020925,3.196553902000005
block-0079.ordinary.session-6,block-0079,ordinary,migration-multiple-version-bindings,reasoning,reasoning,True,2,6,recipients,ready,undetermined,False,1744,0.00041935000000000003,5.925648574999968
block-0079.ordinary.session-7,block-0079,ordinary,migration-multiple-version-bindings,reasoning,reasoning,True,2,7,recipients,ready,undetermined,False,3436,0.0004637,6.0737832289999005
block-0079.ordinary.session-8,block-0079,ordinary,migration-multiple-version-bindings,reasoning,reasoning,True,2,8,recipients,undetermined,undetermined,True,1173,0.00016644999999999998,2.476933572000007
block-0079.ordinary.session-9,block-0079,ordinary,migration-multiple-version-bindings,reasoning,reasoning,True,2,9,recipients,undetermined,undetermined,True,1243,0.00019760000000000003,2.9526346110001214
block-0079.ordinary.session-10,block-0079,ordinary,migration-multiple-version-bindings,reasoning,reasoning,True,2,10,recipients,not_ready,undetermined,False,1160,0.00016230000000000001,2.106634751999991
block-0080.eal.session-0,block-0080,eal,release-three-obligations,reasoning,reasoning,True,0,0,initial,ready,ready,True,697,0.00012200000000000001,2.4051708120000512
block-0080.eal.session-1,block-0080,eal,release-three-obligations,reasoning,reasoning,True,0,1,recipients,ready,ready,True,789,0.0001588,2.7063051069999347
block-0080.eal.session-2,block-0080,eal,release-three-obligations,reasoning,reasoning,True,0,2,recipients,not_ready,not_ready,True,674,0.00011245000000000001,2.3032189419998303
block-0080.eal.session-3,block-0080,eal,release-three-obligations,reasoning,reasoning,True,0,3,recipients,not_ready,not_ready,True,744,0.00014045,6.99267230800001
block-0080.eal.session-4,block-0080,eal,release-three-obligations,reasoning,reasoning,True,0,4,recipients,undetermined,undetermined,True,745,0.00014015000000000002,2.7955387580000206
block-0080.eal.session-5,block-0080,eal,release-three-obligations,reasoning,reasoning,True,0,5,recipients,undetermined,ready,False,2918,0.00052425,8.395220317999929
block-0080.eal.session-6,block-0080,eal,release-three-obligations,reasoning,reasoning,True,0,6,recipients,ready,ready,True,701,0.0001236,2.7342135159999543
block-0080.eal.session-7,block-0080,eal,release-three-obligations,reasoning,reasoning,True,0,7,recipients,ready,ready,True,708,0.0001264,2.3866110260000823
block-0080.eal.session-8,block-0080,eal,release-three-obligations,reasoning,reasoning,True,0,8,recipients,undetermined,undetermined,True,866,0.00018855,3.1926021009999204
block-0080.eal.session-9,block-0080,eal,release-three-obligations,reasoning,reasoning,True,0,9,recipients,undetermined,undetermined,True,882,0.00019495000000000002,3.058612610000182
block-0080.eal.session-10,block-0080,eal,release-three-obligations,reasoning,reasoning,True,0,10,recipients,not_ready,not_ready,True,881,0.00019525,3.671234191999929
block-0080.ordinary.session-0,block-0080,ordinary,release-three-obligations,reasoning,reasoning,True,0,0,initial,ready,ready,True,2115,0.00019885,3.0123628960000133
block-0080.ordinary.session-1,block-0080,ordinary,release-three-obligations,reasoning,reasoning,True,0,1,recipients,ready,ready,True,1293,0.00024595000000000004,4.276752287999898
block-0080.ordinary.session-2,block-0080,ordinary,release-three-obligations,reasoning,reasoning,True,0,2,recipients,not_ready,ready,False,1025,0.00014960000000000003,2.154519600999947
block-0080.ordinary.session-3,block-0080,ordinary,release-three-obligations,reasoning,reasoning,True,0,3,recipients,not_ready,ready,False,1026,0.00015175,2.073278613999946
block-0080.ordinary.session-4,block-0080,ordinary,release-three-obligations,reasoning,reasoning,True,0,4,recipients,undetermined,ready,False,983,0.00013385000000000003,1.911550907999981
block-0080.ordinary.session-5,block-0080,ordinary,release-three-obligations,reasoning,reasoning,True,0,5,recipients,undetermined,undetermined,True,1384,0.00027955,3.79778761700004
block-0080.ordinary.session-6,block-0080,ordinary,release-three-obligations,reasoning,reasoning,True,0,6,recipients,ready,undetermined,False,990,0.0001328,1.7570484819998455
block-0080.ordinary.session-7,block-0080,ordinary,release-three-obligations,reasoning,reasoning,True,0,7,recipients,ready,ready,True,3216,0.00041175000000000006,5.159385924000162
block-0080.ordinary.session-8,block-0080,ordinary,release-three-obligations,reasoning,reasoning,True,0,8,recipients,undetermined,ready,False,1062,0.0001595,2.0961475839999366
block-0080.ordinary.session-9,block-0080,ordinary,release-three-obligations,reasoning,reasoning,True,0,9,recipients,undetermined,ready,False,1053,0.00015345,2.185388224000235
block-0080.ordinary.session-10,block-0080,ordinary,release-three-obligations,reasoning,reasoning,True,0,10,recipients,not_ready,ready,False,1019,0.00014615,2.1586052289999316
block-0081.ordinary.session-0,block-0081,ordinary,release-three-obligations,reasoning,reasoning,False,3,0,initial,ready,ready,True,2332,0.00025100000000000003,7.72914850799998
block-0081.ordinary.session-1,block-0081,ordinary,release-three-obligations,reasoning,reasoning,False,3,1,recipients,ready,ready,True,1018,0.00017655,2.881078807999984
block-0081.ordinary.session-2,block-0081,ordinary,release-three-obligations,reasoning,reasoning,False,3,2,recipients,not_ready,undetermined,False,1332,0.000292,4.478374075999909
block-0081.ordinary.session-3,block-0081,ordinary,release-three-obligations,reasoning,reasoning,False,3,3,recipients,not_ready,undetermined,False,940,0.00014220000000000001,2.442284233999999
block-0081.ordinary.session-4,block-0081,ordinary,release-three-obligations,reasoning,reasoning,False,3,4,recipients,undetermined,undetermined,True,960,0.0001698,3.1047523870001896
block-0081.ordinary.session-5,block-0081,ordinary,release-three-obligations,reasoning,reasoning,False,3,5,recipients,undetermined,undetermined,True,913,0.0001454,2.5422621340001115
block-0081.ordinary.session-6,block-0081,ordinary,release-three-obligations,reasoning,reasoning,False,3,6,recipients,ready,undetermined,False,1248,0.00027625,4.85473018499988
block-0081.ordinary.session-7,block-0081,ordinary,release-three-obligations,reasoning,reasoning,False,3,7,recipients,ready,undetermined,False,1014,0.0001508,2.3110014510000383
block-0081.ordinary.session-8,block-0081,ordinary,release-three-obligations,reasoning,reasoning,False,3,8,recipients,undetermined,undetermined,True,983,0.0001545,2.4978690629998255
block-0081.ordinary.session-9,block-0081,ordinary,release-three-obligations,reasoning,reasoning,False,3,9,recipients,undetermined,undetermined,True,1005,0.00016295000000000003,2.867215648999945
block-0081.ordinary.session-10,block-0081,ordinary,release-three-obligations,reasoning,reasoning,False,3,10,recipients,not_ready,undetermined,False,919,0.00013415,2.237244977999808
block-0081.eal.session-0,block-0081,eal,release-three-obligations,reasoning,reasoning,False,3,0,initial,ready,ready,True,748,0.00014240000000000002,2.6755545230000735
block-0081.eal.session-1,block-0081,eal,release-three-obligations,reasoning,reasoning,False,3,1,recipients,ready,ready,True,571,0.0001094,2.2590262680000706
block-0081.eal.session-2,block-0081,eal,release-three-obligations,reasoning,reasoning,False,3,2,recipients,not_ready,not_ready,True,628,0.00013185000000000003,3.995825592000074
block-0081.eal.session-3,block-0081,eal,release-three-obligations,reasoning,reasoning,False,3,3,recipients,not_ready,not_ready,True,715,0.00016665,3.8199219010000434
block-0081.eal.session-4,block-0081,eal,release-three-obligations,reasoning,reasoning,False,3,4,recipients,undetermined,undetermined,True,667,0.00014675,2.80009526799995
block-0081.eal.session-5,block-0081,eal,release-three-obligations,reasoning,reasoning,False,3,5,recipients,undetermined,undetermined,True,747,0.00017875000000000004,3.1930670500000815
block-0081.eal.session-6,block-0081,eal,release-three-obligations,reasoning,reasoning,False,3,6,recipients,ready,ready,True,630,0.000133,3.1387914740000724
block-0081.eal.session-7,block-0081,eal,release-three-obligations,reasoning,reasoning,False,3,7,recipients,ready,ready,True,679,0.0001526,2.6805790049997995
block-0081.eal.session-8,block-0081,eal,release-three-obligations,reasoning,reasoning,False,3,8,recipients,undetermined,undetermined,True,640,0.00013595000000000002,3.0268945359998725
block-0081.eal.session-9,block-0081,eal,release-three-obligations,reasoning,reasoning,False,3,9,recipients,undetermined,ambiguous,,748,0.00017915000000000002,3.5167628350000086
block-0081.eal.session-10,block-0081,eal,release-three-obligations,reasoning,reasoning,False,3,10,recipients,not_ready,not_ready,True,720,0.00016865,3.543494932000158
block-0082.ordinary.session-0,block-0082,ordinary,firmware-selective-applicability,plain,plain,False,3,0,initial,ready,ready,True,1883,0.0002165,1.9929252059998817
block-0082.ordinary.session-1,block-0082,ordinary,firmware-selective-applicability,plain,plain,False,3,1,recipients,ready,ready,True,732,0.0001032,1.4502627929998653
block-0082.ordinary.session-2,block-0082,ordinary,firmware-selective-applicability,plain,plain,False,3,2,recipients,undetermined,ready,False,750,0.000105,0.9930728249998992
block-0082.ordinary.session-3,block-0082,ordinary,firmware-selective-applicability,plain,plain,False,3,3,recipients,undetermined,ready,False,746,0.0001034,1.4733723209999425
block-0082.ordinary.session-4,block-0082,ordinary,firmware-selective-applicability,plain,plain,False,3,4,recipients,not_ready,ready,False,742,0.00010300000000000001,1.173215349999964
block-0082.ordinary.session-5,block-0082,ordinary,firmware-selective-applicability,plain,plain,False,3,5,recipients,not_ready,ready,False,746,0.00010460000000000001,1.0439367800001946
block-0082.ordinary.session-6,block-0082,ordinary,firmware-selective-applicability,plain,plain,False,3,6,recipients,ready,ready,True,755,0.000107,1.379125692000116
block-0082.ordinary.session-7,block-0082,ordinary,firmware-selective-applicability,plain,plain,False,3,7,recipients,ready,ready,True,757,0.00010630000000000001,0.9991898140001467
block-0082.ordinary.session-8,block-0082,ordinary,firmware-selective-applicability,plain,plain,False,3,8,recipients,undetermined,ready,False,757,0.0001072,0.9402941680000367
block-0082.ordinary.session-9,block-0082,ordinary,firmware-selective-applicability,plain,plain,False,3,9,recipients,undetermined,ready,False,764,0.0001091,1.6286479230000168
block-0082.ordinary.session-10,block-0082,ordinary,firmware-selective-applicability,plain,plain,False,3,10,recipients,ready,ready,True,795,0.00012030000000000001,1.468233656999928
block-0082.eal.session-0,block-0082,eal,firmware-selective-applicability,plain,plain,False,3,0,initial,ready,ready,True,1529,0.00017030000000000002,2.350838728000099
block-0082.eal.session-1,block-0082,eal,firmware-selective-applicability,plain,plain,False,3,1,recipients,ready,ready,True,444,6.18e-05,1.0953897609999785
block-0082.eal.session-2,block-0082,eal,firmware-selective-applicability,plain,plain,False,3,2,recipients,undetermined,undetermined,True,455,6.530000000000002e-05,1.4476228959999844
block-0082.eal.session-3,block-0082,eal,firmware-selective-applicability,plain,plain,False,3,3,recipients,undetermined,undetermined,True,484,7.69e-05,1.7910517689999779
block-0082.eal.session-4,block-0082,eal,firmware-selective-applicability,plain,plain,False,3,4,recipients,not_ready,not_ready,True,454,6.55e-05,1.6996448560000772
block-0082.eal.session-5,block-0082,eal,firmware-selective-applicability,plain,plain,False,3,5,recipients,not_ready,not_ready,True,461,6.83e-05,1.226979947000018
block-0082.eal.session-6,block-0082,eal,firmware-selective-applicability,plain,plain,False,3,6,recipients,ready,ready,True,453,6.54e-05,1.6031106230000205
block-0082.eal.session-7,block-0082,eal,firmware-selective-applicability,plain,plain,False,3,7,recipients,ready,ready,True,453,6.54e-05,1.646242280000024
block-0082.eal.session-8,block-0082,eal,firmware-selective-applicability,plain,plain,False,3,8,recipients,undetermined,undetermined,True,454,6.49e-05,1.5540932520000297
block-0082.eal.session-9,block-0082,eal,firmware-selective-applicability,plain,plain,False,3,9,recipients,undetermined,undetermined,True,454,6.49e-05,1.1534593570002016
block-0082.eal.session-10,block-0082,eal,firmware-selective-applicability,plain,plain,False,3,10,recipients,ready,ready,True,460,6.82e-05,1.540104944000177
block-0083.eal.session-0,block-0083,eal,migration-cutover-obligations,plain,plain,False,1,0,initial,ready,ready,True,1429,0.00016779999999999999,2.3306762899999285
block-0083.eal.session-1,block-0083,eal,migration-cutover-obligations,plain,plain,False,1,1,recipients,ready,ready,True,428,6.2e-05,1.136379973999965
block-0083.eal.session-2,block-0083,eal,migration-cutover-obligations,plain,plain,False,1,2,recipients,not_ready,not_ready,True,441,6.69e-05,1.6880838109998422
block-0083.eal.session-3,block-0083,eal,migration-cutover-obligations,plain,plain,False,1,3,recipients,not_ready,not_ready,True,459,7.41e-05,1.6908584949999295
block-0083.eal.session-4,block-0083,eal,migration-cutover-obligations,plain,plain,False,1,4,recipients,undetermined,undetermined,True,451,7.030000000000001e-05,1.6673231830000077
block-0083.eal.session-5,block-0083,eal,migration-cutover-obligations,plain,plain,False,1,5,recipients,undetermined,undetermined,True,467,7.670000000000001e-05,1.1538328999999976
block-0083.eal.session-6,block-0083,eal,migration-cutover-obligations,plain,plain,False,1,6,recipients,ready,ready,True,426,6.12e-05,1.5616186929999003
block-0083.eal.session-7,block-0083,eal,migration-cutover-obligations,plain,plain,False,1,7,recipients,ready,ready,True,431,6.32e-05,1.3190597770001204
block-0083.eal.session-8,block-0083,eal,migration-cutover-obligations,plain,plain,False,1,8,recipients,not_ready,not_ready,True,438,6.57e-05,1.8190102260000458
block-0083.eal.session-9,block-0083,eal,migration-cutover-obligations,plain,plain,False,1,9,recipients,not_ready,not_ready,True,432,6.33e-05,1.4782753350000348
block-0083.eal.session-10,block-0083,eal,migration-cutover-obligations,plain,plain,False,1,10,recipients,ready,ready,True,432,6.36e-05,1.4371035570000004
block-0083.ordinary.session-0,block-0083,ordinary,migration-cutover-obligations,plain,plain,False,1,0,initial,ready,ready,True,1800,0.0002142,1.981897470000149
block-0083.ordinary.session-1,block-0083,ordinary,migration-cutover-obligations,plain,plain,False,1,1,recipients,ready,ready,True,760,0.00011109999999999999,1.746110877000092
block-0083.ordinary.session-2,block-0083,ordinary,migration-cutover-obligations,plain,plain,False,1,2,recipients,not_ready,ready,False,770,0.00011120000000000002,1.3174591990000408
block-0083.ordinary.session-3,block-0083,ordinary,migration-cutover-obligations,plain,plain,False,1,3,recipients,not_ready,ready,False,767,0.00011090000000000001,1.0160619490000045
block-0083.ordinary.session-4,block-0083,ordinary,migration-cutover-obligations,plain,plain,False,1,4,recipients,undetermined,ready,False,756,0.0001065,0.8223042679999253
block-0083.ordinary.session-5,block-0083,ordinary,migration-cutover-obligations,plain,plain,False,1,5,recipients,undetermined,ready,False,759,0.000111,1.6937961309999991
block-0083.ordinary.session-6,block-0083,ordinary,migration-cutover-obligations,plain,plain,False,1,6,recipients,ready,ready,True,802,0.000124,1.2637891490001039
block-0083.ordinary.session-7,block-0083,ordinary,migration-cutover-obligations,plain,plain,False,1,7,recipients,ready,ready,True,781,0.00010510000000000001,1.5704338670000197
block-0083.ordinary.session-8,block-0083,ordinary,migration-cutover-obligations,plain,plain,False,1,8,recipients,not_ready,ready,False,734,0.0001049,1.0770801630001188
block-0083.ordinary.session-9,block-0083,ordinary,migration-cutover-obligations,plain,plain,False,1,9,recipients,not_ready,ready,False,729,9.84e-05,0.9785459310000988
block-0083.ordinary.session-10,block-0083,ordinary,migration-cutover-obligations,plain,plain,False,1,10,recipients,ready,ready,True,713,9.8e-05,0.9811994479998702
block-0084.eal.session-0,block-0084,eal,database-alternative-read-routes,reasoning,plain,False,1,0,initial,ready,ready,True,858,0.0001759,3.1369482099999004
block-0084.eal.session-1,block-0084,eal,database-alternative-read-routes,reasoning,plain,False,1,1,recipients,ready,ready,True,470,7.670000000000001e-05,1.8587539019999895
block-0084.eal.session-2,block-0084,eal,database-alternative-read-routes,reasoning,plain,False,1,2,recipients,ready,ready,True,430,6.0700000000000005e-05,1.6488789740001266
block-0084.eal.session-3,block-0084,eal,database-alternative-read-routes,reasoning,plain,False,1,3,recipients,ready,ready,True,438,6.390000000000001e-05,1.1324798780001402
block-0084.eal.session-4,block-0084,eal,database-alternative-read-routes,reasoning,plain,False,1,4,recipients,not_ready,ambiguous,,501,8.880000000000002e-05,2.035378966999815
block-0084.eal.session-5,block-0084,eal,database-alternative-read-routes,reasoning,plain,False,1,5,recipients,not_ready,not_ready,True,476,7.880000000000002e-05,1.6401527140001235
block-0084.eal.session-6,block-0084,eal,database-alternative-read-routes,reasoning,plain,False,1,6,recipients,undetermined,undetermined,True,459,7.14e-05,1.8258802810000816
block-0084.eal.session-7,block-0084,eal,database-alternative-read-routes,reasoning,plain,False,1,7,recipients,undetermined,undetermined,True,467,7.46e-05,1.4236521419998098
block-0084.eal.session-8,block-0084,eal,database-alternative-read-routes,reasoning,plain,False,1,8,recipients,ready,ready,True,433,6.19e-05,1.5493943139999828
block-0084.eal.session-9,block-0084,eal,database-alternative-read-routes,reasoning,plain,False,1,9,recipients,ready,ready,True,443,6.59e-05,1.8678832860000512
block-0084.eal.session-10,block-0084,eal,database-alternative-read-routes,reasoning,plain,False,1,10,recipients,undetermined,undetermined,True,457,7.06e-05,1.7144087960000434
block-0084.ordinary.session-0,block-0084,ordinary,database-alternative-read-routes,reasoning,plain,False,1,0,initial,ready,ready,True,2612,0.00026535,3.228826814000058
block-0084.ordinary.session-1,block-0084,ordinary,database-alternative-read-routes,reasoning,plain,False,1,1,recipients,ready,ready,True,905,0.00013309999999999998,3.1727706870001384
block-0084.ordinary.session-2,block-0084,ordinary,database-alternative-read-routes,reasoning,plain,False,1,2,recipients,ready,ready,True,924,0.00013470000000000002,2.9171262730001217
block-0084.ordinary.session-3,block-0084,ordinary,database-alternative-read-routes,reasoning,plain,False,1,3,recipients,ready,ready,True,908,0.0001292,2.3714525490004235
block-0084.ordinary.session-4,block-0084,ordinary,database-alternative-read-routes,reasoning,plain,False,1,4,recipients,not_ready,ready,False,896,0.0001283,1.2468203470002663
block-0084.ordinary.session-5,block-0084,ordinary,database-alternative-read-routes,reasoning,plain,False,1,5,recipients,not_ready,ready,False,883,0.0001228,1.0918074449996311
block-0084.ordinary.session-6,block-0084,ordinary,database-alternative-read-routes,reasoning,plain,False,1,6,recipients,undetermined,ready,False,899,0.00013340000000000002,2.3780562279998776
block-0084.ordinary.session-7,block-0084,ordinary,database-alternative-read-routes,reasoning,plain,False,1,7,recipients,undetermined,ready,False,908,0.00012680000000000002,1.8725330030001714
block-0084.ordinary.session-8,block-0084,ordinary,database-alternative-read-routes,reasoning,plain,False,1,8,recipients,ready,ready,True,879,0.0001239,1.3584447309999632
block-0084.ordinary.session-9,block-0084,ordinary,database-alternative-read-routes,reasoning,plain,False,1,9,recipients,ready,ready,True,887,0.0001271,1.3875151829997776
block-0084.ordinary.session-10,block-0084,ordinary,database-alternative-read-routes,reasoning,plain,False,1,10,recipients,undetermined,ready,False,905,0.0001319,1.8914295999998103
block-0085.ordinary.session-0,block-0085,ordinary,firmware-selective-applicability,reasoning,reasoning,True,1,0,initial,ready,ready,True,2341,0.0002413,3.424928848000036
block-0085.ordinary.session-1,block-0085,ordinary,firmware-selective-applicability,reasoning,reasoning,True,1,1,recipients,ready,ready,True,1245,0.00019945000000000002,2.6730767949998153
block-0085.ordinary.session-2,block-0085,ordinary,firmware-selective-applicability,reasoning,reasoning,True,1,2,recipients,undetermined,undetermined,True,3084,0.00038100000000000005,4.564756106000004
block-0085.ordinary.session-3,block-0085,ordinary,firmware-selective-applicability,reasoning,reasoning,True,1,3,recipients,undetermined,undetermined,True,1299,0.00022035000000000002,2.967543681999814
block-0085.ordinary.session-4,block-0085,ordinary,firmware-selective-applicability,reasoning,reasoning,True,1,4,recipients,not_ready,undetermined,False,1249,0.00021715,3.1173600749998513
block-0085.ordinary.session-5,block-0085,ordinary,firmware-selective-applicability,reasoning,reasoning,True,1,5,recipients,not_ready,undetermined,False,1237,0.00020255000000000002,2.874207483000191
block-0085.ordinary.session-6,block-0085,ordinary,firmware-selective-applicability,reasoning,reasoning,True,1,6,recipients,ready,ready,True,3275,0.0003811,4.672130224999819
block-0085.ordinary.session-7,block-0085,ordinary,firmware-selective-applicability,reasoning,reasoning,True,1,7,recipients,ready,ready,True,1125,0.00017035000000000002,2.6328573550003966
block-0085.ordinary.session-8,block-0085,ordinary,firmware-selective-applicability,reasoning,reasoning,True,1,8,recipients,undetermined,undetermined,True,1385,0.00027645,3.8228198069996324
block-0085.ordinary.session-9,block-0085,ordinary,firmware-selective-applicability,reasoning,reasoning,True,1,9,recipients,undetermined,undetermined,True,1144,0.00018145,2.603082984000139
block-0085.ordinary.session-10,block-0085,ordinary,firmware-selective-applicability,reasoning,reasoning,True,1,10,recipients,ready,undetermined,False,1013,0.00014655,2.0667595990003065
block-0085.eal.session-0,block-0085,eal,firmware-selective-applicability,reasoning,reasoning,True,1,0,initial,ready,ready,True,823,0.00015665,2.7673265069997797
block-0085.eal.session-1,block-0085,eal,firmware-selective-applicability,reasoning,reasoning,True,1,1,recipients,ready,ready,True,731,0.00011985000000000001,2.666425089999848
block-0085.eal.session-2,block-0085,eal,firmware-selective-applicability,reasoning,reasoning,True,1,2,recipients,undetermined,undetermined,True,933,0.00019960000000000003,3.3733645009997417
block-0085.eal.session-3,block-0085,eal,firmware-selective-applicability,reasoning,reasoning,True,1,3,recipients,undetermined,undetermined,True,857,0.00016920000000000002,2.6364000309999938
block-0085.eal.session-4,block-0085,eal,firmware-selective-applicability,reasoning,reasoning,True,1,4,recipients,not_ready,not_ready,True,728,0.00011830000000000002,2.4111031950001234
block-0085.eal.session-5,block-0085,eal,firmware-selective-applicability,reasoning,reasoning,True,1,5,recipients,not_ready,not_ready,True,824,0.0001567,4.632655230000182
block-0085.eal.session-6,block-0085,eal,firmware-selective-applicability,reasoning,reasoning,True,1,6,recipients,ready,ready,True,714,0.00011305000000000001,2.2627656509998815
block-0085.eal.session-7,block-0085,eal,firmware-selective-applicability,reasoning,reasoning,True,1,7,recipients,ready,ready,True,828,0.00015865,2.8458185200001935
block-0085.eal.session-8,block-0085,eal,firmware-selective-applicability,reasoning,reasoning,True,1,8,recipients,undetermined,undetermined,True,996,0.00022480000000000002,3.6033529389997057
block-0085.eal.session-9,block-0085,eal,firmware-selective-applicability,reasoning,reasoning,True,1,9,recipients,undetermined,undetermined,True,861,0.0001708,2.8896811619997607
block-0085.eal.session-10,block-0085,eal,firmware-selective-applicability,reasoning,reasoning,True,1,10,recipients,ready,ready,True,807,0.00015025,2.8720094760001302
block-0086.eal.session-0,block-0086,eal,migration-cutover-obligations,plain,reasoning,True,3,0,initial,ready,ready,True,1436,0.0001706,2.6539574349999384
block-0086.eal.session-1,block-0086,eal,migration-cutover-obligations,plain,reasoning,True,3,1,recipients,ready,ready,True,783,0.00014835000000000003,2.685075500000039
block-0086.eal.session-2,block-0086,eal,migration-cutover-obligations,plain,reasoning,True,3,2,recipients,not_ready,not_ready,True,865,0.0001808,2.998763270999916
block-0086.eal.session-3,block-0086,eal,migration-cutover-obligations,plain,reasoning,True,3,3,recipients,not_ready,not_ready,True,697,0.0001136,2.2371249419998094
block-0086.eal.session-4,block-0086,eal,migration-cutover-obligations,plain,reasoning,True,3,4,recipients,undetermined,undetermined,True,749,0.0001337,2.446420923000005
block-0086.eal.session-5,block-0086,eal,migration-cutover-obligations,plain,reasoning,True,3,5,recipients,undetermined,undetermined,True,793,0.00015130000000000002,2.768774441000005
block-0086.eal.session-6,block-0086,eal,migration-cutover-obligations,plain,reasoning,True,3,6,recipients,ready,ready,True,740,0.00013115000000000002,2.596506685999884
block-0086.eal.session-7,block-0086,eal,migration-cutover-obligations,plain,reasoning,True,3,7,recipients,ready,ready,True,732,0.00012795,2.5333452360000592
block-0086.eal.session-8,block-0086,eal,migration-cutover-obligations,plain,reasoning,True,3,8,recipients,not_ready,not_ready,True,862,0.0001796,3.160076965999906
block-0086.eal.session-9,block-0086,eal,migration-cutover-obligations,plain,reasoning,True,3,9,recipients,not_ready,not_ready,True,947,0.0002136,3.725507448999906
block-0086.eal.session-10,block-0086,eal,migration-cutover-obligations,plain,reasoning,True,3,10,recipients,ready,ready,True,735,0.00012915,3.253963100000419
block-0086.ordinary.session-0,block-0086,ordinary,migration-cutover-obligations,plain,reasoning,True,3,0,initial,ready,not_ready,False,1763,0.00019940000000000002,1.941093642999931
block-0086.ordinary.session-1,block-0086,ordinary,migration-cutover-obligations,plain,reasoning,True,3,1,recipients,ready,not_ready,False,1255,0.00025315000000000005,3.6223139250000713
block-0086.ordinary.session-2,block-0086,ordinary,migration-cutover-obligations,plain,reasoning,True,3,2,recipients,not_ready,undetermined,False,1782,0.00034075,5.389717888999712
block-0086.ordinary.session-3,block-0086,ordinary,migration-cutover-obligations,plain,reasoning,True,3,3,recipients,not_ready,undetermined,False,1114,0.0001663,2.1447304489997805
block-0086.ordinary.session-4,block-0086,ordinary,migration-cutover-obligations,plain,reasoning,True,3,4,recipients,undetermined,undetermined,True,1118,0.00015844999999999998,2.140458469999885
block-0086.ordinary.session-5,block-0086,ordinary,migration-cutover-obligations,plain,reasoning,True,3,5,recipients,undetermined,undetermined,True,1063,0.000141,3.6843521820001115
block-0086.ordinary.session-6,block-0086,ordinary,migration-cutover-obligations,plain,reasoning,True,3,6,recipients,ready,undetermined,False,1024,0.00013695,2.03569758499998
block-0086.ordinary.session-7,block-0086,ordinary,migration-cutover-obligations,plain,reasoning,True,3,7,recipients,ready,undetermined,False,1144,0.00019160000000000002,2.4851099420002356
block-0086.ordinary.session-8,block-0086,ordinary,migration-cutover-obligations,plain,reasoning,True,3,8,recipients,not_ready,undetermined,False,1134,0.00015785000000000002,1.9742073120000896
block-0086.ordinary.session-9,block-0086,ordinary,migration-cutover-obligations,plain,reasoning,True,3,9,recipients,not_ready,undetermined,False,1212,0.00020585,3.0187271580002744
block-0086.ordinary.session-10,block-0086,ordinary,migration-cutover-obligations,plain,reasoning,True,3,10,recipients,ready,undetermined,False,1370,0.00027920000000000006,3.866533892999996
block-0087.ordinary.session-0,block-0087,ordinary,migration-multiple-version-bindings,reasoning,plain,False,3,0,initial,ready,ready,True,2300,0.00021475000000000002,2.8161401739998837
block-0087.ordinary.session-1,block-0087,ordinary,migration-multiple-version-bindings,reasoning,plain,False,3,1,recipients,ready,ready,True,800,0.00011240000000000001,1.5892091450000407
block-0087.ordinary.session-2,block-0087,ordinary,migration-multiple-version-bindings,reasoning,plain,False,3,2,recipients,undetermined,ready,False,798,0.0001185,1.9134806380002374
block-0087.ordinary.session-3,block-0087,ordinary,migration-multiple-version-bindings,reasoning,plain,False,3,3,recipients,undetermined,ready,False,805,0.00011559999999999999,1.444860824999978
block-0087.ordinary.session-4,block-0087,ordinary,migration-multiple-version-bindings,reasoning,plain,False,3,4,recipients,not_ready,ready,False,785,0.00011120000000000002,1.604167727999993
block-0087.ordinary.session-5,block-0087,ordinary,migration-multiple-version-bindings,reasoning,plain,False,3,5,recipients,not_ready,ready,False,769,0.0001072,0.9249414409996461
block-0087.ordinary.session-6,block-0087,ordinary,migration-multiple-version-bindings,reasoning,plain,False,3,6,recipients,ready,ready,True,764,0.0001076,1.2459595750001426
block-0087.ordinary.session-7,block-0087,ordinary,migration-multiple-version-bindings,reasoning,plain,False,3,7,recipients,ready,ready,True,758,0.0001043,1.1959921420002502
block-0087.ordinary.session-8,block-0087,ordinary,migration-multiple-version-bindings,reasoning,plain,False,3,8,recipients,undetermined,ready,False,751,0.00010420000000000001,1.3038031890000639
block-0087.ordinary.session-9,block-0087,ordinary,migration-multiple-version-bindings,reasoning,plain,False,3,9,recipients,undetermined,ready,False,751,0.00010360000000000001,0.9936611989996891
block-0087.ordinary.session-10,block-0087,ordinary,migration-multiple-version-bindings,reasoning,plain,False,3,10,recipients,not_ready,ready,False,803,0.000125,1.3507240660001116
block-0087.eal.session-0,block-0087,eal,migration-multiple-version-bindings,reasoning,plain,False,3,0,initial,ready,ready,True,802,0.00014825,2.8976317030001155
block-0087.eal.session-1,block-0087,eal,migration-multiple-version-bindings,reasoning,plain,False,3,1,recipients,ready,ready,True,481,7.659999999999999e-05,2.383313229000123
block-0087.eal.session-2,block-0087,eal,migration-multiple-version-bindings,reasoning,plain,False,3,2,recipients,undetermined,undetermined,True,495,8.130000000000001e-05,2.7664263649999157
block-0087.eal.session-3,block-0087,eal,migration-multiple-version-bindings,reasoning,plain,False,3,3,recipients,undetermined,undetermined,True,498,8.25e-05,1.3115178309999465
block-0087.eal.session-4,block-0087,eal,migration-multiple-version-bindings,reasoning,plain,False,3,4,recipients,not_ready,not_ready,True,488,7.910000000000001e-05,2.862745848999566
block-0087.eal.session-5,block-0087,eal,migration-multiple-version-bindings,reasoning,plain,False,3,5,recipients,not_ready,not_ready,True,477,7.47e-05,1.8786827589997301
block-0087.eal.session-6,block-0087,eal,migration-multiple-version-bindings,reasoning,plain,False,3,6,recipients,ready,ready,True,475,7.42e-05,1.7572340870001426
block-0087.eal.session-7,block-0087,eal,migration-multiple-version-bindings,reasoning,plain,False,3,7,recipients,ready,ready,True,474,7.38e-05,1.51214214599986
block-0087.eal.session-8,block-0087,eal,migration-multiple-version-bindings,reasoning,plain,False,3,8,recipients,undetermined,undetermined,True,492,8.010000000000001e-05,1.5420822189998944
block-0087.eal.session-9,block-0087,eal,migration-multiple-version-bindings,reasoning,plain,False,3,9,recipients,undetermined,undetermined,True,480,7.530000000000001e-05,1.5443235239999922
block-0087.eal.session-10,block-0087,eal,migration-multiple-version-bindings,reasoning,plain,False,3,10,recipients,not_ready,not_ready,True,449,6.35e-05,1.7055744590002178
block-0088.eal.session-0,block-0088,eal,database-alternative-read-routes,reasoning,reasoning,False,0,0,initial,ready,ready,True,771,0.0001411,2.8717195760000322
block-0088.eal.session-1,block-0088,eal,database-alternative-read-routes,reasoning,reasoning,False,0,1,recipients,ready,ready,True,660,0.0001345,2.7219947739999952
block-0088.eal.session-2,block-0088,eal,database-alternative-read-routes,reasoning,reasoning,False,0,2,recipients,ready,ready,True,624,0.0001201,2.9345631620003587
block-0088.eal.session-3,block-0088,eal,database-alternative-read-routes,reasoning,reasoning,False,0,3,recipients,ready,ready,True,1040,0.0002865,4.803978001999894
block-0088.eal.session-4,block-0088,eal,database-alternative-read-routes,reasoning,reasoning,False,0,4,recipients,not_ready,not_ready,True,691,0.00014655,2.9374114409997674
block-0088.eal.session-5,block-0088,eal,database-alternative-read-routes,reasoning,reasoning,False,0,5,recipients,not_ready,not_ready,True,724,0.00015975000000000003,3.277303277000101
block-0088.eal.session-6,block-0088,eal,database-alternative-read-routes,reasoning,reasoning,False,0,6,recipients,undetermined,undetermined,True,755,0.00017145000000000002,3.985476413000015
block-0088.eal.session-7,block-0088,eal,database-alternative-read-routes,reasoning,reasoning,False,0,7,recipients,undetermined,undetermined,True,737,0.00016425,3.0180459329999394
block-0088.eal.session-8,block-0088,eal,database-alternative-read-routes,reasoning,reasoning,False,0,8,recipients,ready,ready,True,637,0.0001253,2.710358008000185
block-0088.eal.session-9,block-0088,eal,database-alternative-read-routes,reasoning,reasoning,False,0,9,recipients,ready,ready,True,627,0.00012130000000000001,2.9409082639999724
block-0088.eal.session-10,block-0088,eal,database-alternative-read-routes,reasoning,reasoning,False,0,10,recipients,undetermined,undetermined,True,850,0.00020945000000000002,3.5655986009996923
block-0088.ordinary.session-0,block-0088,ordinary,database-alternative-read-routes,reasoning,reasoning,False,0,0,initial,ready,undetermined,False,1049,0.00016025,2.5464978320001137
block-0088.ordinary.session-1,block-0088,ordinary,database-alternative-read-routes,reasoning,reasoning,False,0,1,recipients,ready,undetermined,False,989,0.0001177,1.9437138009998307
block-0088.ordinary.session-2,block-0088,ordinary,database-alternative-read-routes,reasoning,reasoning,False,0,2,recipients,ready,undetermined,False,1090,0.0001763,2.843795190000037
block-0088.ordinary.session-3,block-0088,ordinary,database-alternative-read-routes,reasoning,reasoning,False,0,3,recipients,ready,undetermined,False,1028,0.0001438,2.6260620469997775
block-0088.ordinary.session-4,block-0088,ordinary,database-alternative-read-routes,reasoning,reasoning,False,0,4,recipients,not_ready,undetermined,False,1032,0.00014120000000000002,2.451397399000143
block-0088.ordinary.session-5,block-0088,ordinary,database-alternative-read-routes,reasoning,reasoning,False,0,5,recipients,not_ready,undetermined,False,1149,0.0001831,3.4930932060001396
block-0088.ordinary.session-6,block-0088,ordinary,database-alternative-read-routes,reasoning,reasoning,False,0,6,recipients,undetermined,undetermined,True,1244,0.00021760000000000003,3.1290912599997682
block-0088.ordinary.session-7,block-0088,ordinary,database-alternative-read-routes,reasoning,reasoning,False,0,7,recipients,undetermined,undetermined,True,1136,0.00017544999999999998,3.2784638399998585
block-0088.ordinary.session-8,block-0088,ordinary,database-alternative-read-routes,reasoning,reasoning,False,0,8,recipients,ready,undetermined,False,1146,0.00017945,3.103394067999943
block-0088.ordinary.session-9,block-0088,ordinary,database-alternative-read-routes,reasoning,reasoning,False,0,9,recipients,ready,undetermined,False,1065,0.00015790000000000002,2.618544646999908
block-0088.ordinary.session-10,block-0088,ordinary,database-alternative-read-routes,reasoning,reasoning,False,0,10,recipients,undetermined,undetermined,True,1119,0.00017565000000000001,2.941618230000131
block-0089.eal.session-0,block-0089,eal,dispatch-direct-or-tunnel,reasoning,reasoning,True,1,0,initial,ready,ready,True,748,0.00013365,2.5669587939996745
block-0089.eal.session-1,block-0089,eal,dispatch-direct-or-tunnel,reasoning,reasoning,True,1,1,recipients,ready,ready,True,854,0.00017605000000000002,3.3972299260003638
block-0089.eal.session-2,block-0089,eal,dispatch-direct-or-tunnel,reasoning,reasoning,True,1,2,recipients,not_ready,not_ready,True,902,0.00019490000000000002,3.5249496100000215
block-0089.eal.session-3,block-0089,eal,dispatch-direct-or-tunnel,reasoning,reasoning,True,1,3,recipients,not_ready,not_ready,True,949,0.0002137,3.488536743000168
block-0089.eal.session-4,block-0089,eal,dispatch-direct-or-tunnel,reasoning,reasoning,True,1,4,recipients,ready,ready,True,776,0.00014485,3.035568853999848
block-0089.eal.session-5,block-0089,eal,dispatch-direct-or-tunnel,reasoning,reasoning,True,1,5,recipients,ready,ready,True,742,0.00013125,2.3693810849999863
block-0089.eal.session-6,block-0089,eal,dispatch-direct-or-tunnel,reasoning,reasoning,True,1,6,recipients,undetermined,undetermined,True,842,0.00017020000000000002,4.23194763399988
block-0089.eal.session-7,block-0089,eal,dispatch-direct-or-tunnel,reasoning,reasoning,True,1,7,recipients,undetermined,undetermined,True,709,0.000117,2.7148689949999607
block-0089.eal.session-8,block-0089,eal,dispatch-direct-or-tunnel,reasoning,reasoning,True,1,8,recipients,ready,ready,True,744,0.00013205,2.5265213879997646
block-0089.eal.session-9,block-0089,eal,dispatch-direct-or-tunnel,reasoning,reasoning,True,1,9,recipients,ready,ready,True,834,0.00016805000000000002,3.8455564949999825
block-0089.eal.session-10,block-0089,eal,dispatch-direct-or-tunnel,reasoning,reasoning,True,1,10,recipients,undetermined,undetermined,True,865,0.00017940000000000002,3.198334346000138
block-0089.ordinary.session-0,block-0089,ordinary,dispatch-direct-or-tunnel,reasoning,reasoning,True,1,0,initial,ready,ready,True,2507,0.00023945,3.0998194789999616
block-0089.ordinary.session-1,block-0089,ordinary,dispatch-direct-or-tunnel,reasoning,reasoning,True,1,1,recipients,ready,ready,True,1241,0.0001954,3.737901101999796
block-0089.ordinary.session-2,block-0089,ordinary,dispatch-direct-or-tunnel,reasoning,reasoning,True,1,2,recipients,not_ready,ready,False,1241,0.00020310000000000003,3.9705134900000303
block-0089.ordinary.session-3,block-0089,ordinary,dispatch-direct-or-tunnel,reasoning,reasoning,True,1,3,recipients,not_ready,ready,False,1114,0.0001537,2.3360410800000864
block-0089.ordinary.session-4,block-0089,ordinary,dispatch-direct-or-tunnel,reasoning,reasoning,True,1,4,recipients,ready,ready,True,1139,0.0001637,3.379668958000366
block-0089.ordinary.session-5,block-0089,ordinary,dispatch-direct-or-tunnel,reasoning,reasoning,True,1,5,recipients,ready,ready,True,1048,0.00012975,1.8297602190000362
block-0089.ordinary.session-6,block-0089,ordinary,dispatch-direct-or-tunnel,reasoning,reasoning,True,1,6,recipients,undetermined,ready,False,1278,0.0002144,3.216688676999638
block-0089.ordinary.session-7,block-0089,ordinary,dispatch-direct-or-tunnel,reasoning,reasoning,True,1,7,recipients,undetermined,ready,False,1250,0.00019235,2.8718538590001117
block-0089.ordinary.session-8,block-0089,ordinary,dispatch-direct-or-tunnel,reasoning,reasoning,True,1,8,recipients,ready,ready,True,1325,0.0002213,3.0853351139999177
block-0089.ordinary.session-9,block-0089,ordinary,dispatch-direct-or-tunnel,reasoning,reasoning,True,1,9,recipients,ready,ready,True,1271,0.00019480000000000002,2.836238632000004
block-0089.ordinary.session-10,block-0089,ordinary,dispatch-direct-or-tunnel,reasoning,reasoning,True,1,10,recipients,undetermined,ready,False,1186,0.0001573,2.700748253999791
block-0090.ordinary.session-0,block-0090,ordinary,firmware-selective-applicability,reasoning,plain,True,3,0,initial,ready,ready,True,2317,0.00022470000000000004,3.141558986000291
block-0090.ordinary.session-1,block-0090,ordinary,firmware-selective-applicability,reasoning,plain,True,3,1,recipients,ready,ready,True,796,9.85e-05,1.0752038949999587
block-0090.ordinary.session-2,block-0090,ordinary,firmware-selective-applicability,reasoning,plain,True,3,2,recipients,undetermined,ready,False,2016,0.00022950000000000002,1.7947937369999636
block-0090.ordinary.session-3,block-0090,ordinary,firmware-selective-applicability,reasoning,plain,True,3,3,recipients,undetermined,ready,False,741,9.9e-05,1.3674067530000684
block-0090.ordinary.session-4,block-0090,ordinary,firmware-selective-applicability,reasoning,plain,True,3,4,recipients,not_ready,not_ready,True,2161,0.0002494,1.5788433939997049
block-0090.ordinary.session-5,block-0090,ordinary,firmware-selective-applicability,reasoning,plain,True,3,5,recipients,not_ready,not_ready,True,2180,0.00024680000000000004,2.4368388210000376
block-0090.ordinary.session-6,block-0090,ordinary,firmware-selective-applicability,reasoning,plain,True,3,6,recipients,ready,not_ready,False,2328,0.00026310000000000005,2.1878641549997155
block-0090.ordinary.session-7,block-0090,ordinary,firmware-selective-applicability,reasoning,plain,True,3,7,recipients,ready,not_ready,False,2364,0.00027450000000000006,2.3890869249999014
block-0090.ordinary.session-8,block-0090,ordinary,firmware-selective-applicability,reasoning,plain,True,3,8,recipients,undetermined,not_ready,False,2424,0.00028290000000000005,2.060715333999724
block-0090.ordinary.session-9,block-0090,ordinary,firmware-selective-applicability,reasoning,plain,True,3,9,recipients,undetermined,not_ready,False,2445,0.0002865,2.222449776999838
block-0090.ordinary.session-10,block-0090,ordinary,firmware-selective-applicability,reasoning,plain,True,3,10,recipients,ready,not_ready,False,2602,0.00029410000000000005,2.2964307560000634
block-0090.eal.session-0,block-0090,eal,firmware-selective-applicability,reasoning,plain,True,3,0,initial,ready,ready,True,751,0.00012785000000000002,2.7312802599999486
block-0090.eal.session-1,block-0090,eal,firmware-selective-applicability,reasoning,plain,True,3,1,recipients,ready,ready,True,1516,0.0001651,1.9535580870001468
block-0090.eal.session-2,block-0090,eal,firmware-selective-applicability,reasoning,plain,True,3,2,recipients,undetermined,undetermined,True,1596,0.00019530000000000003,2.3048860829999285
block-0090.eal.session-3,block-0090,eal,firmware-selective-applicability,reasoning,plain,True,3,3,recipients,undetermined,undetermined,True,1571,0.0001853,1.8747198910000407
block-0090.eal.session-4,block-0090,eal,firmware-selective-applicability,reasoning,plain,True,3,4,recipients,not_ready,not_ready,True,1662,0.0001968,2.4047658780000347
block-0090.eal.session-5,block-0090,eal,firmware-selective-applicability,reasoning,plain,True,3,5,recipients,not_ready,not_ready,True,1625,0.000182,2.1583715900001152
block-0090.eal.session-6,block-0090,eal,firmware-selective-applicability,reasoning,plain,True,3,6,recipients,ready,ready,True,1789,0.00019630000000000003,2.117298378000214
block-0090.eal.session-7,block-0090,eal,firmware-selective-applicability,reasoning,plain,True,3,7,recipients,ready,ready,True,1794,0.00019830000000000002,2.3152650910001285
block-0090.eal.session-8,block-0090,eal,firmware-selective-applicability,reasoning,plain,True,3,8,recipients,undetermined,undetermined,True,1799,0.0001985,2.48063247600021
block-0090.eal.session-9,block-0090,eal,firmware-selective-applicability,reasoning,plain,True,3,9,recipients,undetermined,ambiguous,,1863,0.0002241,2.9403840670001955
block-0090.eal.session-10,block-0090,eal,firmware-selective-applicability,reasoning,plain,True,3,10,recipients,ready,ready,True,1966,0.00021490000000000002,2.335560183000325
block-0091.ordinary.session-0,block-0091,ordinary,migration-multiple-version-bindings,reasoning,plain,True,2,0,initial,ready,ready,True,2297,0.0002097,2.9614578099999562
block-0091.ordinary.session-1,block-0091,ordinary,migration-multiple-version-bindings,reasoning,plain,True,2,1,recipients,ready,ready,True,2173,0.0002545,2.0249220159998913
block-0091.ordinary.session-2,block-0091,ordinary,migration-multiple-version-bindings,reasoning,plain,True,2,2,recipients,undetermined,ready,False,795,0.000108,1.080886045999705
block-0091.ordinary.session-3,block-0091,ordinary,migration-multiple-version-bindings,reasoning,plain,True,2,3,recipients,undetermined,ready,False,2113,0.00024310000000000005,1.5802424630001042
block-0091.ordinary.session-4,block-0091,ordinary,migration-multiple-version-bindings,reasoning,plain,True,2,4,recipients,not_ready,ready,False,2281,0.0002596,1.4661895019999065
block-0091.ordinary.session-5,block-0091,ordinary,migration-multiple-version-bindings,reasoning,plain,True,2,5,recipients,not_ready,ready,False,2273,0.000257,1.6455433670003003
block-0091.ordinary.session-6,block-0091,ordinary,migration-multiple-version-bindings,reasoning,plain,True,2,6,recipients,ready,ready,True,2346,0.00026430000000000003,1.9235816039999918
block-0091.ordinary.session-7,block-0091,ordinary,migration-multiple-version-bindings,reasoning,plain,True,2,7,recipients,ready,ready,True,2347,0.0002647,2.1781915970000227
block-0091.ordinary.session-8,block-0091,ordinary,migration-multiple-version-bindings,reasoning,plain,True,2,8,recipients,undetermined,ready,False,2349,0.0002649,1.652242581000337
block-0091.ordinary.session-9,block-0091,ordinary,migration-multiple-version-bindings,reasoning,plain,True,2,9,recipients,undetermined,ready,False,2349,0.0002649,2.2599464970003282
block-0091.ordinary.session-10,block-0091,ordinary,migration-multiple-version-bindings,reasoning,plain,True,2,10,recipients,not_ready,ready,False,782,0.0001106,1.2071208160000424
block-0091.eal.session-0,block-0091,eal,migration-multiple-version-bindings,reasoning,plain,True,2,0,initial,ready,ready,True,737,0.00012225000000000002,2.564340822000304
block-0091.eal.session-1,block-0091,eal,migration-multiple-version-bindings,reasoning,plain,True,2,1,recipients,ready,ready,True,1537,0.0001729,1.9360368259999632
block-0091.eal.session-2,block-0091,eal,migration-multiple-version-bindings,reasoning,plain,True,2,2,recipients,undetermined,undetermined,True,1588,0.00019150000000000002,2.2327798229998734
block-0091.eal.session-3,block-0091,eal,migration-multiple-version-bindings,reasoning,plain,True,2,3,recipients,undetermined,undetermined,True,1581,0.00018870000000000003,2.1749733549995653
block-0091.eal.session-4,block-0091,eal,migration-multiple-version-bindings,reasoning,plain,True,2,4,recipients,not_ready,not_ready,True,1704,0.0001884,2.246082672999819
block-0091.eal.session-5,block-0091,eal,migration-multiple-version-bindings,reasoning,plain,True,2,5,recipients,not_ready,not_ready,True,1735,0.0002008,2.0816476530003456
block-0091.eal.session-6,block-0091,eal,migration-multiple-version-bindings,reasoning,plain,True,2,6,recipients,ready,ready,True,1780,0.00019390000000000002,2.0945792939996863
block-0091.eal.session-7,block-0091,eal,migration-multiple-version-bindings,reasoning,plain,True,2,7,recipients,ready,ready,True,1803,0.0002031,1.868746894999731
block-0091.eal.session-8,block-0091,eal,migration-multiple-version-bindings,reasoning,plain,True,2,8,recipients,undetermined,undetermined,True,1853,0.0002213,3.012859470999956
block-0091.eal.session-9,block-0091,eal,migration-multiple-version-bindings,reasoning,plain,True,2,9,recipients,undetermined,undetermined,True,1827,0.00021090000000000003,2.1923782160001792
block-0091.eal.session-10,block-0091,eal,migration-multiple-version-bindings,reasoning,plain,True,2,10,recipients,not_ready,not_ready,True,1998,0.0002298,2.999458675999904
block-0092.ordinary.session-0,block-0092,ordinary,dispatch-direct-or-tunnel,reasoning,plain,False,3,0,initial,ready,ready,True,2541,0.0002485,4.080691346000094
block-0092.ordinary.session-1,block-0092,ordinary,dispatch-direct-or-tunnel,reasoning,plain,False,3,1,recipients,ready,ready,True,845,0.0001259,1.1689225509999233
block-0092.ordinary.session-2,block-0092,ordinary,dispatch-direct-or-tunnel,reasoning,plain,False,3,2,recipients,not_ready,ready,False,898,0.00012880000000000001,0.9727956450001329
block-0092.ordinary.session-3,block-0092,ordinary,dispatch-direct-or-tunnel,reasoning,plain,False,3,3,recipients,not_ready,ready,False,859,0.00011530000000000001,0.8962664220002807
block-0092.ordinary.session-4,block-0092,ordinary,dispatch-direct-or-tunnel,reasoning,plain,False,3,4,recipients,ready,ready,True,826,0.0001135,1.1873451589999604
block-0092.ordinary.session-5,block-0092,ordinary,dispatch-direct-or-tunnel,reasoning,plain,False,3,5,recipients,ready,ready,True,842,0.0001184,1.2571001629999046
block-0092.ordinary.session-6,block-0092,ordinary,dispatch-direct-or-tunnel,reasoning,plain,False,3,6,recipients,undetermined,ready,False,854,0.0001199,1.0019264759998805
block-0092.ordinary.session-7,block-0092,ordinary,dispatch-direct-or-tunnel,reasoning,plain,False,3,7,recipients,undetermined,ready,False,869,0.000125,1.001271609000014
block-0092.ordinary.session-8,block-0092,ordinary,dispatch-direct-or-tunnel,reasoning,plain,False,3,8,recipients,ready,ready,True,880,0.0001264,1.6313300750002782
block-0092.ordinary.session-9,block-0092,ordinary,dispatch-direct-or-tunnel,reasoning,plain,False,3,9,recipients,ready,ready,True,863,0.0001193,1.017548488999637
block-0092.ordinary.session-10,block-0092,ordinary,dispatch-direct-or-tunnel,reasoning,plain,False,3,10,recipients,undetermined,ready,False,855,0.0001215,1.0472191179997026
block-0092.eal.session-0,block-0092,eal,dispatch-direct-or-tunnel,reasoning,plain,False,3,0,initial,ready,ready,True,751,0.00013485,3.0928554980000627
block-0092.eal.session-1,block-0092,eal,dispatch-direct-or-tunnel,reasoning,plain,False,3,1,recipients,ready,ready,True,431,6.26e-05,1.2924321250002322
block-0092.eal.session-2,block-0092,eal,dispatch-direct-or-tunnel,reasoning,plain,False,3,2,recipients,not_ready,not_ready,True,442,6.670000000000001e-05,1.434318046000044
block-0092.eal.session-3,block-0092,eal,dispatch-direct-or-tunnel,reasoning,plain,False,3,3,recipients,not_ready,not_ready,True,459,7.35e-05,1.285506169999735
block-0092.eal.session-4,block-0092,eal,dispatch-direct-or-tunnel,reasoning,plain,False,3,4,recipients,ready,ready,True,425,6.02e-05,1.3561273000000256
block-0092.eal.session-5,block-0092,eal,dispatch-direct-or-tunnel,reasoning,plain,False,3,5,recipients,ready,ready,True,426,6.06e-05,1.1467586740000115
block-0092.eal.session-6,block-0092,eal,dispatch-direct-or-tunnel,reasoning,plain,False,3,6,recipients,undetermined,undetermined,True,450,6.929999999999999e-05,1.2464849250000043
block-0092.eal.session-7,block-0092,eal,dispatch-direct-or-tunnel,reasoning,plain,False,3,7,recipients,undetermined,undetermined,True,474,7.890000000000001e-05,1.8237436529998376
block-0092.eal.session-8,block-0092,eal,dispatch-direct-or-tunnel,reasoning,plain,False,3,8,recipients,ready,ready,True,437,6.5e-05,1.701998411999739
block-0092.eal.session-9,block-0092,eal,dispatch-direct-or-tunnel,reasoning,plain,False,3,9,recipients,ready,ready,True,450,7.02e-05,1.437293905000388
block-0092.eal.session-10,block-0092,eal,dispatch-direct-or-tunnel,reasoning,plain,False,3,10,recipients,undetermined,undetermined,True,427,6.0100000000000004e-05,1.4672708579996652
block-0093.ordinary.session-0,block-0093,ordinary,dispatch-direct-or-tunnel,plain,reasoning,True,3,0,initial,ready,not_ready,False,2125,0.0002566,1.8263075429999844
block-0093.ordinary.session-1,block-0093,ordinary,dispatch-direct-or-tunnel,plain,reasoning,True,3,1,recipients,ready,not_ready,False,1256,0.00019685000000000001,3.4194367109998893
block-0093.ordinary.session-2,block-0093,ordinary,dispatch-direct-or-tunnel,plain,reasoning,True,3,2,recipients,not_ready,ready,False,1674,0.0003763000000000001,5.400913744000263
block-0093.ordinary.session-3,block-0093,ordinary,dispatch-direct-or-tunnel,plain,reasoning,True,3,3,recipients,not_ready,ready,False,1160,0.00015845000000000003,2.468534763000207
block-0093.ordinary.session-4,block-0093,ordinary,dispatch-direct-or-tunnel,plain,reasoning,True,3,4,recipients,ready,ready,True,1156,0.0001705,2.8044522010000037
block-0093.ordinary.session-5,block-0093,ordinary,dispatch-direct-or-tunnel,plain,reasoning,True,3,5,recipients,ready,ready,True,1193,0.00016710000000000002,2.702651190999859
block-0093.ordinary.session-6,block-0093,ordinary,dispatch-direct-or-tunnel,plain,reasoning,True,3,6,recipients,undetermined,ready,False,1134,0.00016205,2.544672949999949
block-0093.ordinary.session-7,block-0093,ordinary,dispatch-direct-or-tunnel,plain,reasoning,True,3,7,recipients,undetermined,ready,False,3099,0.00028305,3.4700236859998768
block-0093.ordinary.session-8,block-0093,ordinary,dispatch-direct-or-tunnel,plain,reasoning,True,3,8,recipients,ready,ready,True,1144,0.00014855,2.2740119800000684
block-0093.ordinary.session-9,block-0093,ordinary,dispatch-direct-or-tunnel,plain,reasoning,True,3,9,recipients,ready,ready,True,1155,0.00015925,2.3209441059998426
block-0093.ordinary.session-10,block-0093,ordinary,dispatch-direct-or-tunnel,plain,reasoning,True,3,10,recipients,undetermined,ready,False,1198,0.00017470000000000002,3.1121066099999553
block-0093.eal.session-0,block-0093,eal,dispatch-direct-or-tunnel,plain,reasoning,True,3,0,initial,ready,ready,True,1550,0.00017900000000000001,1.9171874479998223
block-0093.eal.session-1,block-0093,eal,dispatch-direct-or-tunnel,plain,reasoning,True,3,1,recipients,ready,ready,True,834,0.00016805000000000002,2.9822902330001853
block-0093.eal.session-2,block-0093,eal,dispatch-direct-or-tunnel,plain,reasoning,True,3,2,recipients,not_ready,not_ready,True,905,0.00019610000000000002,3.367472249000002
block-0093.eal.session-3,block-0093,eal,dispatch-direct-or-tunnel,plain,reasoning,True,3,3,recipients,not_ready,not_ready,True,781,0.0001465,2.6347636469999998
block-0093.eal.session-4,block-0093,eal,dispatch-direct-or-tunnel,plain,reasoning,True,3,4,recipients,ready,ready,True,799,0.00015405,2.8984028529998795
block-0093.eal.session-5,block-0093,eal,dispatch-direct-or-tunnel,plain,reasoning,True,3,5,recipients,ready,ready,True,770,0.00014245000000000002,2.7612438230003136
block-0093.eal.session-6,block-0093,eal,dispatch-direct-or-tunnel,plain,reasoning,True,3,6,recipients,undetermined,undetermined,True,860,0.00017740000000000003,3.4117695800000547
block-0093.eal.session-7,block-0093,eal,dispatch-direct-or-tunnel,plain,reasoning,True,3,7,recipients,undetermined,undetermined,True,787,0.00014820000000000002,2.9708039950000966
block-0093.eal.session-8,block-0093,eal,dispatch-direct-or-tunnel,plain,reasoning,True,3,8,recipients,ready,ready,True,845,0.00017245000000000002,3.4537487150000743
block-0093.eal.session-9,block-0093,eal,dispatch-direct-or-tunnel,plain,reasoning,True,3,9,recipients,ready,ready,True,819,0.00016205,2.8449073510000744
block-0093.eal.session-10,block-0093,eal,dispatch-direct-or-tunnel,plain,reasoning,True,3,10,recipients,undetermined,undetermined,True,845,0.00017140000000000002,3.2085075060003874
block-0094.ordinary.session-0,block-0094,ordinary,database-alternative-read-routes,plain,reasoning,False,0,0,initial,ready,ready,True,2119,0.00024490000000000004,1.9699267979999604
block-0094.ordinary.session-1,block-0094,ordinary,database-alternative-read-routes,plain,reasoning,False,0,1,recipients,ready,ready,True,1112,0.0001865,3.197957416999998
block-0094.ordinary.session-2,block-0094,ordinary,database-alternative-read-routes,plain,reasoning,False,0,2,recipients,ready,undetermined,False,1412,0.00029495000000000004,4.879325497000082
block-0094.ordinary.session-3,block-0094,ordinary,database-alternative-read-routes,plain,reasoning,False,0,3,recipients,ready,undetermined,False,1057,0.00014525,2.406759630999659
block-0094.ordinary.session-4,block-0094,ordinary,database-alternative-read-routes,plain,reasoning,False,0,4,recipients,not_ready,undetermined,False,1195,0.0002057,3.77703972900008
block-0094.ordinary.session-5,block-0094,ordinary,database-alternative-read-routes,plain,reasoning,False,0,5,recipients,not_ready,undetermined,False,1078,0.00015575,2.681792344999849
block-0094.ordinary.session-6,block-0094,ordinary,database-alternative-read-routes,plain,reasoning,False,0,6,recipients,undetermined,undetermined,True,1061,0.00014685000000000002,2.311347848999958
block-0094.ordinary.session-7,block-0094,ordinary,database-alternative-read-routes,plain,reasoning,False,0,7,recipients,undetermined,undetermined,True,1045,0.00013695000000000002,2.125084608999714
block-0094.ordinary.session-8,block-0094,ordinary,database-alternative-read-routes,plain,reasoning,False,0,8,recipients,ready,undetermined,False,1068,0.00014685000000000002,2.6131643740000072
block-0094.ordinary.session-9,block-0094,ordinary,database-alternative-read-routes,plain,reasoning,False,0,9,recipients,ready,undetermined,False,1024,0.0001408,2.123713164000037
block-0094.ordinary.session-10,block-0094,ordinary,database-alternative-read-routes,plain,reasoning,False,0,10,recipients,undetermined,undetermined,True,1334,0.00025990000000000003,4.904900866999924
block-0094.eal.session-0,block-0094,eal,database-alternative-read-routes,plain,reasoning,False,0,0,initial,ready,ready,True,1559,0.0001787,2.1945036530000834
block-0094.eal.session-1,block-0094,eal,database-alternative-read-routes,plain,reasoning,False,0,1,recipients,ready,ready,True,705,0.0001525,3.0199119990002146
block-0094.eal.session-2,block-0094,eal,database-alternative-read-routes,plain,reasoning,False,0,2,recipients,ready,ready,True,602,0.00011130000000000001,2.7494522229999347
block-0094.eal.session-3,block-0094,eal,database-alternative-read-routes,plain,reasoning,False,0,3,recipients,ready,ready,True,605,0.0001125,2.434470409000369
block-0094.eal.session-4,block-0094,eal,database-alternative-read-routes,plain,reasoning,False,0,4,recipients,not_ready,not_ready,True,709,0.00015375000000000002,3.1960216679999576
block-0094.eal.session-5,block-0094,eal,database-alternative-read-routes,plain,reasoning,False,0,5,recipients,not_ready,not_ready,True,835,0.00020415000000000003,3.863397839999834
block-0094.eal.session-6,block-0094,eal,database-alternative-read-routes,plain,reasoning,False,0,6,recipients,undetermined,undetermined,True,653,0.00013065,3.163610956999946
block-0094.eal.session-7,block-0094,eal,database-alternative-read-routes,plain,reasoning,False,0,7,recipients,undetermined,undetermined,True,722,0.00015825,3.0996309659999497
block-0094.eal.session-8,block-0094,eal,database-alternative-read-routes,plain,reasoning,False,0,8,recipients,ready,ready,True,596,0.0001089,2.6219511019999118
block-0094.eal.session-9,block-0094,eal,database-alternative-read-routes,plain,reasoning,False,0,9,recipients,ready,ready,True,596,0.0001089,2.50718569799983
block-0094.eal.session-10,block-0094,eal,database-alternative-read-routes,plain,reasoning,False,0,10,recipients,undetermined,undetermined,True,657,0.00013225,2.5372771289999037
block-0095.ordinary.session-0,block-0095,ordinary,database-alternative-read-routes,plain,plain,True,2,0,initial,ready,ready,True,2162,0.00026210000000000003,2.3774126660000547
block-0095.ordinary.session-1,block-0095,ordinary,database-alternative-read-routes,plain,plain,True,2,1,recipients,ready,ready,True,912,0.0001206,0.9734868370001095
block-0095.ordinary.session-2,block-0095,ordinary,database-alternative-read-routes,plain,plain,True,2,2,recipients,ready,ready,True,859,0.0001147,1.1548001870000917
block-0095.ordinary.session-3,block-0095,ordinary,database-alternative-read-routes,plain,plain,True,2,3,recipients,ready,ambiguous,,2512,0.00028780000000000006,2.0283517400002893
block-0095.ordinary.session-4,block-0095,ordinary,database-alternative-read-routes,plain,plain,True,2,4,recipients,not_ready,ambiguous,,2666,0.0003032,1.5281374219998725
block-0095.ordinary.session-5,block-0095,ordinary,database-alternative-read-routes,plain,plain,True,2,5,recipients,not_ready,ambiguous,,2691,0.0003132,1.9681194480003796
block-0095.ordinary.session-6,block-0095,ordinary,database-alternative-read-routes,plain,plain,True,2,6,recipients,undetermined,ready,False,896,0.00011810000000000001,1.045440661000157
block-0095.ordinary.session-7,block-0095,ordinary,database-alternative-read-routes,plain,plain,True,2,7,recipients,undetermined,not_ready,False,2496,0.00028260000000000004,1.8893990579999809
block-0095.ordinary.session-8,block-0095,ordinary,database-alternative-read-routes,plain,plain,True,2,8,recipients,ready,not_ready,False,2685,0.0003015,2.1108184880004046
block-0095.ordinary.session-9,block-0095,ordinary,database-alternative-read-routes,plain,plain,True,2,9,recipients,ready,not_ready,False,2660,0.00029150000000000004,1.6969996249999895
block-0095.ordinary.session-10,block-0095,ordinary,database-alternative-read-routes,plain,plain,True,2,10,recipients,undetermined,not_ready,False,2615,0.00028820000000000007,1.4380688210003427
block-0095.eal.session-0,block-0095,eal,database-alternative-read-routes,plain,plain,True,2,0,initial,ready,ready,True,456,6.300000000000001e-05,1.3819673650000368
block-0095.eal.session-1,block-0095,eal,database-alternative-read-routes,plain,plain,True,2,1,recipients,ready,ready,True,1554,0.0001767,1.6902968489998784
block-0095.eal.session-2,block-0095,eal,database-alternative-read-routes,plain,plain,True,2,2,recipients,ready,ready,True,474,7.02e-05,1.5125393469998016
block-0095.eal.session-3,block-0095,eal,database-alternative-read-routes,plain,plain,True,2,3,recipients,ready,ready,True,1756,0.0002032,2.23398906500006
block-0095.eal.session-4,block-0095,eal,database-alternative-read-routes,plain,plain,True,2,4,recipients,not_ready,not_ready,True,1886,0.00021740000000000003,3.1759037619999617
block-0095.eal.session-5,block-0095,eal,database-alternative-read-routes,plain,plain,True,2,5,recipients,not_ready,not_ready,True,1893,0.00022019999999999999,2.3818008990001545
block-0095.eal.session-6,block-0095,eal,database-alternative-read-routes,plain,plain,True,2,6,recipients,undetermined,not_ready,False,1763,0.00020480000000000002,2.3585925309998856
block-0095.eal.session-7,block-0095,eal,database-alternative-read-routes,plain,plain,True,2,7,recipients,undetermined,undetermined,True,1749,0.0001992,1.669523885000217
block-0095.eal.session-8,block-0095,eal,database-alternative-read-routes,plain,plain,True,2,8,recipients,ready,ready,True,457,6.340000000000001e-05,1.5791903080003067
block-0095.eal.session-9,block-0095,eal,database-alternative-read-routes,plain,plain,True,2,9,recipients,ready,ready,True,1926,0.00021750000000000003,1.707268842999838
block-0095.eal.session-10,block-0095,eal,database-alternative-read-routes,plain,plain,True,2,10,recipients,undetermined,undetermined,True,1960,0.000229,2.396311896000043
block-0096.eal.session-0,block-0096,eal,dispatch-direct-or-tunnel,plain,plain,True,0,0,initial,ready,ready,True,1557,0.0001818,1.8502981209999234
block-0096.eal.session-1,block-0096,eal,dispatch-direct-or-tunnel,plain,plain,True,0,1,recipients,ready,ready,True,1540,0.00017500000000000003,2.312043361999713
block-0096.eal.session-2,block-0096,eal,dispatch-direct-or-tunnel,plain,plain,True,0,2,recipients,not_ready,not_ready,True,1617,0.00018720000000000002,2.4147857989996737
block-0096.eal.session-3,block-0096,eal,dispatch-direct-or-tunnel,plain,plain,True,0,3,recipients,not_ready,not_ready,True,1637,0.0001952,1.759051055999862
block-0096.eal.session-4,block-0096,eal,dispatch-direct-or-tunnel,plain,plain,True,0,4,recipients,ready,ready,True,1658,0.00018590000000000002,1.8120733140003722
block-0096.eal.session-5,block-0096,eal,dispatch-direct-or-tunnel,plain,plain,True,0,5,recipients,ready,not_ready,False,1672,0.00019150000000000002,2.2008242609999797
block-0096.eal.session-6,block-0096,eal,dispatch-direct-or-tunnel,plain,plain,True,0,6,recipients,undetermined,undetermined,True,1785,0.000198,1.9872558450001634
block-0096.eal.session-7,block-0096,eal,dispatch-direct-or-tunnel,plain,plain,True,0,7,recipients,undetermined,undetermined,True,1803,0.0002052,1.9472463950000929
block-0096.eal.session-8,block-0096,eal,dispatch-direct-or-tunnel,plain,plain,True,0,8,recipients,ready,ready,True,1957,0.00021370000000000002,2.177825778999704
block-0096.eal.session-9,block-0096,eal,dispatch-direct-or-tunnel,plain,plain,True,0,9,recipients,ready,ready,True,1957,0.00021370000000000002,1.627342009000131
block-0096.eal.session-10,block-0096,eal,dispatch-direct-or-tunnel,plain,plain,True,0,10,recipients,undetermined,undetermined,True,2015,0.00023480000000000002,2.175166386000001
block-0096.ordinary.session-0,block-0096,ordinary,dispatch-direct-or-tunnel,plain,plain,True,0,0,initial,ready,ready,True,2162,0.00027140000000000004,2.0878024110002116
block-0096.ordinary.session-1,block-0096,ordinary,dispatch-direct-or-tunnel,plain,plain,True,0,1,recipients,ready,ready,True,924,0.00011970000000000002,0.8923294680002982
block-0096.ordinary.session-2,block-0096,ordinary,dispatch-direct-or-tunnel,plain,plain,True,0,2,recipients,not_ready,ready,False,2340,0.0002676,2.074474585999724
block-0096.ordinary.session-3,block-0096,ordinary,dispatch-direct-or-tunnel,plain,plain,True,0,3,recipients,not_ready,ready,False,2373,0.0002748,1.7627523159999328
block-0096.ordinary.session-4,block-0096,ordinary,dispatch-direct-or-tunnel,plain,plain,True,0,4,recipients,ready,not_ready,False,2564,0.0003251,2.3652988809999442
block-0096.ordinary.session-5,block-0096,ordinary,dispatch-direct-or-tunnel,plain,plain,True,0,5,recipients,ready,not_ready,False,993,0.0001353,1.2364797989998806
block-0096.ordinary.session-6,block-0096,ordinary,dispatch-direct-or-tunnel,plain,plain,True,0,6,recipients,undetermined,not_ready,False,2591,0.0002954,1.5195221080002739
block-0096.ordinary.session-7,block-0096,ordinary,dispatch-direct-or-tunnel,plain,plain,True,0,7,recipients,undetermined,not_ready,False,2564,0.0002906,1.4001065520001248
block-0096.ordinary.session-8,block-0096,ordinary,dispatch-direct-or-tunnel,plain,plain,True,0,8,recipients,ready,not_ready,False,2755,0.00031630000000000004,1.8187129600000844
block-0096.ordinary.session-9,block-0096,ordinary,dispatch-direct-or-tunnel,plain,plain,True,0,9,recipients,ready,not_ready,False,2794,0.0003187,1.9709962440001618
block-0096.ordinary.session-10,block-0096,ordinary,dispatch-direct-or-tunnel,plain,plain,True,0,10,recipients,undetermined,not_ready,False,2828,0.000335,1.9153204899998855
block-0097.eal.session-0,block-0097,eal,firmware-selective-applicability,plain,reasoning,False,2,0,initial,ready,ready,True,1537,0.00017350000000000002,2.214636414999859
block-0097.eal.session-1,block-0097,eal,firmware-selective-applicability,plain,reasoning,False,2,1,recipients,ready,ready,True,729,0.00015685,2.8984636249997493
block-0097.eal.session-2,block-0097,eal,firmware-selective-applicability,plain,reasoning,False,2,2,recipients,undetermined,undetermined,True,724,0.0001538,2.8307561149999856
block-0097.eal.session-3,block-0097,eal,firmware-selective-applicability,plain,reasoning,False,2,3,recipients,undetermined,undetermined,True,675,0.0001342,2.582098156000029
block-0097.eal.session-4,block-0097,eal,firmware-selective-applicability,plain,reasoning,False,2,4,recipients,not_ready,not_ready,True,620,0.0001129,2.9277957100002823
block-0097.eal.session-5,block-0097,eal,firmware-selective-applicability,plain,reasoning,False,2,5,recipients,not_ready,not_ready,True,674,0.0001345,2.6386076860003413
block-0097.eal.session-6,block-0097,eal,firmware-selective-applicability,plain,reasoning,False,2,6,recipients,ready,ready,True,658,0.00012844999999999998,3.5780200280000827
block-0097.eal.session-7,block-0097,eal,firmware-selective-applicability,plain,reasoning,False,2,7,recipients,ready,ready,True,668,0.00013245,2.582997037000041
block-0097.eal.session-8,block-0097,eal,firmware-selective-applicability,plain,reasoning,False,2,8,recipients,undetermined,undetermined,True,681,0.00013659999999999999,3.549476924999908
block-0097.eal.session-9,block-0097,eal,firmware-selective-applicability,plain,reasoning,False,2,9,recipients,undetermined,undetermined,True,815,0.00019020000000000002,4.189231974999984
block-0097.eal.session-10,block-0097,eal,firmware-selective-applicability,plain,reasoning,False,2,10,recipients,ready,ready,True,681,0.00013765,3.145284194999931
block-0097.ordinary.session-0,block-0097,ordinary,firmware-selective-applicability,plain,reasoning,False,2,0,initial,ready,ready,True,1872,0.0002121,1.678083274999608
block-0097.ordinary.session-1,block-0097,ordinary,firmware-selective-applicability,plain,reasoning,False,2,1,recipients,ready,ready,True,1009,0.00018660000000000004,4.121213863999856
block-0097.ordinary.session-2,block-0097,ordinary,firmware-selective-applicability,plain,reasoning,False,2,2,recipients,undetermined,ready,False,1094,0.00020695,3.335257805999845
block-0097.ordinary.session-3,block-0097,ordinary,firmware-selective-applicability,plain,reasoning,False,2,3,recipients,undetermined,ready,False,1088,0.0001398,2.135367096999744
block-0097.ordinary.session-4,block-0097,ordinary,firmware-selective-applicability,plain,reasoning,False,2,4,recipients,not_ready,undetermined,False,1750,0.00044065000000000006,7.886501613000291
block-0097.ordinary.session-5,block-0097,ordinary,firmware-selective-applicability,plain,reasoning,False,2,5,recipients,not_ready,undetermined,False,989,0.0001422,2.353970784000012
block-0097.ordinary.session-6,block-0097,ordinary,firmware-selective-applicability,plain,reasoning,False,2,6,recipients,ready,undetermined,False,1174,0.00021830000000000002,3.880026060000091
block-0097.ordinary.session-7,block-0097,ordinary,firmware-selective-applicability,plain,reasoning,False,2,7,recipients,ready,undetermined,False,1160,0.00020745000000000003,3.4254978589997336
block-0097.ordinary.session-8,block-0097,ordinary,firmware-selective-applicability,plain,reasoning,False,2,8,recipients,undetermined,undetermined,True,965,0.00013680000000000002,2.0188976109998293
block-0097.ordinary.session-9,block-0097,ordinary,firmware-selective-applicability,plain,reasoning,False,2,9,recipients,undetermined,undetermined,True,1053,0.00017025,2.9020304870000473
block-0097.ordinary.session-10,block-0097,ordinary,firmware-selective-applicability,plain,reasoning,False,2,10,recipients,ready,undetermined,False,1005,0.00015035000000000002,2.3161445529999583
block-0098.ordinary.session-0,block-0098,ordinary,database-alternative-read-routes,plain,reasoning,False,3,0,initial,ready,ready,True,2140,0.00025330000000000003,2.1300069959997927
block-0098.ordinary.session-1,block-0098,ordinary,database-alternative-read-routes,plain,reasoning,False,3,1,recipients,ready,ready,True,1143,0.00019155000000000002,3.0964172459998736
block-0098.ordinary.session-2,block-0098,ordinary,database-alternative-read-routes,plain,reasoning,False,3,2,recipients,ready,ready,True,1346,0.00027345000000000006,4.630951825000011
block-0098.ordinary.session-3,block-0098,ordinary,database-alternative-read-routes,plain,reasoning,False,3,3,recipients,ready,ready,True,1024,0.0001464,2.4206723420002163
block-0098.ordinary.session-4,block-0098,ordinary,database-alternative-read-routes,plain,reasoning,False,3,4,recipients,not_ready,ready,False,1136,0.0001905,3.4155036629999813
block-0098.ordinary.session-5,block-0098,ordinary,database-alternative-read-routes,plain,reasoning,False,3,5,recipients,not_ready,ready,False,1090,0.00016370000000000002,2.7041477710004074
block-0098.ordinary.session-6,block-0098,ordinary,database-alternative-read-routes,plain,reasoning,False,3,6,recipients,undetermined,undetermined,True,1560,0.0003405,4.674473589000172
block-0098.ordinary.session-7,block-0098,ordinary,database-alternative-read-routes,plain,reasoning,False,3,7,recipients,undetermined,undetermined,True,1209,0.0001931,3.671210369000164
block-0098.ordinary.session-8,block-0098,ordinary,database-alternative-read-routes,plain,reasoning,False,3,8,recipients,ready,undetermined,False,1516,0.0003215,5.690897899999982
block-0098.ordinary.session-9,block-0098,ordinary,database-alternative-read-routes,plain,reasoning,False,3,9,recipients,ready,undetermined,False,1056,0.00015534999999999998,2.756161766000332
block-0098.ordinary.session-10,block-0098,ordinary,database-alternative-read-routes,plain,reasoning,False,3,10,recipients,undetermined,undetermined,True,1056,0.0001452,2.738523573999828
block-0098.eal.session-0,block-0098,eal,database-alternative-read-routes,plain,reasoning,False,3,0,initial,ready,ready,True,1555,0.00017710000000000002,2.2984491809997962
block-0098.eal.session-1,block-0098,eal,database-alternative-read-routes,plain,reasoning,False,3,1,recipients,ready,ready,True,614,0.0001161,2.40714634699998
block-0098.eal.session-2,block-0098,eal,database-alternative-read-routes,plain,reasoning,False,3,2,recipients,ready,ready,True,652,0.00013130000000000002,2.8334032650000154
block-0098.eal.session-3,block-0098,eal,database-alternative-read-routes,plain,reasoning,False,3,3,recipients,ready,ready,True,856,0.0002129,3.7647854070000903
block-0098.eal.session-4,block-0098,eal,database-alternative-read-routes,plain,reasoning,False,3,4,recipients,not_ready,not_ready,True,821,0.00019855,4.113214760999654
block-0098.eal.session-5,block-0098,eal,database-alternative-read-routes,plain,reasoning,False,3,5,recipients,not_ready,not_ready,True,891,0.00022655,4.4130417209998996
block-0098.eal.session-6,block-0098,eal,database-alternative-read-routes,plain,reasoning,False,3,6,recipients,undetermined,undetermined,True,730,0.00016145000000000002,3.1774834869997903
block-0098.eal.session-7,block-0098,eal,database-alternative-read-routes,plain,reasoning,False,3,7,recipients,undetermined,undetermined,True,666,0.00013585,2.7690099440001177
block-0098.eal.session-8,block-0098,eal,database-alternative-read-routes,plain,reasoning,False,3,8,recipients,ready,ready,True,626,0.00012090000000000001,2.6635228659997665
block-0098.eal.session-9,block-0098,eal,database-alternative-read-routes,plain,reasoning,False,3,9,recipients,ready,ready,True,693,0.0001477,3.6111811910000142
block-0098.eal.session-10,block-0098,eal,database-alternative-read-routes,plain,reasoning,False,3,10,recipients,undetermined,undetermined,True,683,0.00014265,2.818729532999896
block-0099.ordinary.session-0,block-0099,ordinary,firmware-selective-applicability,plain,plain,True,0,0,initial,ready,ready,True,1877,0.0002141,1.4373779349998586
block-0099.ordinary.session-1,block-0099,ordinary,firmware-selective-applicability,plain,plain,True,0,1,recipients,ready,ready,True,732,9.690000000000001e-05,1.3133808079996925
block-0099.ordinary.session-2,block-0099,ordinary,firmware-selective-applicability,plain,plain,True,0,2,recipients,undetermined,ready,False,2037,0.00022830000000000002,1.9943725339999219
block-0099.ordinary.session-3,block-0099,ordinary,firmware-selective-applicability,plain,plain,True,0,3,recipients,undetermined,ready,False,2032,0.00023110000000000003,1.8364934700002777
block-0099.ordinary.session-4,block-0099,ordinary,firmware-selective-applicability,plain,plain,True,0,4,recipients,not_ready,ambiguous,,2155,0.0002476,2.847226103000139
block-0099.ordinary.session-5,block-0099,ordinary,firmware-selective-applicability,plain,plain,True,0,5,recipients,not_ready,ambiguous,,2177,0.000248,1.7228155790003257
block-0099.ordinary.session-6,block-0099,ordinary,firmware-selective-applicability,plain,plain,True,0,6,recipients,ready,ambiguous,,2353,0.0002701,1.8830172190000667
block-0099.ordinary.session-7,block-0099,ordinary,firmware-selective-applicability,plain,plain,True,0,7,recipients,ready,not_ready,False,2399,0.0002795,1.9800100060001569
block-0099.ordinary.session-8,block-0099,ordinary,firmware-selective-applicability,plain,plain,True,0,8,recipients,undetermined,not_ready,False,2449,0.00028990000000000005,2.378914153999631
block-0099.ordinary.session-9,block-0099,ordinary,firmware-selective-applicability,plain,plain,True,0,9,recipients,undetermined,not_ready,False,2479,0.0002911,2.0784440639999957
block-0099.ordinary.session-10,block-0099,ordinary,firmware-selective-applicability,plain,plain,True,0,10,recipients,ready,not_ready,False,2641,0.00030730000000000004,1.9186894449999272
block-0099.eal.session-0,block-0099,eal,firmware-selective-applicability,plain,plain,True,0,0,initial,ready,ready,True,1525,0.0001687,2.2509969550001188
block-0099.eal.session-1,block-0099,eal,firmware-selective-applicability,plain,plain,True,0,1,recipients,ready,ready,True,1524,0.0001683,1.9253769179999836
block-0099.eal.session-2,block-0099,eal,firmware-selective-applicability,plain,plain,True,0,2,recipients,undetermined,undetermined,True,1563,0.00018210000000000004,2.1177083929997025
block-0099.eal.session-3,block-0099,eal,firmware-selective-applicability,plain,plain,True,0,3,recipients,undetermined,undetermined,True,1561,0.00018130000000000002,1.968939648000287
block-0099.eal.session-4,block-0099,eal,firmware-selective-applicability,plain,plain,True,0,4,recipients,not_ready,not_ready,True,1647,0.0001908,1.9211751010002445
block-0099.eal.session-5,block-0099,eal,firmware-selective-applicability,plain,plain,True,0,5,recipients,not_ready,not_ready,True,1637,0.00018680000000000001,2.024514318999991
block-0099.eal.session-6,block-0099,eal,firmware-selective-applicability,plain,plain,True,0,6,recipients,ready,ready,True,1797,0.0001995,1.7947962799999004
block-0099.eal.session-7,block-0099,eal,firmware-selective-applicability,plain,plain,True,0,7,recipients,ready,ready,True,1818,0.0002079,1.7815222799999901
block-0099.eal.session-8,block-0099,eal,firmware-selective-applicability,plain,plain,True,0,8,recipients,undetermined,undetermined,True,1841,0.00021530000000000003,2.349611356999958
block-0099.eal.session-9,block-0099,eal,firmware-selective-applicability,plain,plain,True,0,9,recipients,undetermined,undetermined,True,1827,0.0002097,1.7226241759999539
block-0099.eal.session-10,block-0099,eal,firmware-selective-applicability,plain,plain,True,0,10,recipients,ready,ready,True,1960,0.00021250000000000002,1.7999748000002
block-0100.ordinary.session-0,block-0100,ordinary,release-three-obligations,reasoning,plain,True,0,0,initial,ready,ready,True,2034,0.00016645,2.2897006090001923
block-0100.ordinary.session-1,block-0100,ordinary,release-three-obligations,reasoning,plain,True,0,1,recipients,ready,ready,True,1907,0.0002168,1.6087137140002596
block-0100.ordinary.session-2,block-0100,ordinary,release-three-obligations,reasoning,plain,True,0,2,recipients,not_ready,not_ready,True,1970,0.0002273,2.540427451999676
block-0100.ordinary.session-3,block-0100,ordinary,release-three-obligations,reasoning,plain,True,0,3,recipients,not_ready,not_ready,True,1995,0.00022890000000000003,1.9903623430000152
block-0100.ordinary.session-4,block-0100,ordinary,release-three-obligations,reasoning,plain,True,0,4,recipients,undetermined,not_ready,False,2055,0.00023520000000000002,1.7232699999999568
block-0100.ordinary.session-5,block-0100,ordinary,release-three-obligations,reasoning,plain,True,0,5,recipients,undetermined,not_ready,False,2069,0.00024019999999999998,1.910865140000169
block-0100.ordinary.session-6,block-0100,ordinary,release-three-obligations,reasoning,plain,True,0,6,recipients,ready,not_ready,False,2161,0.0002494,1.7730598230000396
block-0100.ordinary.session-7,block-0100,ordinary,release-three-obligations,reasoning,plain,True,0,7,recipients,ready,not_ready,False,2161,0.0002494,1.8581917659998908
block-0100.ordinary.session-8,block-0100,ordinary,release-three-obligations,reasoning,plain,True,0,8,recipients,undetermined,not_ready,False,2162,0.0002495,1.450482268000087
block-0100.ordinary.session-9,block-0100,ordinary,release-three-obligations,reasoning,plain,True,0,9,recipients,undetermined,not_ready,False,2153,0.0002459,2.037722088999999
block-0100.ordinary.session-10,block-0100,ordinary,release-three-obligations,reasoning,plain,True,0,10,recipients,not_ready,not_ready,True,2333,0.0002639,2.069747518999975
block-0100.eal.session-0,block-0100,eal,release-three-obligations,reasoning,plain,True,0,0,initial,ready,ready,True,749,0.0001428,2.620959126999878
block-0100.eal.session-1,block-0100,eal,release-three-obligations,reasoning,plain,True,0,1,recipients,ready,ready,True,1358,0.0001538,2.0258868759997313
block-0100.eal.session-2,block-0100,eal,release-three-obligations,reasoning,plain,True,0,2,recipients,not_ready,not_ready,True,1446,0.0001689,1.7637459699999454
block-0100.eal.session-3,block-0100,eal,release-three-obligations,reasoning,plain,True,0,3,recipients,not_ready,not_ready,True,1458,0.0001737,1.7629640870000003
block-0100.eal.session-4,block-0100,eal,release-three-obligations,reasoning,plain,True,0,4,recipients,undetermined,undetermined,True,1536,0.00018420000000000003,2.059155735999866
block-0100.eal.session-5,block-0100,eal,release-three-obligations,reasoning,plain,True,0,5,recipients,undetermined,undetermined,True,1521,0.00017820000000000002,1.9248414789999515
block-0100.eal.session-6,block-0100,eal,release-three-obligations,reasoning,plain,True,0,6,recipients,ready,not_ready,False,1579,0.00018280000000000003,2.0579906689999916
block-0100.eal.session-7,block-0100,eal,release-three-obligations,reasoning,plain,True,0,7,recipients,ready,ready,True,1568,0.00017840000000000003,1.8640933950000544
block-0100.eal.session-8,block-0100,eal,release-three-obligations,reasoning,plain,True,0,8,recipients,undetermined,undetermined,True,1595,0.0001871,1.8370941839998522
block-0100.eal.session-9,block-0100,eal,release-three-obligations,reasoning,plain,True,0,9,recipients,undetermined,not_ready,False,1618,0.00019630000000000003,2.093086190000122
block-0100.eal.session-10,block-0100,eal,release-three-obligations,reasoning,plain,True,0,10,recipients,not_ready,not_ready,True,1772,0.0001997,1.721050847999777
block-0101.eal.session-0,block-0101,eal,dispatch-direct-or-tunnel,plain,plain,False,1,0,initial,ready,ready,True,1544,0.0001766,2.072575878999942
block-0101.eal.session-1,block-0101,eal,dispatch-direct-or-tunnel,plain,plain,False,1,1,recipients,ready,ready,True,414,5.58e-05,1.0703510589996768
block-0101.eal.session-2,block-0101,eal,dispatch-direct-or-tunnel,plain,plain,False,1,2,recipients,not_ready,not_ready,True,431,6.230000000000001e-05,1.5383659399999488
block-0101.eal.session-3,block-0101,eal,dispatch-direct-or-tunnel,plain,plain,False,1,3,recipients,not_ready,not_ready,True,462,7.47e-05,1.3219407960000353
block-0101.eal.session-4,block-0101,eal,dispatch-direct-or-tunnel,plain,plain,False,1,4,recipients,ready,ready,True,446,6.86e-05,1.5329931520000173
block-0101.eal.session-5,block-0101,eal,dispatch-direct-or-tunnel,plain,plain,False,1,5,recipients,ready,ready,True,420,5.8200000000000005e-05,1.120864734999941
block-0101.eal.session-6,block-0101,eal,dispatch-direct-or-tunnel,plain,plain,False,1,6,recipients,undetermined,undetermined,True,476,7.97e-05,1.5596881460000986
block-0101.eal.session-7,block-0101,eal,dispatch-direct-or-tunnel,plain,plain,False,1,7,recipients,undetermined,undetermined,True,463,7.45e-05,1.3767263930003537
block-0101.eal.session-8,block-0101,eal,dispatch-direct-or-tunnel,plain,plain,False,1,8,recipients,ready,ready,True,438,6.54e-05,1.2381783260002521
block-0101.eal.session-9,block-0101,eal,dispatch-direct-or-tunnel,plain,plain,False,1,9,recipients,ready,ready,True,442,6.7e-05,1.2788061360001848
block-0101.eal.session-10,block-0101,eal,dispatch-direct-or-tunnel,plain,plain,False,1,10,recipients,undetermined,undetermined,True,455,7.13e-05,1.43363560600028
block-0101.ordinary.session-0,block-0101,ordinary,dispatch-direct-or-tunnel,plain,plain,False,1,0,initial,ready,ready,True,2118,0.0002538,2.046227980000367
block-0101.ordinary.session-1,block-0101,ordinary,dispatch-direct-or-tunnel,plain,plain,False,1,1,recipients,ready,ready,True,859,0.00011530000000000001,0.9793753320000178
block-0101.ordinary.session-2,block-0101,ordinary,dispatch-direct-or-tunnel,plain,plain,False,1,2,recipients,not_ready,ready,False,862,0.00012790000000000002,1.1100246260002677
block-0101.ordinary.session-3,block-0101,ordinary,dispatch-direct-or-tunnel,plain,plain,False,1,3,recipients,not_ready,ready,False,904,0.0001306,1.1532153160001144
block-0101.ordinary.session-4,block-0101,ordinary,dispatch-direct-or-tunnel,plain,plain,False,1,4,recipients,ready,ready,True,868,0.0001183,1.117209995000394
block-0101.ordinary.session-5,block-0101,ordinary,dispatch-direct-or-tunnel,plain,plain,False,1,5,recipients,ready,ready,True,839,0.00011659999999999999,0.8406733409997287
block-0101.ordinary.session-6,block-0101,ordinary,dispatch-direct-or-tunnel,plain,plain,False,1,6,recipients,undetermined,ready,False,830,0.00011180000000000001,0.9153497749998678
block-0101.ordinary.session-7,block-0101,ordinary,dispatch-direct-or-tunnel,plain,plain,False,1,7,recipients,undetermined,ready,False,839,0.00011930000000000001,1.410715849999633
block-0101.ordinary.session-8,block-0101,ordinary,dispatch-direct-or-tunnel,plain,plain,False,1,8,recipients,ready,ready,True,861,0.0001215,1.6158936679998988
block-0101.ordinary.session-9,block-0101,ordinary,dispatch-direct-or-tunnel,plain,plain,False,1,9,recipients,ready,ready,True,849,0.0001167,1.2332068249997974
block-0101.ordinary.session-10,block-0101,ordinary,dispatch-direct-or-tunnel,plain,plain,False,1,10,recipients,undetermined,ready,False,853,0.00012190000000000001,1.3085682679998172
block-0102.ordinary.session-0,block-0102,ordinary,migration-multiple-version-bindings,reasoning,reasoning,True,1,0,initial,ready,ready,True,2342,0.00023225000000000003,3.8931215559996417
block-0102.ordinary.session-1,block-0102,ordinary,migration-multiple-version-bindings,reasoning,reasoning,True,1,1,recipients,ready,ready,True,1316,0.00023380000000000002,3.229696590000003
block-0102.ordinary.session-2,block-0102,ordinary,migration-multiple-version-bindings,reasoning,reasoning,True,1,2,recipients,undetermined,ready,False,1242,0.0002091,2.929729300999952
block-0102.ordinary.session-3,block-0102,ordinary,migration-multiple-version-bindings,reasoning,reasoning,True,1,3,recipients,undetermined,undetermined,True,1280,0.00021205,2.946921086999737
block-0102.ordinary.session-4,block-0102,ordinary,migration-multiple-version-bindings,reasoning,reasoning,True,1,4,recipients,not_ready,undetermined,False,1248,0.00021465,2.938143586000024
block-0102.ordinary.session-5,block-0102,ordinary,migration-multiple-version-bindings,reasoning,reasoning,True,1,5,recipients,not_ready,undetermined,False,1252,0.00018615000000000003,2.6232995509999455
block-0102.ordinary.session-6,block-0102,ordinary,migration-multiple-version-bindings,reasoning,reasoning,True,1,6,recipients,ready,undetermined,False,1115,0.00015095,2.2481737170000997
block-0102.ordinary.session-7,block-0102,ordinary,migration-multiple-version-bindings,reasoning,reasoning,True,1,7,recipients,ready,undetermined,False,1149,0.0001698,2.303201815999728
block-0102.ordinary.session-8,block-0102,ordinary,migration-multiple-version-bindings,reasoning,reasoning,True,1,8,recipients,undetermined,undetermined,True,1080,0.0001499,2.0586989970001923
block-0102.ordinary.session-9,block-0102,ordinary,migration-multiple-version-bindings,reasoning,reasoning,True,1,9,recipients,undetermined,undetermined,True,1154,0.00017285,2.3879391609998493
block-0102.ordinary.session-10,block-0102,ordinary,migration-multiple-version-bindings,reasoning,reasoning,True,1,10,recipients,not_ready,not_ready,True,3949,0.0006003,8.306548244999703
block-0102.eal.session-0,block-0102,eal,migration-multiple-version-bindings,reasoning,reasoning,True,1,0,initial,ready,ready,True,784,0.00014105,2.681021302999852
block-0102.eal.session-1,block-0102,eal,migration-multiple-version-bindings,reasoning,reasoning,True,1,1,recipients,ready,ready,True,845,0.00016545,3.003381157000149
block-0102.eal.session-2,block-0102,eal,migration-multiple-version-bindings,reasoning,reasoning,True,1,2,recipients,undetermined,undetermined,True,813,0.00015160000000000003,3.0044631910000135
block-0102.eal.session-3,block-0102,eal,migration-multiple-version-bindings,reasoning,reasoning,True,1,3,recipients,undetermined,undetermined,True,962,0.0002112,3.9938131899998552
block-0102.eal.session-4,block-0102,eal,migration-multiple-version-bindings,reasoning,reasoning,True,1,4,recipients,not_ready,not_ready,True,930,0.00019910000000000001,4.589180092999868
block-0102.eal.session-5,block-0102,eal,migration-multiple-version-bindings,reasoning,reasoning,True,1,5,recipients,not_ready,not_ready,True,779,0.00013869999999999998,2.9038313020000714
block-0102.eal.session-6,block-0102,eal,migration-multiple-version-bindings,reasoning,reasoning,True,1,6,recipients,ready,ready,True,754,0.00012905000000000002,2.620330725000258
block-0102.eal.session-7,block-0102,eal,migration-multiple-version-bindings,reasoning,reasoning,True,1,7,recipients,ready,ready,True,895,0.00018545,3.3586498119998396
block-0102.eal.session-8,block-0102,eal,migration-multiple-version-bindings,reasoning,reasoning,True,1,8,recipients,undetermined,undetermined,True,787,0.00014120000000000002,2.826790377999714
block-0102.eal.session-9,block-0102,eal,migration-multiple-version-bindings,reasoning,reasoning,True,1,9,recipients,undetermined,undetermined,True,847,0.0001652,3.0762098840000363
block-0102.eal.session-10,block-0102,eal,migration-multiple-version-bindings,reasoning,reasoning,True,1,10,recipients,not_ready,not_ready,True,3296,0.0004752500000000001,6.817563425000117
block-0103.eal.session-0,block-0103,eal,release-three-obligations,plain,plain,True,1,0,initial,ready,ready,True,1363,0.0001558,1.936719327999981
block-0103.eal.session-1,block-0103,eal,release-three-obligations,plain,plain,True,1,1,recipients,ready,ready,True,1372,0.0001594,1.8546483719997013
block-0103.eal.session-2,block-0103,eal,release-three-obligations,plain,plain,True,1,2,recipients,not_ready,not_ready,True,1439,0.00016610000000000003,2.1973290900000393
block-0103.eal.session-3,block-0103,eal,release-three-obligations,plain,plain,True,1,3,recipients,not_ready,not_ready,True,1421,0.0001589,2.3176776419995804
block-0103.eal.session-4,block-0103,eal,release-three-obligations,plain,plain,True,1,4,recipients,undetermined,not_ready,False,1516,0.00017620000000000003,2.0818794500000877
block-0103.eal.session-5,block-0103,eal,release-three-obligations,plain,plain,True,1,5,recipients,undetermined,not_ready,False,1505,0.00017180000000000003,2.0857307609999225
block-0103.eal.session-6,block-0103,eal,release-three-obligations,plain,plain,True,1,6,recipients,ready,ready,True,1559,0.00017480000000000002,1.9915235339999526
block-0103.eal.session-7,block-0103,eal,release-three-obligations,plain,plain,True,1,7,recipients,ready,not_ready,False,1590,0.0001872,2.151673949999804
block-0103.eal.session-8,block-0103,eal,release-three-obligations,plain,plain,True,1,8,recipients,undetermined,undetermined,True,1625,0.00019910000000000004,1.9757139940002162
block-0103.eal.session-9,block-0103,eal,release-three-obligations,plain,plain,True,1,9,recipients,undetermined,undetermined,True,1602,0.0001899,2.220238636999966
block-0103.eal.session-10,block-0103,eal,release-three-obligations,plain,plain,True,1,10,recipients,not_ready,not_ready,True,1781,0.0002033,18.99692598999991
block-0103.ordinary.session-0,block-0103,ordinary,release-three-obligations,plain,plain,True,1,0,initial,ready,ready,True,1725,0.0001968,1.3660976430001028
block-0103.ordinary.session-1,block-0103,ordinary,release-three-obligations,plain,plain,True,1,1,recipients,ready,ready,True,1889,0.0002168,1.3032342569999855
block-0103.ordinary.session-2,block-0103,ordinary,release-three-obligations,plain,plain,True,1,2,recipients,not_ready,not_ready,True,1986,0.0002301,1.526571333999982
block-0103.ordinary.session-3,block-0103,ordinary,release-three-obligations,plain,plain,True,1,3,recipients,not_ready,not_ready,True,2027,0.00023930000000000002,2.337727625000298
block-0103.ordinary.session-4,block-0103,ordinary,release-three-obligations,plain,plain,True,1,4,recipients,undetermined,not_ready,False,2118,0.000246,1.383896199999981
block-0103.ordinary.session-5,block-0103,ordinary,release-three-obligations,plain,plain,True,1,5,recipients,undetermined,not_ready,False,2102,0.0002444,1.519075432000136
block-0103.ordinary.session-6,block-0103,ordinary,release-three-obligations,plain,plain,True,1,6,recipients,ready,not_ready,False,2181,0.00025560000000000003,1.9605107090001184
block-0103.ordinary.session-7,block-0103,ordinary,release-three-obligations,plain,plain,True,1,7,recipients,ready,not_ready,False,2201,0.000257,2.048066189999645
block-0103.ordinary.session-8,block-0103,ordinary,release-three-obligations,plain,plain,True,1,8,recipients,undetermined,not_ready,False,2198,0.00025670000000000006,1.6620092069997554
block-0103.ordinary.session-9,block-0103,ordinary,release-three-obligations,plain,plain,True,1,9,recipients,undetermined,not_ready,False,2200,0.0002575,1.7497075579999546
block-0103.ordinary.session-10,block-0103,ordinary,release-three-obligations,plain,plain,True,1,10,recipients,not_ready,not_ready,True,2411,0.0002813,2.593093342999964
block-0104.ordinary.session-0,block-0104,ordinary,migration-cutover-obligations,reasoning,reasoning,False,2,0,initial,ready,ready,True,2274,0.0002418,3.544450015000166
block-0104.ordinary.session-1,block-0104,ordinary,migration-cutover-obligations,reasoning,reasoning,False,2,1,recipients,ready,ready,True,1228,0.00024725,4.371182765999947
block-0104.ordinary.session-2,block-0104,ordinary,migration-cutover-obligations,reasoning,reasoning,False,2,2,recipients,not_ready,ready,False,1254,0.00023805,3.9069926619999933
block-0104.ordinary.session-3,block-0104,ordinary,migration-cutover-obligations,reasoning,reasoning,False,2,3,recipients,not_ready,undetermined,False,1502,0.00034075,5.98895155900027
block-0104.ordinary.session-4,block-0104,ordinary,migration-cutover-obligations,reasoning,reasoning,False,2,4,recipients,undetermined,undetermined,True,1124,0.0001843,3.3656315739999627
block-0104.ordinary.session-5,block-0104,ordinary,migration-cutover-obligations,reasoning,reasoning,False,2,5,recipients,undetermined,undetermined,True,1249,0.00021610000000000002,3.3602068050004164
block-0104.ordinary.session-6,block-0104,ordinary,migration-cutover-obligations,reasoning,reasoning,False,2,6,recipients,ready,undetermined,False,1297,0.00023355,4.284939146999932
block-0104.ordinary.session-7,block-0104,ordinary,migration-cutover-obligations,reasoning,reasoning,False,2,7,recipients,ready,undetermined,False,1219,0.00019465000000000002,2.9632673659998545
block-0104.ordinary.session-8,block-0104,ordinary,migration-cutover-obligations,reasoning,reasoning,False,2,8,recipients,not_ready,undetermined,False,1316,0.00022995,3.7396288460004143
block-0104.ordinary.session-9,block-0104,ordinary,migration-cutover-obligations,reasoning,reasoning,False,2,9,recipients,not_ready,undetermined,False,1274,0.00021665,3.0833221880002384
block-0104.ordinary.session-10,block-0104,ordinary,migration-cutover-obligations,reasoning,reasoning,False,2,10,recipients,ready,undetermined,False,1217,0.00020575000000000004,4.013103648000197
block-0104.eal.session-0,block-0104,eal,migration-cutover-obligations,reasoning,reasoning,False,2,0,initial,ready,ready,True,776,0.00014555000000000001,2.709703157000149
block-0104.eal.session-1,block-0104,eal,migration-cutover-obligations,reasoning,reasoning,False,2,1,recipients,ready,ready,True,667,0.00013975,2.9698553000002903
block-0104.eal.session-2,block-0104,eal,migration-cutover-obligations,reasoning,reasoning,False,2,2,recipients,not_ready,not_ready,True,792,0.0001894,3.888865727999928
block-0104.eal.session-3,block-0104,eal,migration-cutover-obligations,reasoning,reasoning,False,2,3,recipients,not_ready,not_ready,True,689,0.0001482,3.2546602959996562
block-0104.eal.session-4,block-0104,eal,migration-cutover-obligations,reasoning,reasoning,False,2,4,recipients,undetermined,undetermined,True,754,0.00017350000000000002,3.737793524999688
block-0104.eal.session-5,block-0104,eal,migration-cutover-obligations,reasoning,reasoning,False,2,5,recipients,undetermined,undetermined,True,717,0.0001587,3.5175117029998546
block-0104.eal.session-6,block-0104,eal,migration-cutover-obligations,reasoning,reasoning,False,2,6,recipients,ready,ready,True,656,0.00013534999999999998,2.772491299000194
block-0104.eal.session-7,block-0104,eal,migration-cutover-obligations,reasoning,reasoning,False,2,7,recipients,ready,ready,True,637,0.00012775000000000002,2.959510512000179
block-0104.eal.session-8,block-0104,eal,migration-cutover-obligations,reasoning,reasoning,False,2,8,recipients,not_ready,not_ready,True,944,0.0002502,5.027525793000223
block-0104.eal.session-9,block-0104,eal,migration-cutover-obligations,reasoning,reasoning,False,2,9,recipients,not_ready,not_ready,True,731,0.000165,3.1749361740003224
block-0104.eal.session-10,block-0104,eal,migration-cutover-obligations,reasoning,reasoning,False,2,10,recipients,ready,ready,True,665,0.00013895000000000002,3.4671438059999673
block-0105.ordinary.session-0,block-0105,ordinary,dispatch-direct-or-tunnel,reasoning,plain,False,2,0,initial,ready,ready,True,2467,0.00022205000000000003,2.8154677540001103
block-0105.ordinary.session-1,block-0105,ordinary,dispatch-direct-or-tunnel,reasoning,plain,False,2,1,recipients,ready,ready,True,847,0.00011500000000000002,0.90629991600008
block-0105.ordinary.session-2,block-0105,ordinary,dispatch-direct-or-tunnel,reasoning,plain,False,2,2,recipients,not_ready,ready,False,820,0.0001096,1.1252877279998756
block-0105.ordinary.session-3,block-0105,ordinary,dispatch-direct-or-tunnel,reasoning,plain,False,2,3,recipients,not_ready,ready,False,819,0.0001125,1.010401679000097
block-0105.ordinary.session-4,block-0105,ordinary,dispatch-direct-or-tunnel,reasoning,plain,False,2,4,recipients,ready,ready,True,810,0.0001059,1.0927590280002732
block-0105.ordinary.session-5,block-0105,ordinary,dispatch-direct-or-tunnel,reasoning,plain,False,2,5,recipients,ready,ready,True,850,0.00012759999999999998,1.3090726279997398
block-0105.ordinary.session-6,block-0105,ordinary,dispatch-direct-or-tunnel,reasoning,plain,False,2,6,recipients,undetermined,ready,False,897,0.0001275,1.280368033999821
block-0105.ordinary.session-7,block-0105,ordinary,dispatch-direct-or-tunnel,reasoning,plain,False,2,7,recipients,undetermined,ready,False,873,0.0001239,1.1896311619998414
block-0105.ordinary.session-8,block-0105,ordinary,dispatch-direct-or-tunnel,reasoning,plain,False,2,8,recipients,ready,ready,True,915,0.0001419,1.5598899360002179
block-0105.ordinary.session-9,block-0105,ordinary,dispatch-direct-or-tunnel,reasoning,plain,False,2,9,recipients,ready,ready,True,899,0.00012109999999999999,0.7629633610004021
block-0105.ordinary.session-10,block-0105,ordinary,dispatch-direct-or-tunnel,reasoning,plain,False,2,10,recipients,undetermined,ready,False,835,0.00011530000000000001,1.0536489209998763
block-0105.eal.session-0,block-0105,eal,dispatch-direct-or-tunnel,reasoning,plain,False,2,0,initial,ready,ready,True,887,0.00018925000000000002,3.7187936639998043
block-0105.eal.session-1,block-0105,eal,dispatch-direct-or-tunnel,reasoning,plain,False,2,1,recipients,ready,ready,True,426,6.06e-05,1.3867909670002518
block-0105.eal.session-2,block-0105,eal,dispatch-direct-or-tunnel,reasoning,plain,False,2,2,recipients,not_ready,not_ready,True,432,6.27e-05,1.4035785899995972
block-0105.eal.session-3,block-0105,eal,dispatch-direct-or-tunnel,reasoning,plain,False,2,3,recipients,not_ready,not_ready,True,461,7.430000000000002e-05,1.428714943000159
block-0105.eal.session-4,block-0105,eal,dispatch-direct-or-tunnel,reasoning,plain,False,2,4,recipients,ready,ready,True,430,6.220000000000001e-05,1.230607996999879
block-0105.eal.session-5,block-0105,eal,dispatch-direct-or-tunnel,reasoning,plain,False,2,5,recipients,ready,ready,True,424,5.9800000000000003e-05,1.291447597000115
block-0105.eal.session-6,block-0105,eal,dispatch-direct-or-tunnel,reasoning,plain,False,2,6,recipients,undetermined,undetermined,True,470,7.730000000000001e-05,1.5659354250001343
block-0105.eal.session-7,block-0105,eal,dispatch-direct-or-tunnel,reasoning,plain,False,2,7,recipients,undetermined,undetermined,True,454,7.09e-05,1.30231183900014
block-0105.eal.session-8,block-0105,eal,dispatch-direct-or-tunnel,reasoning,plain,False,2,8,recipients,ready,ready,True,458,7.340000000000001e-05,1.5093071350001992
block-0105.eal.session-9,block-0105,eal,dispatch-direct-or-tunnel,reasoning,plain,False,2,9,recipients,ready,ready,True,428,6.14e-05,1.2526891289999185
block-0105.eal.session-10,block-0105,eal,dispatch-direct-or-tunnel,reasoning,plain,False,2,10,recipients,undetermined,undetermined,True,444,6.69e-05,1.40735280600029
block-0106.ordinary.session-0,block-0106,ordinary,dispatch-direct-or-tunnel,plain,plain,True,3,0,initial,ready,ready,True,2203,0.0002878,2.5475630679998176
block-0106.ordinary.session-1,block-0106,ordinary,dispatch-direct-or-tunnel,plain,plain,True,3,1,recipients,ready,ready,True,968,0.00012440000000000002,1.098002999000073
block-0106.ordinary.session-2,block-0106,ordinary,dispatch-direct-or-tunnel,plain,plain,True,3,2,recipients,not_ready,ready,False,2330,0.000263,1.8261660299999676
block-0106.ordinary.session-3,block-0106,ordinary,dispatch-direct-or-tunnel,plain,plain,True,3,3,recipients,not_ready,ready,False,2332,0.00026560000000000006,1.6948276760003864
block-0106.ordinary.session-4,block-0106,ordinary,dispatch-direct-or-tunnel,plain,plain,True,3,4,recipients,ready,ready,True,2398,0.00026890000000000003,2.090605690999837
block-0106.ordinary.session-5,block-0106,ordinary,dispatch-direct-or-tunnel,plain,plain,True,3,5,recipients,ready,ready,True,2372,0.00026510000000000005,2.294460643999628
block-0106.ordinary.session-6,block-0106,ordinary,dispatch-direct-or-tunnel,plain,plain,True,3,6,recipients,undetermined,ready,False,2509,0.0002854,1.4636671860002934
block-0106.ordinary.session-7,block-0106,ordinary,dispatch-direct-or-tunnel,plain,plain,True,3,7,recipients,undetermined,ready,False,2565,0.0002946,1.8286339219998808
block-0106.ordinary.session-8,block-0106,ordinary,dispatch-direct-or-tunnel,plain,plain,True,3,8,recipients,ready,ready,True,868,0.00011710000000000001,1.3318946260001212
block-0106.ordinary.session-9,block-0106,ordinary,dispatch-direct-or-tunnel,plain,plain,True,3,9,recipients,ready,not_ready,False,2730,0.00030750000000000005,1.9889995319999798
block-0106.ordinary.session-10,block-0106,ordinary,dispatch-direct-or-tunnel,plain,plain,True,3,10,recipients,undetermined,not_ready,False,2722,0.00030220000000000003,1.774868736999906
block-0106.eal.session-0,block-0106,eal,dispatch-direct-or-tunnel,plain,plain,True,3,0,initial,ready,ready,True,1577,0.00018980000000000003,2.2994463139998516
block-0106.eal.session-1,block-0106,eal,dispatch-direct-or-tunnel,plain,plain,True,3,1,recipients,ready,ready,True,1571,0.0001874,2.4407979480001813
block-0106.eal.session-2,block-0106,eal,dispatch-direct-or-tunnel,plain,plain,True,3,2,recipients,not_ready,not_ready,True,1622,0.00018920000000000002,2.077644830000281
block-0106.eal.session-3,block-0106,eal,dispatch-direct-or-tunnel,plain,plain,True,3,3,recipients,not_ready,not_ready,True,1651,0.0002008,2.320790942000258
block-0106.eal.session-4,block-0106,eal,dispatch-direct-or-tunnel,plain,plain,True,3,4,recipients,ready,ready,True,1658,0.00018590000000000002,1.7934763410003143
block-0106.eal.session-5,block-0106,eal,dispatch-direct-or-tunnel,plain,plain,True,3,5,recipients,ready,ready,True,1671,0.0001911,1.8800252089999958
block-0106.eal.session-6,block-0106,eal,dispatch-direct-or-tunnel,plain,plain,True,3,6,recipients,undetermined,undetermined,True,1815,0.00021,2.3466211369996017
block-0106.eal.session-7,block-0106,eal,dispatch-direct-or-tunnel,plain,plain,True,3,7,recipients,undetermined,undetermined,True,1782,0.0001968,1.8606387810000342
block-0106.eal.session-8,block-0106,eal,dispatch-direct-or-tunnel,plain,plain,True,3,8,recipients,ready,ready,True,1963,0.00021610000000000002,2.2967333470000995
block-0106.eal.session-9,block-0106,eal,dispatch-direct-or-tunnel,plain,plain,True,3,9,recipients,ready,ready,True,1967,0.0002177,1.9650286959999903
block-0106.eal.session-10,block-0106,eal,dispatch-direct-or-tunnel,plain,plain,True,3,10,recipients,undetermined,undetermined,True,1967,0.00021560000000000004,1.7736554590001106
block-0107.ordinary.session-0,block-0107,ordinary,database-alternative-read-routes,plain,reasoning,False,2,0,initial,ready,ready,True,2129,0.00024890000000000003,2.1565618540003015
block-0107.ordinary.session-1,block-0107,ordinary,database-alternative-read-routes,plain,reasoning,False,2,1,recipients,ready,ready,True,1166,0.0002046,3.405803752999873
block-0107.ordinary.session-2,block-0107,ordinary,database-alternative-read-routes,plain,reasoning,False,2,2,recipients,ready,ready,True,1302,0.00025935000000000004,4.6356583859997045
block-0107.ordinary.session-3,block-0107,ordinary,database-alternative-read-routes,plain,reasoning,False,2,3,recipients,ready,undetermined,False,1262,0.0002206,3.622720629000014
block-0107.ordinary.session-4,block-0107,ordinary,database-alternative-read-routes,plain,reasoning,False,2,4,recipients,not_ready,undetermined,False,1207,0.00020490000000000005,3.590177262999987
block-0107.ordinary.session-5,block-0107,ordinary,database-alternative-read-routes,plain,reasoning,False,2,5,recipients,not_ready,undetermined,False,1365,0.00025340000000000003,4.536844246999863
block-0107.ordinary.session-6,block-0107,ordinary,database-alternative-read-routes,plain,reasoning,False,2,6,recipients,undetermined,undetermined,True,1259,0.00019769999999999998,2.859989859000052
block-0107.ordinary.session-7,block-0107,ordinary,database-alternative-read-routes,plain,reasoning,False,2,7,recipients,undetermined,undetermined,True,1182,0.00017565000000000004,2.58655527000019
block-0107.ordinary.session-8,block-0107,ordinary,database-alternative-read-routes,plain,reasoning,False,2,8,recipients,ready,undetermined,False,1055,0.00014375,2.2644854829995893
block-0107.ordinary.session-9,block-0107,ordinary,database-alternative-read-routes,plain,reasoning,False,2,9,recipients,ready,undetermined,False,1149,0.0001873,2.7652279439998892
block-0107.ordinary.session-10,block-0107,ordinary,database-alternative-read-routes,plain,reasoning,False,2,10,recipients,undetermined,undetermined,True,1245,0.0002208,3.57521163399997
block-0107.eal.session-0,block-0107,eal,database-alternative-read-routes,plain,reasoning,False,2,0,initial,ready,ready,True,1535,0.0001691,1.840102010999999
block-0107.eal.session-1,block-0107,eal,database-alternative-read-routes,plain,reasoning,False,2,1,recipients,ready,ready,True,628,0.0001217,2.4024519820000023
block-0107.eal.session-2,block-0107,eal,database-alternative-read-routes,plain,reasoning,False,2,2,recipients,ready,ready,True,626,0.00012090000000000001,3.022943110000142
block-0107.eal.session-3,block-0107,eal,database-alternative-read-routes,plain,reasoning,False,2,3,recipients,ready,ready,True,651,0.0001309,2.5675825539997277
block-0107.eal.session-4,block-0107,eal,database-alternative-read-routes,plain,reasoning,False,2,4,recipients,not_ready,not_ready,True,718,0.00015735000000000003,4.0130896069999835
block-0107.eal.session-5,block-0107,eal,database-alternative-read-routes,plain,reasoning,False,2,5,recipients,not_ready,not_ready,True,670,0.00013815,3.1409879429998
block-0107.eal.session-6,block-0107,eal,database-alternative-read-routes,plain,reasoning,False,2,6,recipients,undetermined,undetermined,True,590,0.00010545000000000002,2.648738301999856
block-0107.eal.session-7,block-0107,eal,database-alternative-read-routes,plain,reasoning,False,2,7,recipients,undetermined,undetermined,True,701,0.00014985,3.031982418000098
block-0107.eal.session-8,block-0107,eal,database-alternative-read-routes,plain,reasoning,False,2,8,recipients,ready,ready,True,651,0.0001309,3.548220198999843
block-0107.eal.session-9,block-0107,eal,database-alternative-read-routes,plain,reasoning,False,2,9,recipients,ready,ready,True,600,0.0001105,2.807699939000031
block-0107.eal.session-10,block-0107,eal,database-alternative-read-routes,plain,reasoning,False,2,10,recipients,undetermined,undetermined,True,709,0.00015305,3.018603713000175
block-0108.ordinary.session-0,block-0108,ordinary,firmware-selective-applicability,plain,reasoning,True,3,0,initial,ready,ready,True,1907,0.0002261,2.352206147999823
block-0108.ordinary.session-1,block-0108,ordinary,firmware-selective-applicability,plain,reasoning,True,3,1,recipients,ready,ready,True,2634,0.0002598,3.2505996009999762
block-0108.ordinary.session-2,block-0108,ordinary,firmware-selective-applicability,plain,reasoning,True,3,2,recipients,undetermined,ready,False,2796,0.0002672,3.49967172200013
block-0108.ordinary.session-3,block-0108,ordinary,firmware-selective-applicability,plain,reasoning,True,3,3,recipients,undetermined,ready,False,1210,0.00018580000000000002,2.61648343700017
block-0108.ordinary.session-4,block-0108,ordinary,firmware-selective-applicability,plain,reasoning,True,3,4,recipients,not_ready,ready,False,1128,0.00016069999999999998,2.646778381999866
block-0108.ordinary.session-5,block-0108,ordinary,firmware-selective-applicability,plain,reasoning,True,3,5,recipients,not_ready,ready,False,1126,0.00016270000000000002,2.239789083999767
block-0108.ordinary.session-6,block-0108,ordinary,firmware-selective-applicability,plain,reasoning,True,3,6,recipients,ready,ready,True,2000,0.0005109,11.229495672000212
block-0108.ordinary.session-7,block-0108,ordinary,firmware-selective-applicability,plain,reasoning,True,3,7,recipients,ready,ready,True,1135,0.00016,2.2834622269997453
block-0108.ordinary.session-8,block-0108,ordinary,firmware-selective-applicability,plain,reasoning,True,3,8,recipients,undetermined,ready,False,1121,0.00015755,2.0973067509999055
block-0108.ordinary.session-9,block-0108,ordinary,firmware-selective-applicability,plain,reasoning,True,3,9,recipients,undetermined,undetermined,True,3337,0.00042095,5.638228343999799
block-0108.ordinary.session-10,block-0108,ordinary,firmware-selective-applicability,plain,reasoning,True,3,10,recipients,ready,undetermined,False,1230,0.00016825,2.470668227999795
block-0108.eal.session-0,block-0108,eal,firmware-selective-applicability,plain,reasoning,True,3,0,initial,ready,ready,True,1536,0.0001731,2.2481549539998014
block-0108.eal.session-1,block-0108,eal,firmware-selective-applicability,plain,reasoning,True,3,1,recipients,ready,ready,True,876,0.00017785,3.0106486159997985
block-0108.eal.session-2,block-0108,eal,firmware-selective-applicability,plain,reasoning,True,3,2,recipients,undetermined,undetermined,True,741,0.0001228,2.5147586809998757
block-0108.eal.session-3,block-0108,eal,firmware-selective-applicability,plain,reasoning,True,3,3,recipients,undetermined,undetermined,True,932,0.00019920000000000002,3.4671729910000977
block-0108.eal.session-4,block-0108,eal,firmware-selective-applicability,plain,reasoning,True,3,4,recipients,not_ready,not_ready,True,812,0.0001519,3.1089726019999944
block-0108.eal.session-5,block-0108,eal,firmware-selective-applicability,plain,reasoning,True,3,5,recipients,not_ready,not_ready,True,779,0.00013869999999999998,2.689581393000026
block-0108.eal.session-6,block-0108,eal,firmware-selective-applicability,plain,reasoning,True,3,6,recipients,ready,ready,True,684,0.00010105000000000002,2.1609676240000226
block-0108.eal.session-7,block-0108,eal,firmware-selective-applicability,plain,reasoning,True,3,7,recipients,ready,ready,True,883,0.00018065,3.3448583229996984
block-0108.eal.session-8,block-0108,eal,firmware-selective-applicability,plain,reasoning,True,3,8,recipients,undetermined,undetermined,True,827,0.00015720000000000003,3.3074697740003103
block-0108.eal.session-9,block-0108,eal,firmware-selective-applicability,plain,reasoning,True,3,9,recipients,undetermined,undetermined,True,879,0.00017800000000000002,3.4112172869999995
block-0108.eal.session-10,block-0108,eal,firmware-selective-applicability,plain,reasoning,True,3,10,recipients,ready,ready,True,839,0.00016305,3.7209677760001796
block-0109.eal.session-0,block-0109,eal,database-alternative-read-routes,reasoning,plain,False,3,0,initial,ready,ready,True,813,0.00015790000000000002,2.858309228000053
block-0109.eal.session-1,block-0109,eal,database-alternative-read-routes,reasoning,plain,False,3,1,recipients,ready,ready,True,439,6.430000000000002e-05,1.5523622030000297
block-0109.eal.session-2,block-0109,eal,database-alternative-read-routes,reasoning,plain,False,3,2,recipients,ready,ready,True,459,7.230000000000001e-05,1.7292095819998394
block-0109.eal.session-3,block-0109,eal,database-alternative-read-routes,reasoning,plain,False,3,3,recipients,ready,ready,True,432,6.15e-05,1.8637204139999994
block-0109.eal.session-4,block-0109,eal,database-alternative-read-routes,reasoning,plain,False,3,4,recipients,not_ready,not_ready,True,452,6.92e-05,1.5941683010000816
block-0109.eal.session-5,block-0109,eal,database-alternative-read-routes,reasoning,plain,False,3,5,recipients,not_ready,not_ready,True,469,7.6e-05,1.3509503820000646
block-0109.eal.session-6,block-0109,eal,database-alternative-read-routes,reasoning,plain,False,3,6,recipients,undetermined,undetermined,True,462,7.259999999999999e-05,1.3617182789998878
block-0109.eal.session-7,block-0109,eal,database-alternative-read-routes,reasoning,plain,False,3,7,recipients,undetermined,undetermined,True,485,8.180000000000001e-05,1.8003212080002413
block-0109.eal.session-8,block-0109,eal,database-alternative-read-routes,reasoning,plain,False,3,8,recipients,ready,ready,True,448,6.790000000000001e-05,1.5149799629998597
block-0109.eal.session-9,block-0109,eal,database-alternative-read-routes,reasoning,plain,False,3,9,recipients,ready,ready,True,429,6.03e-05,1.6768740339998658
block-0109.eal.session-10,block-0109,eal,database-alternative-read-routes,reasoning,plain,False,3,10,recipients,undetermined,undetermined,True,461,7.22e-05,1.3889728399999512
block-0109.ordinary.session-0,block-0109,ordinary,database-alternative-read-routes,reasoning,plain,False,3,0,initial,ready,ready,True,2572,0.0002518,3.2584101980000924
block-0109.ordinary.session-1,block-0109,ordinary,database-alternative-read-routes,reasoning,plain,False,3,1,recipients,ready,ready,True,844,0.0001165,0.9079406959999687
block-0109.ordinary.session-2,block-0109,ordinary,database-alternative-read-routes,reasoning,plain,False,3,2,recipients,ready,ready,True,873,0.0001254,0.9217376020001211
block-0109.ordinary.session-3,block-0109,ordinary,database-alternative-read-routes,reasoning,plain,False,3,3,recipients,ready,ready,True,895,0.000127,0.9700445049998052
block-0109.ordinary.session-4,block-0109,ordinary,database-alternative-read-routes,reasoning,plain,False,3,4,recipients,not_ready,ready,False,860,0.00011480000000000001,0.9174147099997754
block-0109.ordinary.session-5,block-0109,ordinary,database-alternative-read-routes,reasoning,plain,False,3,5,recipients,not_ready,ready,False,837,0.00011430000000000001,1.3934666860000107
block-0109.ordinary.session-6,block-0109,ordinary,database-alternative-read-routes,reasoning,plain,False,3,6,recipients,undetermined,ready,False,844,0.00011530000000000001,1.0336833360001947
block-0109.ordinary.session-7,block-0109,ordinary,database-alternative-read-routes,reasoning,plain,False,3,7,recipients,undetermined,ready,False,848,0.00011660000000000002,1.6482810190000237
block-0109.ordinary.session-8,block-0109,ordinary,database-alternative-read-routes,reasoning,plain,False,3,8,recipients,ready,ready,True,845,0.0001145,0.8782608960000289
block-0109.ordinary.session-9,block-0109,ordinary,database-alternative-read-routes,reasoning,plain,False,3,9,recipients,ready,ready,True,855,0.00012030000000000001,0.9968075480001062
block-0109.ordinary.session-10,block-0109,ordinary,database-alternative-read-routes,reasoning,plain,False,3,10,recipients,undetermined,ready,False,862,0.00011830000000000002,0.9284095650000381
block-0110.ordinary.session-0,block-0110,ordinary,release-three-obligations,reasoning,plain,False,1,0,initial,ready,undetermined,False,864,0.00012825,1.8448570790001213
block-0110.ordinary.session-1,block-0110,ordinary,release-three-obligations,reasoning,plain,False,1,1,recipients,ready,undetermined,False,683,9.259999999999999e-05,0.9076558110000406
block-0110.ordinary.session-2,block-0110,ordinary,release-three-obligations,reasoning,plain,False,1,2,recipients,not_ready,undetermined,False,695,9.740000000000001e-05,1.2431515949997447
block-0110.ordinary.session-3,block-0110,ordinary,release-three-obligations,reasoning,plain,False,1,3,recipients,not_ready,undetermined,False,704,9.8e-05,1.0762277359999644
block-0110.ordinary.session-4,block-0110,ordinary,release-three-obligations,reasoning,plain,False,1,4,recipients,undetermined,undetermined,True,732,0.0001095,1.3529639620001035
block-0110.ordinary.session-5,block-0110,ordinary,release-three-obligations,reasoning,plain,False,1,5,recipients,undetermined,undetermined,True,752,0.00010880000000000002,1.1682082309998805
block-0110.ordinary.session-6,block-0110,ordinary,release-three-obligations,reasoning,plain,False,1,6,recipients,ready,undetermined,False,756,0.0001131,1.7838431420000234
block-0110.ordinary.session-7,block-0110,ordinary,release-three-obligations,reasoning,plain,False,1,7,recipients,ready,undetermined,False,751,0.00010720000000000002,0.9372598449999714
block-0110.ordinary.session-8,block-0110,ordinary,release-three-obligations,reasoning,plain,False,1,8,recipients,undetermined,undetermined,True,727,0.000103,1.0230211759999293
block-0110.ordinary.session-9,block-0110,ordinary,release-three-obligations,reasoning,plain,False,1,9,recipients,undetermined,undetermined,True,744,0.00011159999999999999,1.3297341530001177
block-0110.ordinary.session-10,block-0110,ordinary,release-three-obligations,reasoning,plain,False,1,10,recipients,not_ready,undetermined,False,755,0.0001085,1.3989928770001825
block-0110.eal.session-0,block-0110,eal,release-three-obligations,reasoning,plain,False,1,0,initial,ready,ready,True,844,0.0001808,3.539181484999972
block-0110.eal.session-1,block-0110,eal,release-three-obligations,reasoning,plain,False,1,1,recipients,ready,ready,True,431,7.01e-05,1.3536934740000106
block-0110.eal.session-2,block-0110,eal,release-three-obligations,reasoning,plain,False,1,2,recipients,not_ready,not_ready,True,435,7.14e-05,1.3161768190002476
block-0110.eal.session-3,block-0110,eal,release-three-obligations,reasoning,plain,False,1,3,recipients,not_ready,not_ready,True,443,7.460000000000001e-05,1.4810033019998627
block-0110.eal.session-4,block-0110,eal,release-three-obligations,reasoning,plain,False,1,4,recipients,undetermined,undetermined,True,448,7.6e-05,1.6946320140000353
block-0110.eal.session-5,block-0110,eal,release-three-obligations,reasoning,plain,False,1,5,recipients,undetermined,undetermined,True,431,6.92e-05,1.583273129999725
block-0110.eal.session-6,block-0110,eal,release-three-obligations,reasoning,plain,False,1,6,recipients,ready,ready,True,415,6.37e-05,1.2946164859999953
block-0110.eal.session-7,block-0110,eal,release-three-obligations,reasoning,plain,False,1,7,recipients,ready,ready,True,407,6.05e-05,1.3756560319998243
block-0110.eal.session-8,block-0110,eal,release-three-obligations,reasoning,plain,False,1,8,recipients,undetermined,undetermined,True,418,6.4e-05,1.3746156170000177
block-0110.eal.session-9,block-0110,eal,release-three-obligations,reasoning,plain,False,1,9,recipients,undetermined,undetermined,True,412,6.16e-05,1.2915018030003012
block-0110.eal.session-10,block-0110,eal,release-three-obligations,reasoning,plain,False,1,10,recipients,not_ready,not_ready,True,436,7.180000000000001e-05,1.694366485000046
block-0111.ordinary.session-0,block-0111,ordinary,dispatch-direct-or-tunnel,plain,plain,True,1,0,initial,ready,ready,True,2103,0.0002478,1.9582709320002323
block-0111.ordinary.session-1,block-0111,ordinary,dispatch-direct-or-tunnel,plain,plain,True,1,1,recipients,ready,ready,True,877,0.0001192,0.9294052209997972
block-0111.ordinary.session-2,block-0111,ordinary,dispatch-direct-or-tunnel,plain,plain,True,1,2,recipients,not_ready,ambiguous,,2379,0.00027480000000000007,2.093498525999621
block-0111.ordinary.session-3,block-0111,ordinary,dispatch-direct-or-tunnel,plain,plain,True,1,3,recipients,not_ready,not_ready,True,2394,0.00027660000000000006,1.9908345479998388
block-0111.ordinary.session-4,block-0111,ordinary,dispatch-direct-or-tunnel,plain,plain,True,1,4,recipients,ready,not_ready,False,2447,0.0002789,1.8823898119999285
block-0111.ordinary.session-5,block-0111,ordinary,dispatch-direct-or-tunnel,plain,plain,True,1,5,recipients,ready,not_ready,False,2430,0.00027810000000000004,1.6943537219999598
block-0111.ordinary.session-6,block-0111,ordinary,dispatch-direct-or-tunnel,plain,plain,True,1,6,recipients,undetermined,not_ready,False,2542,0.0002842,1.750096807999853
block-0111.ordinary.session-7,block-0111,ordinary,dispatch-direct-or-tunnel,plain,plain,True,1,7,recipients,undetermined,not_ready,False,2523,0.00028680000000000003,1.893730525999672
block-0111.ordinary.session-8,block-0111,ordinary,dispatch-direct-or-tunnel,plain,plain,True,1,8,recipients,ready,not_ready,False,2742,0.0003105,1.7473668539996652
block-0111.ordinary.session-9,block-0111,ordinary,dispatch-direct-or-tunnel,plain,plain,True,1,9,recipients,ready,not_ready,False,2801,0.0003305,2.299406822000037
block-0111.ordinary.session-10,block-0111,ordinary,dispatch-direct-or-tunnel,plain,plain,True,1,10,recipients,undetermined,not_ready,False,2877,0.0003324,1.8398226070003147
block-0111.eal.session-0,block-0111,eal,dispatch-direct-or-tunnel,plain,plain,True,1,0,initial,ready,ready,True,1556,0.0001814,2.193572511000184
block-0111.eal.session-1,block-0111,eal,dispatch-direct-or-tunnel,plain,plain,True,1,1,recipients,ready,ready,True,1529,0.0001706,1.730104909000147
block-0111.eal.session-2,block-0111,eal,dispatch-direct-or-tunnel,plain,plain,True,1,2,recipients,not_ready,not_ready,True,1615,0.00018640000000000003,2.1939612349997333
block-0111.eal.session-3,block-0111,eal,dispatch-direct-or-tunnel,plain,plain,True,1,3,recipients,not_ready,not_ready,True,1637,0.0001952,2.1398178489998827
block-0111.eal.session-4,block-0111,eal,dispatch-direct-or-tunnel,plain,plain,True,1,4,recipients,ready,ready,True,1651,0.0001831,2.0690043429999605
block-0111.eal.session-5,block-0111,eal,dispatch-direct-or-tunnel,plain,plain,True,1,5,recipients,ready,ready,True,1668,0.00018990000000000004,2.361547775999952
block-0111.eal.session-6,block-0111,eal,dispatch-direct-or-tunnel,plain,plain,True,1,6,recipients,undetermined,undetermined,True,1807,0.00020679999999999999,1.8753078069998992
block-0111.eal.session-7,block-0111,eal,dispatch-direct-or-tunnel,plain,plain,True,1,7,recipients,undetermined,not_ready,False,1793,0.0002012,1.7184989020001922
block-0111.eal.session-8,block-0111,eal,dispatch-direct-or-tunnel,plain,plain,True,1,8,recipients,ready,not_ready,False,1994,0.00022850000000000002,2.2513217360001363
block-0111.eal.session-9,block-0111,eal,dispatch-direct-or-tunnel,plain,plain,True,1,9,recipients,ready,not_ready,False,1983,0.0002241,1.8787819730000592
block-0111.eal.session-10,block-0111,eal,dispatch-direct-or-tunnel,plain,plain,True,1,10,recipients,undetermined,undetermined,True,1998,0.000228,2.557557552999697
block-0112.ordinary.session-0,block-0112,ordinary,migration-cutover-obligations,plain,plain,False,3,0,initial,ready,ready,True,1765,0.0002002,1.5592015920001359
block-0112.ordinary.session-1,block-0112,ordinary,migration-cutover-obligations,plain,plain,False,3,1,recipients,ready,ready,True,712,0.000103,1.0763810989997182
block-0112.ordinary.session-2,block-0112,ordinary,migration-cutover-obligations,plain,plain,False,3,2,recipients,not_ready,ready,False,765,0.0001125,1.2075663269997676
block-0112.ordinary.session-3,block-0112,ordinary,migration-cutover-obligations,plain,plain,False,3,3,recipients,not_ready,ready,False,729,9.39e-05,0.8932391529997403
block-0112.ordinary.session-4,block-0112,ordinary,migration-cutover-obligations,plain,plain,False,3,4,recipients,undetermined,ready,False,724,0.00010690000000000001,0.8863156460001846
block-0112.ordinary.session-5,block-0112,ordinary,migration-cutover-obligations,plain,plain,False,3,5,recipients,undetermined,ready,False,742,0.0001006,0.948454583000057
block-0112.ordinary.session-6,block-0112,ordinary,migration-cutover-obligations,plain,plain,False,3,6,recipients,ready,ready,True,722,0.00010070000000000001,1.1776930660003018
block-0112.ordinary.session-7,block-0112,ordinary,migration-cutover-obligations,plain,plain,False,3,7,recipients,ready,ready,True,749,0.0001094,1.3200811789997715
block-0112.ordinary.session-8,block-0112,ordinary,migration-cutover-obligations,plain,plain,False,3,8,recipients,not_ready,ready,False,752,0.00010460000000000001,1.0564866239997173
block-0112.ordinary.session-9,block-0112,ordinary,migration-cutover-obligations,plain,plain,False,3,9,recipients,not_ready,ready,False,771,0.0001173,1.1311135480000303
block-0112.ordinary.session-10,block-0112,ordinary,migration-cutover-obligations,plain,plain,False,3,10,recipients,ready,ready,True,800,0.0001175,1.7289039610000145
block-0112.eal.session-0,block-0112,eal,migration-cutover-obligations,plain,plain,False,3,0,initial,ready,ready,True,1425,0.0001662,1.8042105579997951
block-0112.eal.session-1,block-0112,eal,migration-cutover-obligations,plain,plain,False,3,1,recipients,ready,ready,True,451,7.120000000000001e-05,1.3516960960000688
block-0112.eal.session-2,block-0112,eal,migration-cutover-obligations,plain,plain,False,3,2,recipients,not_ready,not_ready,True,448,6.97e-05,1.4831567930000347
block-0112.eal.session-3,block-0112,eal,migration-cutover-obligations,plain,plain,False,3,3,recipients,not_ready,not_ready,True,455,7.25e-05,1.8044954480001252
block-0112.eal.session-4,block-0112,eal,migration-cutover-obligations,plain,plain,False,3,4,recipients,undetermined,undetermined,True,461,7.430000000000002e-05,1.2798806020000484
block-0112.eal.session-5,block-0112,eal,migration-cutover-obligations,plain,plain,False,3,5,recipients,undetermined,undetermined,True,460,7.390000000000001e-05,1.3541193289997864
block-0112.eal.session-6,block-0112,eal,migration-cutover-obligations,plain,plain,False,3,6,recipients,ready,ready,True,422,5.96e-05,1.1948822090002977
block-0112.eal.session-7,block-0112,eal,migration-cutover-obligations,plain,plain,False,3,7,recipients,ready,ready,True,440,6.68e-05,1.381558719000168
block-0112.eal.session-8,block-0112,eal,migration-cutover-obligations,plain,plain,False,3,8,recipients,not_ready,not_ready,True,458,7.37e-05,1.4785539239996979
block-0112.eal.session-9,block-0112,eal,migration-cutover-obligations,plain,plain,False,3,9,recipients,not_ready,not_ready,True,468,7.77e-05,1.5311649979998947
block-0112.eal.session-10,block-0112,eal,migration-cutover-obligations,plain,plain,False,3,10,recipients,ready,ready,True,440,6.68e-05,1.2869259669996609
block-0113.ordinary.session-0,block-0113,ordinary,firmware-selective-applicability,reasoning,plain,False,2,0,initial,ready,ready,True,2325,0.00023210000000000003,3.140153029999965
block-0113.ordinary.session-1,block-0113,ordinary,firmware-selective-applicability,reasoning,plain,False,2,1,recipients,ready,ready,True,792,0.0001077,1.0176432080002087
block-0113.ordinary.session-2,block-0113,ordinary,firmware-selective-applicability,reasoning,plain,False,2,2,recipients,undetermined,ready,False,730,9.85e-05,0.99171913400005
block-0113.ordinary.session-3,block-0113,ordinary,firmware-selective-applicability,reasoning,plain,False,2,3,recipients,undetermined,ready,False,737,0.00010430000000000001,0.8463863060001131
block-0113.ordinary.session-4,block-0113,ordinary,firmware-selective-applicability,reasoning,plain,False,2,4,recipients,not_ready,ready,False,754,0.000106,0.9213904490002278
block-0113.ordinary.session-5,block-0113,ordinary,firmware-selective-applicability,reasoning,plain,False,2,5,recipients,not_ready,ready,False,773,0.00011360000000000001,0.8440961149999566
block-0113.ordinary.session-6,block-0113,ordinary,firmware-selective-applicability,reasoning,plain,False,2,6,recipients,ready,ready,True,759,0.0001023,1.1248990179997236
block-0113.ordinary.session-7,block-0113,ordinary,firmware-selective-applicability,reasoning,plain,False,2,7,recipients,ready,ready,True,725,9.860000000000001e-05,1.007786682999722
block-0113.ordinary.session-8,block-0113,ordinary,firmware-selective-applicability,reasoning,plain,False,2,8,recipients,undetermined,ready,False,725,9.89e-05,1.2292382119999274
block-0113.ordinary.session-9,block-0113,ordinary,firmware-selective-applicability,reasoning,plain,False,2,9,recipients,undetermined,ready,False,727,9.94e-05,0.9690507109999089
block-0113.ordinary.session-10,block-0113,ordinary,firmware-selective-applicability,reasoning,plain,False,2,10,recipients,ready,ready,True,727,9.910000000000001e-05,0.8461319640000511
block-0113.eal.session-0,block-0113,eal,firmware-selective-applicability,reasoning,plain,False,2,0,initial,ready,ready,True,822,0.00015625,2.9814195209996797
block-0113.eal.session-1,block-0113,eal,firmware-selective-applicability,reasoning,plain,False,2,1,recipients,ready,ready,True,451,6.46e-05,1.2117720199998985
block-0113.eal.session-2,block-0113,eal,firmware-selective-applicability,reasoning,plain,False,2,2,recipients,undetermined,undetermined,True,463,6.85e-05,2.8985973060002834
block-0113.eal.session-3,block-0113,eal,firmware-selective-applicability,reasoning,plain,False,2,3,recipients,undetermined,undetermined,True,459,6.69e-05,1.2128774060001888
block-0113.eal.session-4,block-0113,eal,firmware-selective-applicability,reasoning,plain,False,2,4,recipients,not_ready,not_ready,True,446,6.230000000000001e-05,1.4106082680000327
block-0113.eal.session-5,block-0113,eal,firmware-selective-applicability,reasoning,plain,False,2,5,recipients,not_ready,not_ready,True,451,6.430000000000002e-05,1.183735118000186
block-0113.eal.session-6,block-0113,eal,firmware-selective-applicability,reasoning,plain,False,2,6,recipients,ready,ready,True,452,6.5e-05,1.2155733349995899
block-0113.eal.session-7,block-0113,eal,firmware-selective-applicability,reasoning,plain,False,2,7,recipients,ready,ready,True,470,7.22e-05,1.1753342239999256
block-0113.eal.session-8,block-0113,eal,firmware-selective-applicability,reasoning,plain,False,2,8,recipients,undetermined,undetermined,True,500,8.33e-05,1.491104386999723
block-0113.eal.session-9,block-0113,eal,firmware-selective-applicability,reasoning,plain,False,2,9,recipients,undetermined,undetermined,True,470,7.130000000000001e-05,1.1407306470000549
block-0113.eal.session-10,block-0113,eal,firmware-selective-applicability,reasoning,plain,False,2,10,recipients,ready,ready,True,466,7.06e-05,1.331649680999817
block-0114.ordinary.session-0,block-0114,ordinary,dispatch-direct-or-tunnel,reasoning,plain,True,3,0,initial,ready,ready,True,2520,0.00024430000000000003,3.2580413040000167
block-0114.ordinary.session-1,block-0114,ordinary,dispatch-direct-or-tunnel,reasoning,plain,True,3,1,recipients,ready,ready,True,879,0.00011159999999999999,0.8800397899999552
block-0114.ordinary.session-2,block-0114,ordinary,dispatch-direct-or-tunnel,reasoning,plain,True,3,2,recipients,not_ready,ready,False,2293,0.00025600000000000004,1.470855537999796
block-0114.ordinary.session-3,block-0114,ordinary,dispatch-direct-or-tunnel,reasoning,plain,True,3,3,recipients,not_ready,ready,False,2292,0.00025620000000000005,1.439194771000075
block-0114.ordinary.session-4,block-0114,ordinary,dispatch-direct-or-tunnel,reasoning,plain,True,3,4,recipients,ready,ready,True,2360,0.0002645,2.2650436060002903
block-0114.ordinary.session-5,block-0114,ordinary,dispatch-direct-or-tunnel,reasoning,plain,True,3,5,recipients,ready,ready,True,818,0.0001067,0.9127063259998067
block-0114.ordinary.session-6,block-0114,ordinary,dispatch-direct-or-tunnel,reasoning,plain,True,3,6,recipients,undetermined,ready,False,811,0.0001042,1.0952828370000134
block-0114.ordinary.session-7,block-0114,ordinary,dispatch-direct-or-tunnel,reasoning,plain,True,3,7,recipients,undetermined,ready,False,812,0.00010640000000000001,0.796242040999914
block-0114.ordinary.session-8,block-0114,ordinary,dispatch-direct-or-tunnel,reasoning,plain,True,3,8,recipients,ready,ready,True,2674,0.0002953,1.5850608069999907
block-0114.ordinary.session-9,block-0114,ordinary,dispatch-direct-or-tunnel,reasoning,plain,True,3,9,recipients,ready,ready,True,2667,0.0002937,1.7207643840001765
block-0114.ordinary.session-10,block-0114,ordinary,dispatch-direct-or-tunnel,reasoning,plain,True,3,10,recipients,undetermined,ready,False,2686,0.00030280000000000004,2.0354752939997525
block-0114.eal.session-0,block-0114,eal,dispatch-direct-or-tunnel,reasoning,plain,True,3,0,initial,ready,ready,True,732,0.00012725,2.862882692000312
block-0114.eal.session-1,block-0114,eal,dispatch-direct-or-tunnel,reasoning,plain,True,3,1,recipients,ready,ready,True,1550,0.00017900000000000001,2.006413443999918
block-0114.eal.session-2,block-0114,eal,dispatch-direct-or-tunnel,reasoning,plain,True,3,2,recipients,not_ready,not_ready,True,1638,0.0001956,1.9030306320000818
block-0114.eal.session-3,block-0114,eal,dispatch-direct-or-tunnel,reasoning,plain,True,3,3,recipients,not_ready,not_ready,True,1651,0.0002008,1.954027933999896
block-0114.eal.session-4,block-0114,eal,dispatch-direct-or-tunnel,reasoning,plain,True,3,4,recipients,ready,ready,True,1690,0.0001987,2.312107990000186
block-0114.eal.session-5,block-0114,eal,dispatch-direct-or-tunnel,reasoning,plain,True,3,5,recipients,ready,ready,True,1651,0.0001831,2.1240253949999897
block-0114.eal.session-6,block-0114,eal,dispatch-direct-or-tunnel,reasoning,plain,True,3,6,recipients,undetermined,ambiguous,,1851,0.00022439999999999998,2.7014544630001183
block-0114.eal.session-7,block-0114,eal,dispatch-direct-or-tunnel,reasoning,plain,True,3,7,recipients,undetermined,undetermined,True,1828,0.00021520000000000003,1.918400974999713
block-0114.eal.session-8,block-0114,eal,dispatch-direct-or-tunnel,reasoning,plain,True,3,8,recipients,ready,ready,True,1962,0.0002157,1.9691640179999013
block-0114.eal.session-9,block-0114,eal,dispatch-direct-or-tunnel,reasoning,plain,True,3,9,recipients,ready,ready,True,1956,0.00021330000000000003,2.12003489000017
block-0114.eal.session-10,block-0114,eal,dispatch-direct-or-tunnel,reasoning,plain,True,3,10,recipients,undetermined,undetermined,True,1986,0.0002232,2.320805257000302
block-0115.ordinary.session-0,block-0115,ordinary,dispatch-direct-or-tunnel,plain,plain,False,0,0,initial,ready,ready,True,2090,0.0002426,1.38270699900022
block-0115.ordinary.session-1,block-0115,ordinary,dispatch-direct-or-tunnel,plain,plain,False,0,1,recipients,ready,ready,True,856,0.0001228,0.9133743239999603
block-0115.ordinary.session-2,block-0115,ordinary,dispatch-direct-or-tunnel,plain,plain,False,0,2,recipients,not_ready,ready,False,887,0.000128,1.0150558020000062
block-0115.ordinary.session-3,block-0115,ordinary,dispatch-direct-or-tunnel,plain,plain,False,0,3,recipients,not_ready,ready,False,911,0.000137,1.3625607769999988
block-0115.ordinary.session-4,block-0115,ordinary,dispatch-direct-or-tunnel,plain,plain,False,0,4,recipients,ready,ready,True,875,0.0001154,1.164295501000197
block-0115.ordinary.session-5,block-0115,ordinary,dispatch-direct-or-tunnel,plain,plain,False,0,5,recipients,ready,ready,True,833,0.0001178,0.9702288110001973
block-0115.ordinary.session-6,block-0115,ordinary,dispatch-direct-or-tunnel,plain,plain,False,0,6,recipients,undetermined,ready,False,871,0.00012580000000000002,1.3471880890001557
block-0115.ordinary.session-7,block-0115,ordinary,dispatch-direct-or-tunnel,plain,plain,False,0,7,recipients,undetermined,ready,False,857,0.00011660000000000002,0.8336365190002653
block-0115.ordinary.session-8,block-0115,ordinary,dispatch-direct-or-tunnel,plain,plain,False,0,8,recipients,ready,ready,True,831,0.000114,1.5721008810000967
block-0115.ordinary.session-9,block-0115,ordinary,dispatch-direct-or-tunnel,plain,plain,False,0,9,recipients,ready,ready,True,835,0.00011559999999999999,1.1158613630000218
block-0115.ordinary.session-10,block-0115,ordinary,dispatch-direct-or-tunnel,plain,plain,False,0,10,recipients,undetermined,ready,False,849,0.00012,1.0418313600002875
block-0115.eal.session-0,block-0115,eal,dispatch-direct-or-tunnel,plain,plain,False,0,0,initial,ready,ready,True,1564,0.00018460000000000001,2.3292124889999286
block-0115.eal.session-1,block-0115,eal,dispatch-direct-or-tunnel,plain,plain,False,0,1,recipients,ready,ready,True,419,5.78e-05,1.0808712689999993
block-0115.eal.session-2,block-0115,eal,dispatch-direct-or-tunnel,plain,plain,False,0,2,recipients,not_ready,not_ready,True,457,7.27e-05,1.4511044639998545
block-0115.eal.session-3,block-0115,eal,dispatch-direct-or-tunnel,plain,plain,False,0,3,recipients,not_ready,not_ready,True,436,6.430000000000002e-05,1.3551687839999431
block-0115.eal.session-4,block-0115,eal,dispatch-direct-or-tunnel,plain,plain,False,0,4,recipients,ready,ready,True,431,6.26e-05,1.45119724199958
block-0115.eal.session-5,block-0115,eal,dispatch-direct-or-tunnel,plain,plain,False,0,5,recipients,ready,ready,True,432,6.3e-05,1.2417015249998258
block-0115.eal.session-6,block-0115,eal,dispatch-direct-or-tunnel,plain,plain,False,0,6,recipients,undetermined,undetermined,True,458,7.25e-05,1.4584556590002649
block-0115.eal.session-7,block-0115,eal,dispatch-direct-or-tunnel,plain,plain,False,0,7,recipients,undetermined,undetermined,True,466,7.57e-05,1.482015901000068
block-0115.eal.session-8,block-0115,eal,dispatch-direct-or-tunnel,plain,plain,False,0,8,recipients,ready,ready,True,435,6.42e-05,1.2397868019997986
block-0115.eal.session-9,block-0115,eal,dispatch-direct-or-tunnel,plain,plain,False,0,9,recipients,ready,ready,True,432,6.3e-05,1.2607540700000754
block-0115.eal.session-10,block-0115,eal,dispatch-direct-or-tunnel,plain,plain,False,0,10,recipients,undetermined,undetermined,True,436,6.37e-05,1.3296562269997594
block-0116.ordinary.session-0,block-0116,ordinary,dispatch-direct-or-tunnel,plain,plain,False,3,0,initial,ready,ready,True,2121,0.000255,2.0383121760000904
block-0116.ordinary.session-1,block-0116,ordinary,dispatch-direct-or-tunnel,plain,plain,False,3,1,recipients,ready,ready,True,861,0.00011580000000000001,1.0928140149999308
block-0116.ordinary.session-2,block-0116,ordinary,dispatch-direct-or-tunnel,plain,plain,False,3,2,recipients,not_ready,ready,False,845,0.00012080000000000001,1.1633620780003184
block-0116.ordinary.session-3,block-0116,ordinary,dispatch-direct-or-tunnel,plain,plain,False,3,3,recipients,not_ready,ready,False,859,0.00011980000000000001,1.014417498000057
block-0116.ordinary.session-4,block-0116,ordinary,dispatch-direct-or-tunnel,plain,plain,False,3,4,recipients,ready,ready,True,851,0.000119,1.2016377059999286
block-0116.ordinary.session-5,block-0116,ordinary,dispatch-direct-or-tunnel,plain,plain,False,3,5,recipients,ready,ready,True,874,0.0001282,1.6637872199999038
block-0116.ordinary.session-6,block-0116,ordinary,dispatch-direct-or-tunnel,plain,plain,False,3,6,recipients,undetermined,ready,False,884,0.0001253,1.7080672970000705
block-0116.ordinary.session-7,block-0116,ordinary,dispatch-direct-or-tunnel,plain,plain,False,3,7,recipients,undetermined,ready,False,871,0.000124,1.4380749370002377
block-0116.ordinary.session-8,block-0116,ordinary,dispatch-direct-or-tunnel,plain,plain,False,3,8,recipients,ready,ready,True,881,0.000128,1.30254714900002
block-0116.ordinary.session-9,block-0116,ordinary,dispatch-direct-or-tunnel,plain,plain,False,3,9,recipients,ready,ready,True,887,0.0001274,1.5908125609998933
block-0116.ordinary.session-10,block-0116,ordinary,dispatch-direct-or-tunnel,plain,plain,False,3,10,recipients,undetermined,ready,False,888,0.000129,1.899802629000078
block-0116.eal.session-0,block-0116,eal,dispatch-direct-or-tunnel,plain,plain,False,3,0,initial,ready,ready,True,1547,0.0001778,2.549526455999967
block-0116.eal.session-1,block-0116,eal,dispatch-direct-or-tunnel,plain,plain,False,3,1,recipients,ready,ready,True,456,7.259999999999999e-05,1.7474924090001878
block-0116.eal.session-2,block-0116,eal,dispatch-direct-or-tunnel,plain,plain,False,3,2,recipients,not_ready,not_ready,True,441,6.630000000000001e-05,1.6196847579999485
block-0116.eal.session-3,block-0116,eal,dispatch-direct-or-tunnel,plain,plain,False,3,3,recipients,not_ready,not_ready,True,433,6.31e-05,1.639514423000037
block-0116.eal.session-4,block-0116,eal,dispatch-direct-or-tunnel,plain,plain,False,3,4,recipients,ready,ready,True,442,6.7e-05,1.4321239139999307
block-0116.eal.session-5,block-0116,eal,dispatch-direct-or-tunnel,plain,plain,False,3,5,recipients,ready,ready,True,443,6.740000000000001e-05,1.4553579290000016
block-0116.eal.session-6,block-0116,eal,dispatch-direct-or-tunnel,plain,plain,False,3,6,recipients,undetermined,undetermined,True,448,6.85e-05,1.4350799789999655
block-0116.eal.session-7,block-0116,eal,dispatch-direct-or-tunnel,plain,plain,False,3,7,recipients,undetermined,undetermined,True,472,7.81e-05,1.4225589659999969
block-0116.eal.session-8,block-0116,eal,dispatch-direct-or-tunnel,plain,plain,False,3,8,recipients,ready,ready,True,442,6.7e-05,1.6065026679998482
block-0116.eal.session-9,block-0116,eal,dispatch-direct-or-tunnel,plain,plain,False,3,9,recipients,ready,ready,True,422,5.9e-05,1.3453870969997297
block-0116.eal.session-10,block-0116,eal,dispatch-direct-or-tunnel,plain,plain,False,3,10,recipients,undetermined,undetermined,True,484,8.290000000000001e-05,2.4110269459997653
block-0117.eal.session-0,block-0117,eal,dispatch-direct-or-tunnel,plain,reasoning,False,0,0,initial,ready,ready,True,1540,0.00017500000000000003,1.7556679209997128
block-0117.eal.session-1,block-0117,eal,dispatch-direct-or-tunnel,plain,reasoning,False,0,1,recipients,ready,ready,True,744,0.00016984999999999998,4.123181691999889
block-0117.eal.session-2,block-0117,eal,dispatch-direct-or-tunnel,plain,reasoning,False,0,2,recipients,not_ready,not_ready,True,698,0.00015110000000000001,3.1746517219999077
block-0117.eal.session-3,block-0117,eal,dispatch-direct-or-tunnel,plain,reasoning,False,0,3,recipients,not_ready,not_ready,True,753,0.00017310000000000003,4.152750479000133
block-0117.eal.session-4,block-0117,eal,dispatch-direct-or-tunnel,plain,reasoning,False,0,4,recipients,ready,ready,True,655,0.00013425,4.375523008000073
block-0117.eal.session-5,block-0117,eal,dispatch-direct-or-tunnel,plain,reasoning,False,0,5,recipients,ready,ready,True,630,0.00012425,2.80128010899989
block-0117.eal.session-6,block-0117,eal,dispatch-direct-or-tunnel,plain,reasoning,False,0,6,recipients,undetermined,undetermined,True,610,0.00011520000000000002,2.9206152899996596
block-0117.eal.session-7,block-0117,eal,dispatch-direct-or-tunnel,plain,reasoning,False,0,7,recipients,undetermined,undetermined,True,831,0.00020360000000000002,3.8516236680002294
block-0117.eal.session-8,block-0117,eal,dispatch-direct-or-tunnel,plain,reasoning,False,0,8,recipients,ready,ready,True,628,0.00012345,2.6489799400001175
block-0117.eal.session-9,block-0117,eal,dispatch-direct-or-tunnel,plain,reasoning,False,0,9,recipients,ready,ready,True,788,0.00018745000000000003,3.6273627020000276
block-0117.eal.session-10,block-0117,eal,dispatch-direct-or-tunnel,plain,reasoning,False,0,10,recipients,undetermined,undetermined,True,715,0.00015720000000000003,2.9611739050001233
block-0117.ordinary.session-0,block-0117,ordinary,dispatch-direct-or-tunnel,plain,reasoning,False,0,0,initial,ready,ready,True,2111,0.00025100000000000003,2.075606882000102
block-0117.ordinary.session-1,block-0117,ordinary,dispatch-direct-or-tunnel,plain,reasoning,False,0,1,recipients,ready,ready,True,1213,0.000222,3.7140539160000117
block-0117.ordinary.session-2,block-0117,ordinary,dispatch-direct-or-tunnel,plain,reasoning,False,0,2,recipients,not_ready,ready,False,1149,0.00017294999999999998,3.8970426149999184
block-0117.ordinary.session-3,block-0117,ordinary,dispatch-direct-or-tunnel,plain,reasoning,False,0,3,recipients,not_ready,ready,False,1076,0.00016160000000000002,2.62779575400009
block-0117.ordinary.session-4,block-0117,ordinary,dispatch-direct-or-tunnel,plain,reasoning,False,0,4,recipients,ready,undetermined,False,1397,0.00030295000000000007,4.548559084000317
block-0117.ordinary.session-5,block-0117,ordinary,dispatch-direct-or-tunnel,plain,reasoning,False,0,5,recipients,ready,undetermined,False,1250,0.00023995,4.078303194
block-0117.ordinary.session-6,block-0117,ordinary,dispatch-direct-or-tunnel,plain,reasoning,False,0,6,recipients,undetermined,undetermined,True,1135,0.00018310000000000003,4.938273612999637
block-0117.ordinary.session-7,block-0117,ordinary,dispatch-direct-or-tunnel,plain,reasoning,False,0,7,recipients,undetermined,undetermined,True,1108,0.0001765,2.8256274430000303
block-0117.ordinary.session-8,block-0117,ordinary,dispatch-direct-or-tunnel,plain,reasoning,False,0,8,recipients,ready,undetermined,False,1092,0.00016975,2.850847189000433
block-0117.ordinary.session-9,block-0117,ordinary,dispatch-direct-or-tunnel,plain,reasoning,False,0,9,recipients,ready,undetermined,False,1025,0.00013385000000000003,2.375041291999878
block-0117.ordinary.session-10,block-0117,ordinary,dispatch-direct-or-tunnel,plain,reasoning,False,0,10,recipients,undetermined,undetermined,True,1097,0.00016615,2.454185810999661
block-0118.eal.session-0,block-0118,eal,release-three-obligations,reasoning,reasoning,False,2,0,initial,ready,ready,True,702,0.000124,2.7547554879997733
block-0118.eal.session-1,block-0118,eal,release-three-obligations,reasoning,reasoning,False,2,1,recipients,ready,ready,True,654,0.00014260000000000002,2.99575379099997
block-0118.eal.session-2,block-0118,eal,release-three-obligations,reasoning,reasoning,False,2,2,recipients,not_ready,not_ready,True,647,0.00013945000000000003,3.130884093000077
block-0118.eal.session-3,block-0118,eal,release-three-obligations,reasoning,reasoning,False,2,3,recipients,not_ready,not_ready,True,750,0.00018065000000000003,4.763020018000134
block-0118.eal.session-4,block-0118,eal,release-three-obligations,reasoning,reasoning,False,2,4,recipients,undetermined,undetermined,True,805,0.00020195000000000003,3.7716130750000048
block-0118.eal.session-5,block-0118,eal,release-three-obligations,reasoning,reasoning,False,2,5,recipients,undetermined,undetermined,True,793,0.00019715,3.777853563000008
block-0118.eal.session-6,block-0118,eal,release-three-obligations,reasoning,reasoning,False,2,6,recipients,ready,ready,True,638,0.00013619999999999998,3.697031077000247
block-0118.eal.session-7,block-0118,eal,release-three-obligations,reasoning,reasoning,False,2,7,recipients,ready,ready,True,629,0.00013260000000000002,2.5855032250001386
block-0118.eal.session-8,block-0118,eal,release-three-obligations,reasoning,reasoning,False,2,8,recipients,undetermined,undetermined,True,707,0.00016275,3.5997100610002235
block-0118.eal.session-9,block-0118,eal,release-three-obligations,reasoning,reasoning,False,2,9,recipients,undetermined,undetermined,True,685,0.00015395000000000003,3.204351468000368
block-0118.eal.session-10,block-0118,eal,release-three-obligations,reasoning,reasoning,False,2,10,recipients,not_ready,not_ready,True,735,0.00017465000000000004,3.539627121000194
block-0118.ordinary.session-0,block-0118,ordinary,release-three-obligations,reasoning,reasoning,False,2,0,initial,ready,ready,True,2111,0.00019339999999999998,2.6866029560001152
block-0118.ordinary.session-1,block-0118,ordinary,release-three-obligations,reasoning,reasoning,False,2,1,recipients,ready,ready,True,935,0.00015315,2.3643554590003077
block-0118.ordinary.session-2,block-0118,ordinary,release-three-obligations,reasoning,reasoning,False,2,2,recipients,not_ready,ready,False,847,0.0001162,1.9385010539999712
block-0118.ordinary.session-3,block-0118,ordinary,release-three-obligations,reasoning,reasoning,False,2,3,recipients,not_ready,ready,False,839,0.00012175,2.000160140000389
block-0118.ordinary.session-4,block-0118,ordinary,release-three-obligations,reasoning,reasoning,False,2,4,recipients,undetermined,ready,False,899,0.00014435,2.9674917259999347
block-0118.ordinary.session-5,block-0118,ordinary,release-three-obligations,reasoning,reasoning,False,2,5,recipients,undetermined,ready,False,894,0.00014060000000000003,3.0361440070000754
block-0118.ordinary.session-6,block-0118,ordinary,release-three-obligations,reasoning,reasoning,False,2,6,recipients,ready,ready,True,824,0.00011330000000000002,2.012516426000275
block-0118.ordinary.session-7,block-0118,ordinary,release-three-obligations,reasoning,reasoning,False,2,7,recipients,ready,ready,True,851,0.00012340000000000002,1.8369099400001687
block-0118.ordinary.session-8,block-0118,ordinary,release-three-obligations,reasoning,reasoning,False,2,8,recipients,undetermined,ready,False,873,0.00012555000000000002,2.0596641269999054
block-0118.ordinary.session-9,block-0118,ordinary,release-three-obligations,reasoning,reasoning,False,2,9,recipients,undetermined,ready,False,847,0.0001204,1.8758476879997943
block-0118.ordinary.session-10,block-0118,ordinary,release-three-obligations,reasoning,reasoning,False,2,10,recipients,not_ready,ready,False,856,0.00011805000000000001,1.9432491630000186
block-0119.ordinary.session-0,block-0119,ordinary,database-alternative-read-routes,plain,plain,True,0,0,initial,ready,ready,True,2109,0.0002409,1.9039730060003421
block-0119.ordinary.session-1,block-0119,ordinary,database-alternative-read-routes,plain,plain,True,0,1,recipients,ready,ready,True,2312,0.00026510000000000005,1.4604004959996928
block-0119.ordinary.session-2,block-0119,ordinary,database-alternative-read-routes,plain,plain,True,0,2,recipients,ready,ready,True,2524,0.00028900000000000003,2.6307628729996395
block-0119.ordinary.session-3,block-0119,ordinary,database-alternative-read-routes,plain,plain,True,0,3,recipients,ready,ready,True,2543,0.00029,1.8798436970000694
block-0119.ordinary.session-4,block-0119,ordinary,database-alternative-read-routes,plain,plain,True,0,4,recipients,not_ready,not_ready,True,2645,0.0002966,1.6742511489997014
block-0119.ordinary.session-5,block-0119,ordinary,database-alternative-read-routes,plain,plain,True,0,5,recipients,not_ready,not_ready,True,2623,0.000295,1.736509262999789
block-0119.ordinary.session-6,block-0119,ordinary,database-alternative-read-routes,plain,plain,True,0,6,recipients,undetermined,not_ready,False,2500,0.00028240000000000003,2.0775375109997185
block-0119.ordinary.session-7,block-0119,ordinary,database-alternative-read-routes,plain,plain,True,0,7,recipients,undetermined,not_ready,False,2498,0.00028220000000000003,2.4837077770002907
block-0119.ordinary.session-8,block-0119,ordinary,database-alternative-read-routes,plain,plain,True,0,8,recipients,ready,not_ready,False,2662,0.00029350000000000003,1.6296445420002783
block-0119.ordinary.session-9,block-0119,ordinary,database-alternative-read-routes,plain,plain,True,0,9,recipients,ready,not_ready,False,2640,0.0002949,2.174753798999973
block-0119.ordinary.session-10,block-0119,ordinary,database-alternative-read-routes,plain,plain,True,0,10,recipients,undetermined,not_ready,False,2650,0.00029140000000000004,2.336427306999667
block-0119.eal.session-0,block-0119,eal,database-alternative-read-routes,plain,plain,True,0,0,initial,ready,ready,True,1552,0.0001759,1.8845404849998886
block-0119.eal.session-1,block-0119,eal,database-alternative-read-routes,plain,plain,True,0,1,recipients,ready,ready,True,1566,0.00018150000000000002,2.5630561240000134
block-0119.eal.session-2,block-0119,eal,database-alternative-read-routes,plain,plain,True,0,2,recipients,ready,ready,True,1737,0.00019559999999999998,2.100833483000315
block-0119.eal.session-3,block-0119,eal,database-alternative-read-routes,plain,plain,True,0,3,recipients,ready,not_ready,False,1760,0.00020480000000000004,2.1818636029997833
block-0119.eal.session-4,block-0119,eal,database-alternative-read-routes,plain,plain,True,0,4,recipients,not_ready,not_ready,True,1902,0.00022380000000000002,2.701989585999854
block-0119.eal.session-5,block-0119,eal,database-alternative-read-routes,plain,plain,True,0,5,recipients,not_ready,not_ready,True,1869,0.00021060000000000002,2.3056436749998284
block-0119.eal.session-6,block-0119,eal,database-alternative-read-routes,plain,plain,True,0,6,recipients,undetermined,undetermined,True,1747,0.0001984,2.124701762999848
block-0119.eal.session-7,block-0119,eal,database-alternative-read-routes,plain,plain,True,0,7,recipients,undetermined,undetermined,True,1780,0.00021160000000000002,3.0126456599996345
block-0119.eal.session-8,block-0119,eal,database-alternative-read-routes,plain,plain,True,0,8,recipients,ready,ready,True,1899,0.00020669999999999998,2.3211316970000553
block-0119.eal.session-9,block-0119,eal,database-alternative-read-routes,plain,plain,True,0,9,recipients,ready,ready,True,1902,0.0002079,2.194083976999991
block-0119.eal.session-10,block-0119,eal,database-alternative-read-routes,plain,plain,True,0,10,recipients,undetermined,undetermined,True,1962,0.0002298,2.716174120999767
block-0120.eal.session-0,block-0120,eal,dispatch-direct-or-tunnel,reasoning,plain,True,1,0,initial,ready,ready,True,1118,0.00028165,5.305124932999661
block-0120.eal.session-1,block-0120,eal,dispatch-direct-or-tunnel,reasoning,plain,True,1,1,recipients,ready,ready,True,1535,0.000173,2.6441352720003124
block-0120.eal.session-2,block-0120,eal,dispatch-direct-or-tunnel,reasoning,plain,True,1,2,recipients,not_ready,not_ready,True,1603,0.00018160000000000002,2.1565297580000333
block-0120.eal.session-3,block-0120,eal,dispatch-direct-or-tunnel,reasoning,plain,True,1,3,recipients,not_ready,not_ready,True,1622,0.00018920000000000002,2.4217303159998664
block-0120.eal.session-4,block-0120,eal,dispatch-direct-or-tunnel,reasoning,plain,True,1,4,recipients,ready,ready,True,1659,0.00018630000000000003,2.4835188799997923
block-0120.eal.session-5,block-0120,eal,dispatch-direct-or-tunnel,reasoning,plain,True,1,5,recipients,ready,ready,True,1670,0.0001907,2.5621749420001834
block-0120.eal.session-6,block-0120,eal,dispatch-direct-or-tunnel,reasoning,plain,True,1,6,recipients,undetermined,undetermined,True,1799,0.00020360000000000002,3.357788914000139
block-0120.eal.session-7,block-0120,eal,dispatch-direct-or-tunnel,reasoning,plain,True,1,7,recipients,undetermined,not_ready,False,1799,0.00020360000000000002,2.658411256999898
block-0120.eal.session-8,block-0120,eal,dispatch-direct-or-tunnel,reasoning,plain,True,1,8,recipients,ready,not_ready,False,1983,0.0002241,2.4223005819999344
block-0120.eal.session-9,block-0120,eal,dispatch-direct-or-tunnel,reasoning,plain,True,1,9,recipients,ready,not_ready,False,1981,0.00022330000000000003,2.7160558630002924
block-0120.eal.session-10,block-0120,eal,dispatch-direct-or-tunnel,reasoning,plain,True,1,10,recipients,undetermined,undetermined,True,2022,0.00023760000000000003,3.0945491389998097
block-0120.ordinary.session-0,block-0120,ordinary,dispatch-direct-or-tunnel,reasoning,plain,True,1,0,initial,ready,ready,True,2513,0.00024080000000000003,3.146328490000087
block-0120.ordinary.session-1,block-0120,ordinary,dispatch-direct-or-tunnel,reasoning,plain,True,1,1,recipients,ready,ready,True,864,0.0001131,1.4446285249996436
block-0120.ordinary.session-2,block-0120,ordinary,dispatch-direct-or-tunnel,reasoning,plain,True,1,2,recipients,not_ready,ready,False,2313,0.00025800000000000004,1.9789055169999301
block-0120.ordinary.session-3,block-0120,ordinary,dispatch-direct-or-tunnel,reasoning,plain,True,1,3,recipients,not_ready,ready,False,807,0.00010410000000000001,1.237359263000144
block-0120.ordinary.session-4,block-0120,ordinary,dispatch-direct-or-tunnel,reasoning,plain,True,1,4,recipients,ready,ready,True,810,0.00010530000000000001,1.1142028439999194
block-0120.ordinary.session-5,block-0120,ordinary,dispatch-direct-or-tunnel,reasoning,plain,True,1,5,recipients,ready,ready,True,813,0.00010559999999999999,1.3244977700001073
block-0120.ordinary.session-6,block-0120,ordinary,dispatch-direct-or-tunnel,reasoning,plain,True,1,6,recipients,undetermined,ready,False,820,0.0001084,1.4647638940000434
block-0120.ordinary.session-7,block-0120,ordinary,dispatch-direct-or-tunnel,reasoning,plain,True,1,7,recipients,undetermined,not_ready,False,2530,0.0002902,2.5207170089997817
block-0120.ordinary.session-8,block-0120,ordinary,dispatch-direct-or-tunnel,reasoning,plain,True,1,8,recipients,ready,not_ready,False,2760,0.0003123,1.928488434999963
block-0120.ordinary.session-9,block-0120,ordinary,dispatch-direct-or-tunnel,reasoning,plain,True,1,9,recipients,ready,not_ready,False,2752,0.0003109000000000001,2.2155642709999483
block-0120.ordinary.session-10,block-0120,ordinary,dispatch-direct-or-tunnel,reasoning,plain,True,1,10,recipients,undetermined,not_ready,False,849,0.00011190000000000001,1.5934590630004095
block-0121.ordinary.session-0,block-0121,ordinary,firmware-selective-applicability,reasoning,plain,True,1,0,initial,ready,ready,True,2305,0.00022725000000000002,3.1954020860002856
block-0121.ordinary.session-1,block-0121,ordinary,firmware-selective-applicability,reasoning,plain,True,1,1,recipients,ready,ready,True,872,0.00011360000000000001,1.5617811160000201
block-0121.ordinary.session-2,block-0121,ordinary,firmware-selective-applicability,reasoning,plain,True,1,2,recipients,undetermined,ready,False,747,9.960000000000001e-05,2.0580189259999315
block-0121.ordinary.session-3,block-0121,ordinary,firmware-selective-applicability,reasoning,plain,True,1,3,recipients,undetermined,ready,False,2043,0.00022830000000000002,2.014255947000038
block-0121.ordinary.session-4,block-0121,ordinary,firmware-selective-applicability,reasoning,plain,True,1,4,recipients,not_ready,not_ready,True,2117,0.00024020000000000004,2.234812049000084
block-0121.ordinary.session-5,block-0121,ordinary,firmware-selective-applicability,reasoning,plain,True,1,5,recipients,not_ready,not_ready,True,2143,0.00024160000000000002,2.4701489449998917
block-0121.ordinary.session-6,block-0121,ordinary,firmware-selective-applicability,reasoning,plain,True,1,6,recipients,ready,not_ready,False,2355,0.00027690000000000006,2.2626827680001043
block-0121.ordinary.session-7,block-0121,ordinary,firmware-selective-applicability,reasoning,plain,True,1,7,recipients,ready,not_ready,False,2458,0.00028990000000000005,3.0998572799999238
block-0121.ordinary.session-8,block-0121,ordinary,firmware-selective-applicability,reasoning,plain,True,1,8,recipients,undetermined,not_ready,False,2450,0.0002813,2.2388024920001044
block-0121.ordinary.session-9,block-0121,ordinary,firmware-selective-applicability,reasoning,plain,True,1,9,recipients,undetermined,not_ready,False,2418,0.0002841,3.45497061199967
block-0121.ordinary.session-10,block-0121,ordinary,firmware-selective-applicability,reasoning,plain,True,1,10,recipients,ready,not_ready,False,826,0.00011860000000000001,2.2875030200002584
block-0121.eal.session-0,block-0121,eal,firmware-selective-applicability,reasoning,plain,True,1,0,initial,ready,ready,True,756,0.00012984999999999998,2.6795903850002105
block-0121.eal.session-1,block-0121,eal,firmware-selective-applicability,reasoning,plain,True,1,1,recipients,ready,ready,True,1525,0.0001687,2.385264621999795
block-0121.eal.session-2,block-0121,eal,firmware-selective-applicability,reasoning,plain,True,1,2,recipients,undetermined,undetermined,True,1597,0.0001957,3.786091904999921
block-0121.eal.session-3,block-0121,eal,firmware-selective-applicability,reasoning,plain,True,1,3,recipients,undetermined,not_ready,False,1570,0.00018490000000000002,2.662270943000294
block-0121.eal.session-4,block-0121,eal,firmware-selective-applicability,reasoning,plain,True,1,4,recipients,not_ready,not_ready,True,1648,0.0001912,3.2853728400000364
block-0121.eal.session-5,block-0121,eal,firmware-selective-applicability,reasoning,plain,True,1,5,recipients,not_ready,not_ready,True,1633,0.0001852,2.229906309999933
block-0121.eal.session-6,block-0121,eal,firmware-selective-applicability,reasoning,plain,True,1,6,recipients,ready,ready,True,1780,0.0001927,1.8103634929998407
block-0121.eal.session-7,block-0121,eal,firmware-selective-applicability,reasoning,plain,True,1,7,recipients,ready,ready,True,1783,0.00019390000000000002,2.163288102000024
block-0121.eal.session-8,block-0121,eal,firmware-selective-applicability,reasoning,plain,True,1,8,recipients,undetermined,undetermined,True,1837,0.0002137,2.5314119549998395
block-0121.eal.session-9,block-0121,eal,firmware-selective-applicability,reasoning,plain,True,1,9,recipients,undetermined,not_ready,False,1841,0.00021530000000000003,2.4814757660001305
block-0121.eal.session-10,block-0121,eal,firmware-selective-applicability,reasoning,plain,True,1,10,recipients,ready,ready,True,1947,0.00020730000000000002,2.375163805000284
block-0122.ordinary.session-0,block-0122,ordinary,release-three-obligations,plain,reasoning,False,3,0,initial,ready,ready,True,1720,0.00019480000000000002,1.466569445999994
block-0122.ordinary.session-1,block-0122,ordinary,release-three-obligations,plain,reasoning,False,3,1,recipients,ready,ready,True,852,0.0001371,2.349959588999809
block-0122.ordinary.session-2,block-0122,ordinary,release-three-obligations,plain,reasoning,False,3,2,recipients,not_ready,ready,False,836,0.00011705,2.1830948730003
block-0122.ordinary.session-3,block-0122,ordinary,release-three-obligations,plain,reasoning,False,3,3,recipients,not_ready,ready,False,803,0.00010910000000000001,1.9347077269999318
block-0122.ordinary.session-4,block-0122,ordinary,release-three-obligations,plain,reasoning,False,3,4,recipients,undetermined,ready,False,858,0.00012935000000000003,2.075531729999966
block-0122.ordinary.session-5,block-0122,ordinary,release-three-obligations,plain,reasoning,False,3,5,recipients,undetermined,ready,False,809,0.0001101,1.8430666210001618
block-0122.ordinary.session-6,block-0122,ordinary,release-three-obligations,plain,reasoning,False,3,6,recipients,ready,ready,True,843,0.00012195,2.1662830649997886
block-0122.ordinary.session-7,block-0122,ordinary,release-three-obligations,plain,reasoning,False,3,7,recipients,ready,ready,True,833,0.00011935000000000001,1.923899695000273
block-0122.ordinary.session-8,block-0122,ordinary,release-three-obligations,plain,reasoning,False,3,8,recipients,undetermined,ready,False,880,0.00013920000000000002,2.4020409529998688
block-0122.ordinary.session-9,block-0122,ordinary,release-three-obligations,plain,reasoning,False,3,9,recipients,undetermined,ready,False,1052,0.00020135,3.0341379770002277
block-0122.ordinary.session-10,block-0122,ordinary,release-three-obligations,plain,reasoning,False,3,10,recipients,not_ready,ready,False,942,0.0001577,2.9300369470001897
block-0122.eal.session-0,block-0122,eal,release-three-obligations,plain,reasoning,False,3,0,initial,ready,ready,True,1352,0.00015140000000000002,2.500974864
block-0122.eal.session-1,block-0122,eal,release-three-obligations,plain,reasoning,False,3,1,recipients,ready,ready,True,728,0.0001722,3.8902153120002367
block-0122.eal.session-2,block-0122,eal,release-three-obligations,plain,reasoning,False,3,2,recipients,not_ready,not_ready,True,615,0.00012665000000000002,2.543115557999954
block-0122.eal.session-3,block-0122,eal,release-three-obligations,plain,reasoning,False,3,3,recipients,not_ready,not_ready,True,614,0.00012625,3.1284029739999824
block-0122.eal.session-4,block-0122,eal,release-three-obligations,plain,reasoning,False,3,4,recipients,undetermined,undetermined,True,768,0.00018715,3.8901918759997898
block-0122.eal.session-5,block-0122,eal,release-three-obligations,plain,reasoning,False,3,5,recipients,undetermined,undetermined,True,670,0.00014795000000000002,2.9449839620001512
block-0122.eal.session-6,block-0122,eal,release-three-obligations,plain,reasoning,False,3,6,recipients,ready,ready,True,649,0.00014060000000000003,3.4788864000001922
block-0122.eal.session-7,block-0122,eal,release-three-obligations,plain,reasoning,False,3,7,recipients,ready,ready,True,607,0.0001238,2.6052417949999835
block-0122.eal.session-8,block-0122,eal,release-three-obligations,plain,reasoning,False,3,8,recipients,undetermined,undetermined,True,722,0.00016875,4.219774285000312
block-0122.eal.session-9,block-0122,eal,release-three-obligations,plain,reasoning,False,3,9,recipients,undetermined,undetermined,True,662,0.00014475,2.7826756950003073
block-0122.eal.session-10,block-0122,eal,release-three-obligations,plain,reasoning,False,3,10,recipients,not_ready,not_ready,True,602,0.00012145,2.639536431000124
block-0123.ordinary.session-0,block-0123,ordinary,release-three-obligations,plain,reasoning,True,1,0,initial,ready,ready,True,1729,0.0001984,2.09595279999985
block-0123.ordinary.session-1,block-0123,ordinary,release-three-obligations,plain,reasoning,True,1,1,recipients,ready,ready,True,1033,0.00016855,2.438784381000005
block-0123.ordinary.session-2,block-0123,ordinary,release-three-obligations,plain,reasoning,True,1,2,recipients,not_ready,ready,False,1307,0.00026065,4.081296975999976
block-0123.ordinary.session-3,block-0123,ordinary,release-three-obligations,plain,reasoning,True,1,3,recipients,not_ready,ready,False,927,0.00010795000000000002,1.7825543959997958
block-0123.ordinary.session-4,block-0123,ordinary,release-three-obligations,plain,reasoning,True,1,4,recipients,undetermined,ready,False,985,0.00014375,2.24409996400027
block-0123.ordinary.session-5,block-0123,ordinary,release-three-obligations,plain,reasoning,True,1,5,recipients,undetermined,ready,False,1019,0.00015315,2.3814945199997055
block-0123.ordinary.session-6,block-0123,ordinary,release-three-obligations,plain,reasoning,True,1,6,recipients,ready,ready,True,1034,0.00015810000000000002,2.300309671999912
block-0123.ordinary.session-7,block-0123,ordinary,release-three-obligations,plain,reasoning,True,1,7,recipients,ready,ready,True,1075,0.000164,2.5265077060003023
block-0123.ordinary.session-8,block-0123,ordinary,release-three-obligations,plain,reasoning,True,1,8,recipients,undetermined,ready,False,1221,0.00022030000000000002,3.579621486999713
block-0123.ordinary.session-9,block-0123,ordinary,release-three-obligations,plain,reasoning,True,1,9,recipients,undetermined,ready,False,1201,0.00021335000000000004,3.2327662749999035
block-0123.ordinary.session-10,block-0123,ordinary,release-three-obligations,plain,reasoning,True,1,10,recipients,not_ready,ready,False,1060,0.0001559,2.3577183390002574
block-0123.eal.session-0,block-0123,eal,release-three-obligations,plain,reasoning,True,1,0,initial,ready,ready,True,1360,0.00015460000000000002,2.7428087960001903
block-0123.eal.session-1,block-0123,eal,release-three-obligations,plain,reasoning,True,1,1,recipients,ready,ready,True,734,0.00013680000000000002,2.6261998680001852
block-0123.eal.session-2,block-0123,eal,release-three-obligations,plain,reasoning,True,1,2,recipients,not_ready,not_ready,True,683,0.00011605000000000002,4.52913801800014
block-0123.eal.session-3,block-0123,eal,release-three-obligations,plain,reasoning,True,1,3,recipients,not_ready,not_ready,True,840,0.00017885,3.390448183999979
block-0123.eal.session-4,block-0123,eal,release-three-obligations,plain,reasoning,True,1,4,recipients,undetermined,undetermined,True,836,0.00017655,3.93086266399996
block-0123.eal.session-5,block-0123,eal,release-three-obligations,plain,reasoning,True,1,5,recipients,undetermined,undetermined,True,749,0.00014175,2.669997075000083
block-0123.eal.session-6,block-0123,eal,release-three-obligations,plain,reasoning,True,1,6,recipients,ready,ready,True,671,0.0001116,2.376225830000294
block-0123.eal.session-7,block-0123,eal,release-three-obligations,plain,reasoning,True,1,7,recipients,ready,ready,True,780,0.0001552,2.8173714250001467
block-0123.eal.session-8,block-0123,eal,release-three-obligations,plain,reasoning,True,1,8,recipients,undetermined,undetermined,True,734,0.00013575,2.544969587000196
block-0123.eal.session-9,block-0123,eal,release-three-obligations,plain,reasoning,True,1,9,recipients,undetermined,undetermined,True,868,0.00018935000000000002,3.0879082359997483
block-0123.eal.session-10,block-0123,eal,release-three-obligations,plain,reasoning,True,1,10,recipients,not_ready,not_ready,True,783,0.00015605,2.9654762199998004
block-0124.eal.session-0,block-0124,eal,firmware-selective-applicability,reasoning,reasoning,True,2,0,initial,ready,ready,True,750,0.00012745,2.6535198460001084
block-0124.eal.session-1,block-0124,eal,firmware-selective-applicability,reasoning,reasoning,True,2,1,recipients,ready,ready,True,802,0.00014825,2.7077247610000086
block-0124.eal.session-2,block-0124,eal,firmware-selective-applicability,reasoning,reasoning,True,2,2,recipients,undetermined,undetermined,True,713,0.0001116,2.7349628729998585
block-0124.eal.session-3,block-0124,eal,firmware-selective-applicability,reasoning,reasoning,True,2,3,recipients,undetermined,undetermined,True,829,0.00015800000000000002,2.791441612000199
block-0124.eal.session-4,block-0124,eal,firmware-selective-applicability,reasoning,reasoning,True,2,4,recipients,not_ready,not_ready,True,716,0.00011350000000000001,2.1953330780002034
block-0124.eal.session-5,block-0124,eal,firmware-selective-applicability,reasoning,reasoning,True,2,5,recipients,not_ready,not_ready,True,2412,0.00027985,4.515739664000193
block-0124.eal.session-6,block-0124,eal,firmware-selective-applicability,reasoning,reasoning,True,2,6,recipients,ready,ready,True,804,0.00014905000000000002,2.857088795999971
block-0124.eal.session-7,block-0124,eal,firmware-selective-applicability,reasoning,reasoning,True,2,7,recipients,ready,ready,True,913,0.00019265,3.1790919039999608
block-0124.eal.session-8,block-0124,eal,firmware-selective-applicability,reasoning,reasoning,True,2,8,recipients,undetermined,undetermined,True,795,0.0001444,2.808752467999966
block-0124.eal.session-9,block-0124,eal,firmware-selective-applicability,reasoning,reasoning,True,2,9,recipients,undetermined,undetermined,True,822,0.0001552,2.873497608999969
block-0124.eal.session-10,block-0124,eal,firmware-selective-applicability,reasoning,reasoning,True,2,10,recipients,ready,ready,True,796,0.00014585,2.9721936189998814
block-0124.ordinary.session-0,block-0124,ordinary,firmware-selective-applicability,reasoning,reasoning,True,2,0,initial,ready,ready,True,2319,0.00023145000000000004,3.6534762920000503
block-0124.ordinary.session-1,block-0124,ordinary,firmware-selective-applicability,reasoning,reasoning,True,2,1,recipients,ready,ready,True,2714,0.00024700000000000004,2.9317668949997824
block-0124.ordinary.session-2,block-0124,ordinary,firmware-selective-applicability,reasoning,reasoning,True,2,2,recipients,undetermined,undetermined,True,2807,0.00029470000000000006,4.1641938069997195
block-0124.ordinary.session-3,block-0124,ordinary,firmware-selective-applicability,reasoning,reasoning,True,2,3,recipients,undetermined,undetermined,True,1350,0.0002635,3.6121016949996374
block-0124.ordinary.session-4,block-0124,ordinary,firmware-selective-applicability,reasoning,reasoning,True,2,4,recipients,not_ready,not_ready,True,3681,0.0005764,11.085848396000074
block-0124.ordinary.session-5,block-0124,ordinary,firmware-selective-applicability,reasoning,reasoning,True,2,5,recipients,not_ready,not_ready,True,1190,0.0001967,2.8522670629999993
block-0124.ordinary.session-6,block-0124,ordinary,firmware-selective-applicability,reasoning,reasoning,True,2,6,recipients,ready,not_ready,False,1060,0.00014960000000000003,2.179463043999931
block-0124.ordinary.session-7,block-0124,ordinary,firmware-selective-applicability,reasoning,reasoning,True,2,7,recipients,ready,not_ready,False,1104,0.00016230000000000001,2.2747238619999735
block-0124.ordinary.session-8,block-0124,ordinary,firmware-selective-applicability,reasoning,reasoning,True,2,8,recipients,undetermined,undetermined,True,1562,0.00034865000000000004,5.09695144699981
block-0124.ordinary.session-9,block-0124,ordinary,firmware-selective-applicability,reasoning,reasoning,True,2,9,recipients,undetermined,undetermined,True,3839,0.0006140500000000001,8.139841313000034
block-0124.ordinary.session-10,block-0124,ordinary,firmware-selective-applicability,reasoning,reasoning,True,2,10,recipients,ready,undetermined,False,1201,0.00016505,2.320486192000317
block-0125.eal.session-0,block-0125,eal,firmware-selective-applicability,plain,reasoning,False,3,0,initial,ready,ready,True,1528,0.0001699,2.5798314290000235
block-0125.eal.session-1,block-0125,eal,firmware-selective-applicability,plain,reasoning,False,3,1,recipients,ready,ready,True,713,0.00015045000000000002,2.668567064000399
block-0125.eal.session-2,block-0125,eal,firmware-selective-applicability,plain,reasoning,False,3,2,recipients,undetermined,undetermined,True,689,0.0001398,2.771788208000089
block-0125.eal.session-3,block-0125,eal,firmware-selective-applicability,plain,reasoning,False,3,3,recipients,undetermined,undetermined,True,778,0.0001754,3.3211729090003246
block-0125.eal.session-4,block-0125,eal,firmware-selective-applicability,plain,reasoning,False,3,4,recipients,not_ready,not_ready,True,717,0.00015170000000000003,4.136111544999949
block-0125.eal.session-5,block-0125,eal,firmware-selective-applicability,plain,reasoning,False,3,5,recipients,not_ready,not_ready,True,613,0.0001101,2.501520554000308
block-0125.eal.session-6,block-0125,eal,firmware-selective-applicability,plain,reasoning,False,3,6,recipients,ready,ready,True,725,0.00015525,3.1375986729999568
block-0125.eal.session-7,block-0125,eal,firmware-selective-applicability,plain,reasoning,False,3,7,recipients,ready,ready,True,682,0.00013805000000000002,2.646206772000369
block-0125.eal.session-8,block-0125,eal,firmware-selective-applicability,plain,reasoning,False,3,8,recipients,undetermined,undetermined,True,670,0.00013220000000000001,3.821724244000052
block-0125.eal.session-9,block-0125,eal,firmware-selective-applicability,plain,reasoning,False,3,9,recipients,undetermined,undetermined,True,685,0.00013820000000000003,3.494636136000281
block-0125.eal.session-10,block-0125,eal,firmware-selective-applicability,plain,reasoning,False,3,10,recipients,ready,ready,True,690,0.00014125,3.286220604000391
block-0125.ordinary.session-0,block-0125,ordinary,firmware-selective-applicability,plain,reasoning,False,3,0,initial,ready,ready,True,1878,0.0002145,1.8698269179999443
block-0125.ordinary.session-1,block-0125,ordinary,firmware-selective-applicability,plain,reasoning,False,3,1,recipients,ready,ready,True,1007,0.00018370000000000002,3.7143094590001056
block-0125.ordinary.session-2,block-0125,ordinary,firmware-selective-applicability,plain,reasoning,False,3,2,recipients,undetermined,ready,False,1176,0.0002191,3.617761488999804
block-0125.ordinary.session-3,block-0125,ordinary,firmware-selective-applicability,plain,reasoning,False,3,3,recipients,undetermined,ready,False,1219,0.00025415,4.0684963839999
block-0125.ordinary.session-4,block-0125,ordinary,firmware-selective-applicability,plain,reasoning,False,3,4,recipients,not_ready,undetermined,False,1248,0.0002535,4.837451480000254
block-0125.ordinary.session-5,block-0125,ordinary,firmware-selective-applicability,plain,reasoning,False,3,5,recipients,not_ready,undetermined,False,970,0.00013495000000000003,1.8961740779996035
block-0125.ordinary.session-6,block-0125,ordinary,firmware-selective-applicability,plain,reasoning,False,3,6,recipients,ready,undetermined,False,996,0.00016460000000000002,2.697975305
block-0125.ordinary.session-7,block-0125,ordinary,firmware-selective-applicability,plain,reasoning,False,3,7,recipients,ready,undetermined,False,962,0.00015975,2.8284728439998617
block-0125.ordinary.session-8,block-0125,ordinary,firmware-selective-applicability,plain,reasoning,False,3,8,recipients,undetermined,undetermined,True,1067,0.00018845000000000003,3.5405612810000093
block-0125.ordinary.session-9,block-0125,ordinary,firmware-selective-applicability,plain,reasoning,False,3,9,recipients,undetermined,undetermined,True,1057,0.00017185,3.2968068889999813
block-0125.ordinary.session-10,block-0125,ordinary,firmware-selective-applicability,plain,reasoning,False,3,10,recipients,ready,undetermined,False,1098,0.00019070000000000003,3.1121301220000532
block-0126.eal.session-0,block-0126,eal,database-alternative-read-routes,reasoning,plain,True,2,0,initial,ready,ready,True,825,0.00016270000000000002,3.201250745999914
block-0126.eal.session-1,block-0126,eal,database-alternative-read-routes,reasoning,plain,True,2,1,recipients,ready,ready,True,1569,0.0001827,2.352327757000239
block-0126.eal.session-2,block-0126,eal,database-alternative-read-routes,reasoning,plain,True,2,2,recipients,ready,ready,True,1756,0.0002032,2.7953555750000305
block-0126.eal.session-3,block-0126,eal,database-alternative-read-routes,reasoning,plain,True,2,3,recipients,ready,ready,True,1755,0.00020280000000000005,2.875230153999837
block-0126.eal.session-4,block-0126,eal,database-alternative-read-routes,reasoning,plain,True,2,4,recipients,not_ready,not_ready,True,1876,0.00021339999999999998,3.054502870000306
block-0126.eal.session-5,block-0126,eal,database-alternative-read-routes,reasoning,plain,True,2,5,recipients,not_ready,not_ready,True,1881,0.00021539999999999998,2.2706242719996226
block-0126.eal.session-6,block-0126,eal,database-alternative-read-routes,reasoning,plain,True,2,6,recipients,undetermined,undetermined,True,1760,0.0002036,2.4741700869999477
block-0126.eal.session-7,block-0126,eal,database-alternative-read-routes,reasoning,plain,True,2,7,recipients,undetermined,undetermined,True,1754,0.00020119999999999998,2.041356722999808
block-0126.eal.session-8,block-0126,eal,database-alternative-read-routes,reasoning,plain,True,2,8,recipients,ready,ready,True,459,6.42e-05,1.6225289849999172
block-0126.eal.session-9,block-0126,eal,database-alternative-read-routes,reasoning,plain,True,2,9,recipients,ready,ready,True,1953,0.00022830000000000002,2.9294191399999363
block-0126.eal.session-10,block-0126,eal,database-alternative-read-routes,reasoning,plain,True,2,10,recipients,undetermined,undetermined,True,1962,0.0002298,2.121788215000379
block-0126.ordinary.session-0,block-0126,ordinary,database-alternative-read-routes,reasoning,plain,True,2,0,initial,ready,ready,True,2554,0.00024635,3.6688269609999224
block-0126.ordinary.session-1,block-0126,ordinary,database-alternative-read-routes,reasoning,plain,True,2,1,recipients,ready,ready,True,880,0.00011860000000000002,1.3674979509996774
block-0126.ordinary.session-2,block-0126,ordinary,database-alternative-read-routes,reasoning,plain,True,2,2,recipients,ready,ready,True,2519,0.00028700000000000004,2.2568469679999907
block-0126.ordinary.session-3,block-0126,ordinary,database-alternative-read-routes,reasoning,plain,True,2,3,recipients,ready,ready,True,861,0.00011310000000000001,1.3079493980003463
block-0126.ordinary.session-4,block-0126,ordinary,database-alternative-read-routes,reasoning,plain,True,2,4,recipients,not_ready,not_ready,True,2640,0.00030540000000000005,3.208148144000006
block-0126.ordinary.session-5,block-0126,ordinary,database-alternative-read-routes,reasoning,plain,True,2,5,recipients,not_ready,not_ready,True,2716,0.00031360000000000003,2.5818539320002856
block-0126.ordinary.session-6,block-0126,ordinary,database-alternative-read-routes,reasoning,plain,True,2,6,recipients,undetermined,not_ready,False,2571,0.0002922,1.6685841489997983
block-0126.ordinary.session-7,block-0126,ordinary,database-alternative-read-routes,reasoning,plain,True,2,7,recipients,undetermined,not_ready,False,2507,0.00028040000000000004,1.8963334999998551
block-0126.ordinary.session-8,block-0126,ordinary,database-alternative-read-routes,reasoning,plain,True,2,8,recipients,ready,not_ready,False,2652,0.0002949,2.4208752589997857
block-0126.ordinary.session-9,block-0126,ordinary,database-alternative-read-routes,reasoning,plain,True,2,9,recipients,ready,ready,True,2639,0.0002897,1.8299954270000853
block-0126.ordinary.session-10,block-0126,ordinary,database-alternative-read-routes,reasoning,plain,True,2,10,recipients,undetermined,ready,False,2635,0.00029560000000000003,2.9477551939999103
block-0127.ordinary.session-0,block-0127,ordinary,database-alternative-read-routes,reasoning,reasoning,True,2,0,initial,ready,ready,True,2580,0.00025115,3.6928080400002727
block-0127.ordinary.session-1,block-0127,ordinary,database-alternative-read-routes,reasoning,reasoning,True,2,1,recipients,ready,ready,True,1186,0.0001755,2.4361486460002197
block-0127.ordinary.session-2,block-0127,ordinary,database-alternative-read-routes,reasoning,reasoning,True,2,2,recipients,ready,ready,True,1146,0.0001504,2.088553762000174
block-0127.ordinary.session-3,block-0127,ordinary,database-alternative-read-routes,reasoning,reasoning,True,2,3,recipients,ready,ready,True,1130,0.00014365,2.1715105580001364
block-0127.ordinary.session-4,block-0127,ordinary,database-alternative-read-routes,reasoning,reasoning,True,2,4,recipients,not_ready,ready,False,1139,0.0001525,2.895947468000031
block-0127.ordinary.session-5,block-0127,ordinary,database-alternative-read-routes,reasoning,reasoning,True,2,5,recipients,not_ready,undetermined,False,1800,0.00041165000000000006,5.88711182499992
block-0127.ordinary.session-6,block-0127,ordinary,database-alternative-read-routes,reasoning,reasoning,True,2,6,recipients,undetermined,undetermined,True,1217,0.00015745,2.135506367999824
block-0127.ordinary.session-7,block-0127,ordinary,database-alternative-read-routes,reasoning,reasoning,True,2,7,recipients,undetermined,undetermined,True,1120,0.00015120000000000002,2.0772055059997
block-0127.ordinary.session-8,block-0127,ordinary,database-alternative-read-routes,reasoning,reasoning,True,2,8,recipients,ready,undetermined,False,1110,0.0001444,2.071725590999904
block-0127.ordinary.session-9,block-0127,ordinary,database-alternative-read-routes,reasoning,reasoning,True,2,9,recipients,ready,undetermined,False,1080,0.00013345000000000002,1.9733295179999004
block-0127.ordinary.session-10,block-0127,ordinary,database-alternative-read-routes,reasoning,reasoning,True,2,10,recipients,undetermined,undetermined,True,1221,0.0001825,3.172776031000012
block-0127.eal.session-0,block-0127,eal,database-alternative-read-routes,reasoning,reasoning,True,2,0,initial,ready,ready,True,847,0.0001715,3.135593888999665
block-0127.eal.session-1,block-0127,eal,database-alternative-read-routes,reasoning,reasoning,True,2,1,recipients,ready,ready,True,710,0.00011670000000000002,2.165133762000096
block-0127.eal.session-2,block-0127,eal,database-alternative-read-routes,reasoning,reasoning,True,2,2,recipients,ready,ready,True,682,0.00010550000000000002,2.1660591800000475
block-0127.eal.session-3,block-0127,eal,database-alternative-read-routes,reasoning,reasoning,True,2,3,recipients,ready,ready,True,793,0.0001499,2.8149962940001387
block-0127.eal.session-4,block-0127,eal,database-alternative-read-routes,reasoning,reasoning,True,2,4,recipients,not_ready,not_ready,True,992,0.00022915000000000004,4.01693751699986
block-0127.eal.session-5,block-0127,eal,database-alternative-read-routes,reasoning,reasoning,True,2,5,recipients,not_ready,not_ready,True,902,0.00019315000000000003,3.375897979000001
block-0127.eal.session-6,block-0127,eal,database-alternative-read-routes,reasoning,reasoning,True,2,6,recipients,undetermined,undetermined,True,796,0.00015005000000000002,3.4404586239998025
block-0127.eal.session-7,block-0127,eal,database-alternative-read-routes,reasoning,reasoning,True,2,7,recipients,undetermined,ambiguous,,890,0.00018765000000000003,3.274260518000119
block-0127.eal.session-8,block-0127,eal,database-alternative-read-routes,reasoning,reasoning,True,2,8,recipients,ready,ready,True,829,0.0001643,3.194084551999822
block-0127.eal.session-9,block-0127,eal,database-alternative-read-routes,reasoning,reasoning,True,2,9,recipients,ready,ready,True,746,0.0001311,2.366594747000363
block-0127.eal.session-10,block-0127,eal,database-alternative-read-routes,reasoning,reasoning,True,2,10,recipients,undetermined,undetermined,True,789,0.00014725,2.9639902030003213
block-0128.ordinary.session-0,block-0128,ordinary,migration-multiple-version-bindings,plain,plain,False,0,0,initial,ready,ready,True,1902,0.00021810000000000002,2.8251460729998144
block-0128.ordinary.session-1,block-0128,ordinary,migration-multiple-version-bindings,plain,plain,False,0,1,recipients,ready,ready,True,751,0.0001084,1.5452220709998983
block-0128.ordinary.session-2,block-0128,ordinary,migration-multiple-version-bindings,plain,plain,False,0,2,recipients,undetermined,ready,False,779,0.00011,2.0486125590000483
block-0128.ordinary.session-3,block-0128,ordinary,migration-multiple-version-bindings,plain,plain,False,0,3,recipients,undetermined,ready,False,770,0.00010820000000000001,1.5723937580000893
block-0128.ordinary.session-4,block-0128,ordinary,migration-multiple-version-bindings,plain,plain,False,0,4,recipients,not_ready,ready,False,769,0.0001087,1.7089578879999863
block-0128.ordinary.session-5,block-0128,ordinary,migration-multiple-version-bindings,plain,plain,False,0,5,recipients,not_ready,ready,False,767,0.00010550000000000002,1.528501308000159
block-0128.ordinary.session-6,block-0128,ordinary,migration-multiple-version-bindings,plain,plain,False,0,6,recipients,ready,ready,True,756,0.0001059,2.095389566999984
block-0128.ordinary.session-7,block-0128,ordinary,migration-multiple-version-bindings,plain,plain,False,0,7,recipients,ready,ready,True,762,0.00010530000000000001,2.0061995410001146
block-0128.ordinary.session-8,block-0128,ordinary,migration-multiple-version-bindings,plain,plain,False,0,8,recipients,undetermined,ready,False,751,0.00010360000000000001,1.4339824560001944
block-0128.ordinary.session-9,block-0128,ordinary,migration-multiple-version-bindings,plain,plain,False,0,9,recipients,undetermined,ready,False,743,0.000101,1.1765339990001848
block-0128.ordinary.session-10,block-0128,ordinary,migration-multiple-version-bindings,plain,plain,False,0,10,recipients,not_ready,ready,False,793,0.0001228,2.044695896000121
block-0128.eal.session-0,block-0128,eal,migration-multiple-version-bindings,plain,plain,False,0,0,initial,ready,ready,True,1547,0.0001769,2.700691343000017
block-0128.eal.session-1,block-0128,eal,migration-multiple-version-bindings,plain,plain,False,0,1,recipients,ready,ready,True,470,7.22e-05,1.4257851600000322
block-0128.eal.session-2,block-0128,eal,migration-multiple-version-bindings,plain,plain,False,0,2,recipients,undetermined,undetermined,True,497,8.21e-05,1.956891631000417
block-0128.eal.session-3,block-0128,eal,migration-multiple-version-bindings,plain,plain,False,0,3,recipients,undetermined,undetermined,True,483,7.65e-05,1.4441769179998118
block-0128.eal.session-4,block-0128,eal,migration-multiple-version-bindings,plain,plain,False,0,4,recipients,not_ready,not_ready,True,470,7.19e-05,1.5805916279996381
block-0128.eal.session-5,block-0128,eal,migration-multiple-version-bindings,plain,plain,False,0,5,recipients,not_ready,not_ready,True,476,7.430000000000002e-05,1.7784412610003528
block-0128.eal.session-6,block-0128,eal,migration-multiple-version-bindings,plain,plain,False,0,6,recipients,ready,ready,True,467,7.1e-05,1.6612770439996893
block-0128.eal.session-7,block-0128,eal,migration-multiple-version-bindings,plain,plain,False,0,7,recipients,ready,ready,True,455,6.62e-05,1.6323406460001024
block-0128.eal.session-8,block-0128,eal,migration-multiple-version-bindings,plain,plain,False,0,8,recipients,undetermined,undetermined,True,469,7.09e-05,1.7900495130002128
block-0128.eal.session-9,block-0128,eal,migration-multiple-version-bindings,plain,plain,False,0,9,recipients,undetermined,undetermined,True,488,7.85e-05,1.4056501850000132
block-0128.eal.session-10,block-0128,eal,migration-multiple-version-bindings,plain,plain,False,0,10,recipients,not_ready,not_ready,True,474,7.35e-05,1.3935499240001263
block-0129.eal.session-0,block-0129,eal,release-three-obligations,reasoning,plain,False,0,0,initial,ready,ready,True,705,0.0001252,2.6528599769999346
block-0129.eal.session-1,block-0129,eal,release-three-obligations,reasoning,plain,False,0,1,recipients,ready,ready,True,458,8.09e-05,2.2582205440003236
block-0129.eal.session-2,block-0129,eal,release-three-obligations,reasoning,plain,False,0,2,recipients,not_ready,not_ready,True,446,7.580000000000001e-05,1.9053050719999192
block-0129.eal.session-3,block-0129,eal,release-three-obligations,reasoning,plain,False,0,3,recipients,not_ready,not_ready,True,424,6.7e-05,2.2385692580000978
block-0129.eal.session-4,block-0129,eal,release-three-obligations,reasoning,plain,False,0,4,recipients,undetermined,undetermined,True,419,6.440000000000001e-05,1.6712857669999721
block-0129.eal.session-5,block-0129,eal,release-three-obligations,reasoning,plain,False,0,5,recipients,undetermined,undetermined,True,433,7e-05,1.6191374609998093
block-0129.eal.session-6,block-0129,eal,release-three-obligations,reasoning,plain,False,0,6,recipients,ready,ready,True,426,6.809999999999999e-05,1.7100491020000845
block-0129.eal.session-7,block-0129,eal,release-three-obligations,reasoning,plain,False,0,7,recipients,ready,ready,True,411,6.21e-05,1.2640646770000785
block-0129.eal.session-8,block-0129,eal,release-three-obligations,reasoning,plain,False,0,8,recipients,undetermined,undetermined,True,421,6.52e-05,2.2365279139999075
block-0129.eal.session-9,block-0129,eal,release-three-obligations,reasoning,plain,False,0,9,recipients,undetermined,undetermined,True,426,6.720000000000001e-05,1.4509801510002944
block-0129.eal.session-10,block-0129,eal,release-three-obligations,reasoning,plain,False,0,10,recipients,not_ready,not_ready,True,463,8.26e-05,1.9000062760001128
block-0129.ordinary.session-0,block-0129,ordinary,release-three-obligations,reasoning,plain,False,0,0,initial,ready,ready,True,2128,0.000203,3.0053207539999676
block-0129.ordinary.session-1,block-0129,ordinary,release-three-obligations,reasoning,plain,False,0,1,recipients,ready,ready,True,700,8.860000000000001e-05,1.126588589000221
block-0129.ordinary.session-2,block-0129,ordinary,release-three-obligations,reasoning,plain,False,0,2,recipients,not_ready,ready,False,641,8.209999999999999e-05,0.7643449500001225
block-0129.ordinary.session-3,block-0129,ordinary,release-three-obligations,reasoning,plain,False,0,3,recipients,not_ready,ready,False,660,9.030000000000001e-05,1.0621732330000668
block-0129.ordinary.session-4,block-0129,ordinary,release-three-obligations,reasoning,plain,False,0,4,recipients,undetermined,ready,False,721,0.0001084,1.6946269820000452
block-0129.ordinary.session-5,block-0129,ordinary,release-three-obligations,reasoning,plain,False,0,5,recipients,undetermined,ready,False,747,0.00010680000000000001,1.3383260440000413
block-0129.ordinary.session-6,block-0129,ordinary,release-three-obligations,reasoning,plain,False,0,6,recipients,ready,ready,True,729,0.000102,1.2867370330000085
block-0129.ordinary.session-7,block-0129,ordinary,release-three-obligations,reasoning,plain,False,0,7,recipients,ready,ready,True,736,0.0001096,1.776616482999998
block-0129.ordinary.session-8,block-0129,ordinary,release-three-obligations,reasoning,plain,False,0,8,recipients,undetermined,ready,False,737,0.00010130000000000001,1.3579702819997692
block-0129.ordinary.session-9,block-0129,ordinary,release-three-obligations,reasoning,plain,False,0,9,recipients,undetermined,ready,False,710,0.00010070000000000001,1.6756942030001483
block-0129.ordinary.session-10,block-0129,ordinary,release-three-obligations,reasoning,plain,False,0,10,recipients,not_ready,ready,False,708,9.78e-05,1.4373265840004024
block-0130.ordinary.session-0,block-0130,ordinary,migration-multiple-version-bindings,plain,reasoning,False,2,0,initial,ready,ready,True,1892,0.00021410000000000003,2.188976632000049
block-0130.ordinary.session-1,block-0130,ordinary,migration-multiple-version-bindings,plain,reasoning,False,2,1,recipients,ready,ready,True,953,0.00016105,2.892600054000013
block-0130.ordinary.session-2,block-0130,ordinary,migration-multiple-version-bindings,plain,reasoning,False,2,2,recipients,undetermined,ready,False,989,0.00015130000000000002,2.3722569520000434
block-0130.ordinary.session-3,block-0130,ordinary,migration-multiple-version-bindings,plain,reasoning,False,2,3,recipients,undetermined,ready,False,974,0.00013480000000000002,2.224453697000172
block-0130.ordinary.session-4,block-0130,ordinary,migration-multiple-version-bindings,plain,reasoning,False,2,4,recipients,not_ready,ready,False,991,0.00014475,2.4164774819996637
block-0130.ordinary.session-5,block-0130,ordinary,migration-multiple-version-bindings,plain,reasoning,False,2,5,recipients,not_ready,ready,False,995,0.0001495,2.254085658999884
block-0130.ordinary.session-6,block-0130,ordinary,migration-multiple-version-bindings,plain,reasoning,False,2,6,recipients,ready,ready,True,1008,0.00015505,2.5548841849999917
block-0130.ordinary.session-7,block-0130,ordinary,migration-multiple-version-bindings,plain,reasoning,False,2,7,recipients,ready,ready,True,1059,0.00017755,2.9746052569998938
block-0130.ordinary.session-8,block-0130,ordinary,migration-multiple-version-bindings,plain,reasoning,False,2,8,recipients,undetermined,ready,False,1055,0.0001756,2.5132338620001065
block-0130.ordinary.session-9,block-0130,ordinary,migration-multiple-version-bindings,plain,reasoning,False,2,9,recipients,undetermined,ready,False,1007,0.00015325,2.160482182999658
block-0130.ordinary.session-10,block-0130,ordinary,migration-multiple-version-bindings,plain,reasoning,False,2,10,recipients,not_ready,ready,False,1038,0.00016495000000000002,3.2843267539997214
block-0130.eal.session-0,block-0130,eal,migration-multiple-version-bindings,plain,reasoning,False,2,0,initial,ready,ready,True,489,7.170000000000001e-05,1.4638543050000408
block-0130.eal.session-1,block-0130,eal,migration-multiple-version-bindings,plain,reasoning,False,2,1,recipients,ready,ready,True,758,0.00016845000000000003,4.026121435999812
block-0130.eal.session-2,block-0130,eal,migration-multiple-version-bindings,plain,reasoning,False,2,2,recipients,undetermined,undetermined,True,677,0.000135,2.820975275999899
block-0130.eal.session-3,block-0130,eal,migration-multiple-version-bindings,plain,reasoning,False,2,3,recipients,undetermined,undetermined,True,797,0.00018300000000000003,3.4125776199998654
block-0130.eal.session-4,block-0130,eal,migration-multiple-version-bindings,plain,reasoning,False,2,4,recipients,not_ready,not_ready,True,680,0.0001369,3.1504622789998393
block-0130.eal.session-5,block-0130,eal,migration-multiple-version-bindings,plain,reasoning,False,2,5,recipients,not_ready,not_ready,True,817,0.00019170000000000002,4.00293749299999
block-0130.eal.session-6,block-0130,eal,migration-multiple-version-bindings,plain,reasoning,False,2,6,recipients,ready,ready,True,752,0.00016605000000000002,4.589138848999937
block-0130.eal.session-7,block-0130,eal,migration-multiple-version-bindings,plain,reasoning,False,2,7,recipients,ready,ready,True,823,0.00019445,3.9224213330003295
block-0130.eal.session-8,block-0130,eal,migration-multiple-version-bindings,plain,reasoning,False,2,8,recipients,undetermined,undetermined,True,861,0.00020860000000000003,3.9186216210000566
block-0130.eal.session-9,block-0130,eal,migration-multiple-version-bindings,plain,reasoning,False,2,9,recipients,undetermined,undetermined,True,823,0.0001934,5.395791216999896
block-0130.eal.session-10,block-0130,eal,migration-multiple-version-bindings,plain,reasoning,False,2,10,recipients,not_ready,not_ready,True,670,0.0001329,3.0014982979996603
block-0131.ordinary.session-0,block-0131,ordinary,migration-cutover-obligations,plain,plain,False,0,0,initial,ready,ready,True,1776,0.0002046,2.2631112750000284
block-0131.ordinary.session-1,block-0131,ordinary,migration-cutover-obligations,plain,plain,False,0,1,recipients,ready,ready,True,721,0.00010330000000000002,1.6500490270000228
block-0131.ordinary.session-2,block-0131,ordinary,migration-cutover-obligations,plain,plain,False,0,2,recipients,not_ready,ready,False,748,0.0001063,1.4805724019997797
block-0131.ordinary.session-3,block-0131,ordinary,migration-cutover-obligations,plain,plain,False,0,3,recipients,not_ready,ready,False,746,0.00010520000000000002,2.3572384859999147
block-0131.ordinary.session-4,block-0131,ordinary,migration-cutover-obligations,plain,plain,False,0,4,recipients,undetermined,ready,False,758,0.00011090000000000001,1.4848242349999055
block-0131.ordinary.session-5,block-0131,ordinary,migration-cutover-obligations,plain,plain,False,0,5,recipients,undetermined,ready,False,758,0.00010460000000000001,1.3511353179997059
block-0131.ordinary.session-6,block-0131,ordinary,migration-cutover-obligations,plain,plain,False,0,6,recipients,ready,ready,True,725,9.95e-05,2.269048006000048
block-0131.ordinary.session-7,block-0131,ordinary,migration-cutover-obligations,plain,plain,False,0,7,recipients,ready,ready,True,724,0.0001009,1.0481705419997525
block-0131.ordinary.session-8,block-0131,ordinary,migration-cutover-obligations,plain,plain,False,0,8,recipients,not_ready,ready,False,746,0.00010820000000000001,1.7263094120003188
block-0131.ordinary.session-9,block-0131,ordinary,migration-cutover-obligations,plain,plain,False,0,9,recipients,not_ready,ready,False,784,0.00011830000000000002,1.6560790409998845
block-0131.ordinary.session-10,block-0131,ordinary,migration-cutover-obligations,plain,plain,False,0,10,recipients,ready,ready,True,754,9.82e-05,1.7434654820003743
block-0131.eal.session-0,block-0131,eal,migration-cutover-obligations,plain,plain,False,0,0,initial,ready,ready,True,1422,0.000165,2.240201312999943
block-0131.eal.session-1,block-0131,eal,migration-cutover-obligations,plain,plain,False,0,1,recipients,ready,ready,True,416,5.72e-05,1.3922519480001938
block-0131.eal.session-2,block-0131,eal,migration-cutover-obligations,plain,plain,False,0,2,recipients,not_ready,not_ready,True,451,7.09e-05,2.2381535459999213
block-0131.eal.session-3,block-0131,eal,migration-cutover-obligations,plain,plain,False,0,3,recipients,not_ready,not_ready,True,437,6.53e-05,1.6336229959997581
block-0131.eal.session-4,block-0131,eal,migration-cutover-obligations,plain,plain,False,0,4,recipients,undetermined,undetermined,True,445,6.790000000000001e-05,1.4767184390002512
block-0131.eal.session-5,block-0131,eal,migration-cutover-obligations,plain,plain,False,0,5,recipients,undetermined,undetermined,True,448,6.91e-05,1.5678434609999385
block-0131.eal.session-6,block-0131,eal,migration-cutover-obligations,plain,plain,False,0,6,recipients,ready,ready,True,421,5.92e-05,2.344660606999696
block-0131.eal.session-7,block-0131,eal,migration-cutover-obligations,plain,plain,False,0,7,recipients,ready,ready,True,426,6.12e-05,1.387053939999987
block-0131.eal.session-8,block-0131,eal,migration-cutover-obligations,plain,plain,False,0,8,recipients,not_ready,not_ready,True,460,7.45e-05,1.804081932000372
block-0131.eal.session-9,block-0131,eal,migration-cutover-obligations,plain,plain,False,0,9,recipients,not_ready,not_ready,True,447,6.930000000000002e-05,1.940725417000067
block-0131.eal.session-10,block-0131,eal,migration-cutover-obligations,plain,plain,False,0,10,recipients,ready,ready,True,426,6.12e-05,1.411720399999922
block-0132.ordinary.session-0,block-0132,ordinary,migration-cutover-obligations,plain,reasoning,False,3,0,initial,ready,ready,True,1813,0.00021940000000000002,2.42727429200022
block-0132.ordinary.session-1,block-0132,ordinary,migration-cutover-obligations,plain,reasoning,False,3,1,recipients,ready,ready,True,1100,0.00021145000000000002,4.0803453840003385
block-0132.ordinary.session-2,block-0132,ordinary,migration-cutover-obligations,plain,reasoning,False,3,2,recipients,not_ready,ready,False,1006,0.00016335,4.171303293000165
block-0132.ordinary.session-3,block-0132,ordinary,migration-cutover-obligations,plain,reasoning,False,3,3,recipients,not_ready,ready,False,1071,0.00018410000000000003,3.341703578999841
block-0132.ordinary.session-4,block-0132,ordinary,migration-cutover-obligations,plain,reasoning,False,3,4,recipients,undetermined,undetermined,True,1695,0.00043405000000000006,7.408512129999963
block-0132.ordinary.session-5,block-0132,ordinary,migration-cutover-obligations,plain,reasoning,False,3,5,recipients,undetermined,undetermined,True,1281,0.00027160000000000004,3.9711148479996154
block-0132.ordinary.session-6,block-0132,ordinary,migration-cutover-obligations,plain,reasoning,False,3,6,recipients,ready,undetermined,False,1137,0.00020350000000000004,5.151549248000265
block-0132.ordinary.session-7,block-0132,ordinary,migration-cutover-obligations,plain,reasoning,False,3,7,recipients,ready,undetermined,False,1068,0.00018535000000000003,3.7854539479999403
block-0132.ordinary.session-8,block-0132,ordinary,migration-cutover-obligations,plain,reasoning,False,3,8,recipients,not_ready,undetermined,False,1010,0.00017755,2.950121258999843
block-0132.ordinary.session-9,block-0132,ordinary,migration-cutover-obligations,plain,reasoning,False,3,9,recipients,not_ready,undetermined,False,949,0.0001325,2.0104708359999677
block-0132.ordinary.session-10,block-0132,ordinary,migration-cutover-obligations,plain,reasoning,False,3,10,recipients,ready,undetermined,False,976,0.00014715,2.5885369259999607
block-0132.eal.session-0,block-0132,eal,migration-cutover-obligations,plain,reasoning,False,3,0,initial,ready,ready,True,1447,0.000175,1.8723395609999898
block-0132.eal.session-1,block-0132,eal,migration-cutover-obligations,plain,reasoning,False,3,1,recipients,ready,ready,True,689,0.00014855,3.4704323390001264
block-0132.eal.session-2,block-0132,eal,migration-cutover-obligations,plain,reasoning,False,3,2,recipients,not_ready,not_ready,True,809,0.0001962,4.824621791000027
block-0132.eal.session-3,block-0132,eal,migration-cutover-obligations,plain,reasoning,False,3,3,recipients,not_ready,not_ready,True,844,0.0002102,4.9024815440002385
block-0132.eal.session-4,block-0132,eal,migration-cutover-obligations,plain,reasoning,False,3,4,recipients,undetermined,undetermined,True,659,0.0001355,3.5968594040000426
block-0132.eal.session-5,block-0132,eal,migration-cutover-obligations,plain,reasoning,False,3,5,recipients,undetermined,undetermined,True,749,0.00017150000000000002,3.4863780450000377
block-0132.eal.session-6,block-0132,eal,migration-cutover-obligations,plain,reasoning,False,3,6,recipients,ready,ready,True,573,0.00010215,2.5762436939999134
block-0132.eal.session-7,block-0132,eal,migration-cutover-obligations,plain,reasoning,False,3,7,recipients,ready,ready,True,667,0.00013975,3.367629203999968
block-0132.eal.session-8,block-0132,eal,migration-cutover-obligations,plain,reasoning,False,3,8,recipients,not_ready,not_ready,True,911,0.000237,29.15029228399999
block-0132.eal.session-9,block-0132,eal,migration-cutover-obligations,plain,reasoning,False,3,9,recipients,not_ready,not_ready,True,759,0.0001762,3.4137042390002534
block-0132.eal.session-10,block-0132,eal,migration-cutover-obligations,plain,reasoning,False,3,10,recipients,ready,ready,True,607,0.00011575000000000001,2.8636293570002636
block-0133.ordinary.session-0,block-0133,ordinary,database-alternative-read-routes,reasoning,plain,False,2,0,initial,ready,ready,True,2573,0.00024205,3.2126303760001065
block-0133.ordinary.session-1,block-0133,ordinary,database-alternative-read-routes,reasoning,plain,False,2,1,recipients,ready,ready,True,842,0.00011900000000000002,1.3928412499999467
block-0133.ordinary.session-2,block-0133,ordinary,database-alternative-read-routes,reasoning,plain,False,2,2,recipients,ready,ready,True,899,0.00013309999999999998,1.2391633209999782
block-0133.ordinary.session-3,block-0133,ordinary,database-alternative-read-routes,reasoning,plain,False,2,3,recipients,ready,ready,True,897,0.0001227,1.2562524270001632
block-0133.ordinary.session-4,block-0133,ordinary,database-alternative-read-routes,reasoning,plain,False,2,4,recipients,not_ready,ready,False,835,0.00010930000000000001,1.316695781999897
block-0133.ordinary.session-5,block-0133,ordinary,database-alternative-read-routes,reasoning,plain,False,2,5,recipients,not_ready,ready,False,830,0.0001145,1.2719413990002977
block-0133.ordinary.session-6,block-0133,ordinary,database-alternative-read-routes,reasoning,plain,False,2,6,recipients,undetermined,ready,False,861,0.00012120000000000002,1.2410700610003005
block-0133.ordinary.session-7,block-0133,ordinary,database-alternative-read-routes,reasoning,plain,False,2,7,recipients,undetermined,ready,False,877,0.00012340000000000002,1.562568709000061
block-0133.ordinary.session-8,block-0133,ordinary,database-alternative-read-routes,reasoning,plain,False,2,8,recipients,ready,ready,True,877,0.0001228,0.9624945129999105
block-0133.ordinary.session-9,block-0133,ordinary,database-alternative-read-routes,reasoning,plain,False,2,9,recipients,ready,ready,True,873,0.0001224,1.0676097539999319
block-0133.ordinary.session-10,block-0133,ordinary,database-alternative-read-routes,reasoning,plain,False,2,10,recipients,undetermined,ready,False,882,0.00012600000000000003,1.4290982150000673
block-0133.eal.session-0,block-0133,eal,database-alternative-read-routes,reasoning,plain,False,2,0,initial,ready,ready,True,783,0.0001459,2.796820314999877
block-0133.eal.session-1,block-0133,eal,database-alternative-read-routes,reasoning,plain,False,2,1,recipients,ready,ready,True,441,6.51e-05,1.1171654390000185
block-0133.eal.session-2,block-0133,eal,database-alternative-read-routes,reasoning,plain,False,2,2,recipients,ready,ready,True,437,6.35e-05,1.593093890000091
block-0133.eal.session-3,block-0133,eal,database-alternative-read-routes,reasoning,plain,False,2,3,recipients,ready,ready,True,459,7.230000000000001e-05,1.5068262009999671
block-0133.eal.session-4,block-0133,eal,database-alternative-read-routes,reasoning,plain,False,2,4,recipients,not_ready,not_ready,True,454,7e-05,1.4282391250003457
block-0133.eal.session-5,block-0133,eal,database-alternative-read-routes,reasoning,plain,False,2,5,recipients,not_ready,not_ready,True,484,8.2e-05,1.4949888629998895
block-0133.eal.session-6,block-0133,eal,database-alternative-read-routes,reasoning,plain,False,2,6,recipients,undetermined,undetermined,True,462,7.259999999999999e-05,1.4222913190001236
block-0133.eal.session-7,block-0133,eal,database-alternative-read-routes,reasoning,plain,False,2,7,recipients,undetermined,undetermined,True,490,8.380000000000002e-05,1.544884183999784
block-0133.eal.session-8,block-0133,eal,database-alternative-read-routes,reasoning,plain,False,2,8,recipients,ready,ready,True,434,6.230000000000001e-05,1.4404155289998926
block-0133.eal.session-9,block-0133,eal,database-alternative-read-routes,reasoning,plain,False,2,9,recipients,ready,ready,True,444,6.630000000000001e-05,1.4618896110000605
block-0133.eal.session-10,block-0133,eal,database-alternative-read-routes,reasoning,plain,False,2,10,recipients,undetermined,undetermined,True,460,7.18e-05,1.2813289230002738
block-0134.ordinary.session-0,block-0134,ordinary,database-alternative-read-routes,reasoning,reasoning,True,0,0,initial,ready,ready,True,2572,0.00025145,3.234552604000328
block-0134.ordinary.session-1,block-0134,ordinary,database-alternative-read-routes,reasoning,reasoning,True,0,1,recipients,ready,ready,True,1308,0.00021625,4.243391765000069
block-0134.ordinary.session-2,block-0134,ordinary,database-alternative-read-routes,reasoning,reasoning,True,0,2,recipients,ready,undetermined,False,1313,0.00022595000000000002,3.1130882669999664
block-0134.ordinary.session-3,block-0134,ordinary,database-alternative-read-routes,reasoning,reasoning,True,0,3,recipients,ready,undetermined,False,1226,0.00017680000000000001,2.5071373190003214
block-0134.ordinary.session-4,block-0134,ordinary,database-alternative-read-routes,reasoning,reasoning,True,0,4,recipients,not_ready,undetermined,False,1115,0.00014010000000000002,1.9810936280000533
block-0134.ordinary.session-5,block-0134,ordinary,database-alternative-read-routes,reasoning,reasoning,True,0,5,recipients,not_ready,undetermined,False,1178,0.0001611,3.4860990420002054
block-0134.ordinary.session-6,block-0134,ordinary,database-alternative-read-routes,reasoning,reasoning,True,0,6,recipients,undetermined,undetermined,True,1148,0.00015225,2.098595660999763
block-0134.ordinary.session-7,block-0134,ordinary,database-alternative-read-routes,reasoning,reasoning,True,0,7,recipients,undetermined,undetermined,True,1188,0.00016475,2.212287603999812
block-0134.ordinary.session-8,block-0134,ordinary,database-alternative-read-routes,reasoning,reasoning,True,0,8,recipients,ready,undetermined,False,1150,0.00015025,2.0365346590001536
block-0134.ordinary.session-9,block-0134,ordinary,database-alternative-read-routes,reasoning,reasoning,True,0,9,recipients,ready,undetermined,False,1125,0.0001483,2.0111393120000685
block-0134.ordinary.session-10,block-0134,ordinary,database-alternative-read-routes,reasoning,reasoning,True,0,10,recipients,undetermined,undetermined,True,1121,0.00014285000000000003,2.1473246700002164
block-0134.eal.session-0,block-0134,eal,database-alternative-read-routes,reasoning,reasoning,True,0,0,initial,ready,ready,True,680,0.00010470000000000001,2.1608203709997724
block-0134.eal.session-1,block-0134,eal,database-alternative-read-routes,reasoning,reasoning,True,0,1,recipients,ready,ready,True,708,0.00011590000000000001,2.3597452479998537
block-0134.eal.session-2,block-0134,eal,database-alternative-read-routes,reasoning,reasoning,True,0,2,recipients,ready,ready,True,874,0.0001823,3.7151655669999855
block-0134.eal.session-3,block-0134,eal,database-alternative-read-routes,reasoning,reasoning,True,0,3,recipients,ready,ready,True,792,0.0001495,2.710933940999894
block-0134.eal.session-4,block-0134,eal,database-alternative-read-routes,reasoning,reasoning,True,0,4,recipients,not_ready,not_ready,True,951,0.00021275,3.85243205200004
block-0134.eal.session-5,block-0134,eal,database-alternative-read-routes,reasoning,reasoning,True,0,5,recipients,not_ready,not_ready,True,873,0.00018155000000000002,3.373314894000032
block-0134.eal.session-6,block-0134,eal,database-alternative-read-routes,reasoning,reasoning,True,0,6,recipients,undetermined,undetermined,True,838,0.00016685000000000002,3.1544143860000986
block-0134.eal.session-7,block-0134,eal,database-alternative-read-routes,reasoning,reasoning,True,0,7,recipients,undetermined,undetermined,True,776,0.00014205,2.6632510659997024
block-0134.eal.session-8,block-0134,eal,database-alternative-read-routes,reasoning,reasoning,True,0,8,recipients,ready,ready,True,710,0.00011670000000000002,2.473704090999945
block-0134.eal.session-9,block-0134,eal,database-alternative-read-routes,reasoning,reasoning,True,0,9,recipients,ready,ready,True,711,0.00011710000000000001,2.509764208999968
block-0134.eal.session-10,block-0134,eal,database-alternative-read-routes,reasoning,reasoning,True,0,10,recipients,undetermined,undetermined,True,867,0.00017845000000000003,3.19594697499997
block-0135.eal.session-0,block-0135,eal,release-three-obligations,reasoning,plain,True,3,0,initial,ready,ready,True,740,0.00013920000000000002,2.7220557740001823
block-0135.eal.session-1,block-0135,eal,release-three-obligations,reasoning,plain,True,3,1,recipients,ready,ready,True,1358,0.0001538,1.793722672000058
block-0135.eal.session-2,block-0135,eal,release-three-obligations,reasoning,plain,True,3,2,recipients,not_ready,not_ready,True,1441,0.00016690000000000002,2.550215408999975
block-0135.eal.session-3,block-0135,eal,release-three-obligations,reasoning,plain,True,3,3,recipients,not_ready,not_ready,True,1446,0.0001689,1.737962594000237
block-0135.eal.session-4,block-0135,eal,release-three-obligations,reasoning,plain,True,3,4,recipients,undetermined,not_ready,False,1537,0.00018460000000000004,2.0473752329999115
block-0135.eal.session-5,block-0135,eal,release-three-obligations,reasoning,plain,True,3,5,recipients,undetermined,undetermined,True,1582,0.00020260000000000002,2.5225587709996944
block-0135.eal.session-6,block-0135,eal,release-three-obligations,reasoning,plain,True,3,6,recipients,ready,ready,True,1548,0.00017040000000000002,1.7557324689996676
block-0135.eal.session-7,block-0135,eal,release-three-obligations,reasoning,plain,True,3,7,recipients,ready,ready,True,1566,0.0001776,1.7507429990000674
block-0135.eal.session-8,block-0135,eal,release-three-obligations,reasoning,plain,True,3,8,recipients,undetermined,undetermined,True,1609,0.0001927,2.500981162000244
block-0135.eal.session-9,block-0135,eal,release-three-obligations,reasoning,plain,True,3,9,recipients,undetermined,undetermined,True,1615,0.00019510000000000003,1.9089103669998622
block-0135.eal.session-10,block-0135,eal,release-three-obligations,reasoning,plain,True,3,10,recipients,not_ready,not_ready,True,1806,0.0002133,2.0311056030000145
block-0135.ordinary.session-0,block-0135,ordinary,release-three-obligations,reasoning,plain,True,3,0,initial,ready,ready,True,2100,0.0001855,2.5726634970001214
block-0135.ordinary.session-1,block-0135,ordinary,release-three-obligations,reasoning,plain,True,3,1,recipients,ready,ready,True,1907,0.000218,2.008406472000388
block-0135.ordinary.session-2,block-0135,ordinary,release-three-obligations,reasoning,plain,True,3,2,recipients,not_ready,not_ready,True,2002,0.0002377,1.5985111340000913
block-0135.ordinary.session-3,block-0135,ordinary,release-three-obligations,reasoning,plain,True,3,3,recipients,not_ready,not_ready,True,2066,0.0002429,2.448261983000066
block-0135.ordinary.session-4,block-0135,ordinary,release-three-obligations,reasoning,plain,True,3,4,recipients,undetermined,not_ready,False,2111,0.00024380000000000002,1.560014572
block-0135.ordinary.session-5,block-0135,ordinary,release-three-obligations,reasoning,plain,True,3,5,recipients,undetermined,not_ready,False,2068,0.0002338,2.0371946539999044
block-0135.ordinary.session-6,block-0135,ordinary,release-three-obligations,reasoning,plain,True,3,6,recipients,ready,not_ready,False,2099,0.00023720000000000002,2.3431497320002563
block-0135.ordinary.session-7,block-0135,ordinary,release-three-obligations,reasoning,plain,True,3,7,recipients,ready,not_ready,False,2099,0.00023659999999999998,1.8802965210002185
block-0135.ordinary.session-8,block-0135,ordinary,release-three-obligations,reasoning,plain,True,3,8,recipients,undetermined,not_ready,False,2096,0.00023630000000000005,1.6729517970002235
block-0135.ordinary.session-9,block-0135,ordinary,release-three-obligations,reasoning,plain,True,3,9,recipients,undetermined,not_ready,False,2096,0.00023630000000000005,1.3277173649998986
block-0135.ordinary.session-10,block-0135,ordinary,release-three-obligations,reasoning,plain,True,3,10,recipients,not_ready,not_ready,True,2307,0.0002613,1.4214252239999041
block-0136.ordinary.session-0,block-0136,ordinary,release-three-obligations,plain,plain,True,0,0,initial,ready,ready,True,1736,0.0002012,1.3472254819998852
block-0136.ordinary.session-1,block-0136,ordinary,release-three-obligations,plain,plain,True,0,1,recipients,ready,ready,True,1900,0.00021580000000000001,1.6356886479998138
block-0136.ordinary.session-2,block-0136,ordinary,release-three-obligations,plain,plain,True,0,2,recipients,not_ready,not_ready,True,1979,0.00023150000000000004,1.5830079239999577
block-0136.ordinary.session-3,block-0136,ordinary,release-three-obligations,plain,plain,True,0,3,recipients,not_ready,not_ready,True,2024,0.0002339,1.5227592290002576
block-0136.ordinary.session-4,block-0136,ordinary,release-three-obligations,plain,plain,True,0,4,recipients,undetermined,not_ready,False,2089,0.0002446,2.2012322849996053
block-0136.ordinary.session-5,block-0136,ordinary,release-three-obligations,plain,plain,True,0,5,recipients,undetermined,not_ready,False,2115,0.00024660000000000003,1.5487093520000599
block-0136.ordinary.session-6,block-0136,ordinary,release-three-obligations,plain,plain,True,0,6,recipients,ready,not_ready,False,2178,0.0002526,1.725215720000051
block-0136.ordinary.session-7,block-0136,ordinary,release-three-obligations,plain,plain,True,0,7,recipients,ready,not_ready,False,2179,0.0002536,1.9048093679998601
block-0136.ordinary.session-8,block-0136,ordinary,release-three-obligations,plain,plain,True,0,8,recipients,undetermined,not_ready,False,2193,0.0002571,1.6275904799999807
block-0136.ordinary.session-9,block-0136,ordinary,release-three-obligations,plain,plain,True,0,9,recipients,undetermined,not_ready,False,2197,0.0002545,1.9048140759996386
block-0136.ordinary.session-10,block-0136,ordinary,release-three-obligations,plain,plain,True,0,10,recipients,not_ready,not_ready,True,2373,0.00027150000000000004,2.0583017960002508
block-0136.eal.session-0,block-0136,eal,release-three-obligations,plain,plain,True,0,0,initial,ready,ready,True,1343,0.0001478,2.136728809000033
block-0136.eal.session-1,block-0136,eal,release-three-obligations,plain,plain,True,0,1,recipients,ready,ready,True,1356,0.000153,1.926512915999865
block-0136.eal.session-2,block-0136,eal,release-three-obligations,plain,plain,True,0,2,recipients,not_ready,not_ready,True,1439,0.00016610000000000003,1.7592022969997743
block-0136.eal.session-3,block-0136,eal,release-three-obligations,plain,plain,True,0,3,recipients,not_ready,not_ready,True,1448,0.0001697,2.2189771580001434
block-0136.eal.session-4,block-0136,eal,release-three-obligations,plain,plain,True,0,4,recipients,undetermined,undetermined,True,1520,0.0001778,1.8080898670000352
block-0136.eal.session-5,block-0136,eal,release-three-obligations,plain,plain,True,0,5,recipients,undetermined,ambiguous,,1549,0.00018940000000000002,2.167506445000072
block-0136.eal.session-6,block-0136,eal,release-three-obligations,plain,plain,True,0,6,recipients,ready,ready,True,1587,0.00018600000000000002,2.333983994999926
block-0136.eal.session-7,block-0136,eal,release-three-obligations,plain,plain,True,0,7,recipients,ready,ready,True,1576,0.0001816,2.076581244999943
block-0136.eal.session-8,block-0136,eal,release-three-obligations,plain,plain,True,0,8,recipients,undetermined,undetermined,True,1572,0.00017790000000000001,1.9662847929998861
block-0136.eal.session-9,block-0136,eal,release-three-obligations,plain,plain,True,0,9,recipients,undetermined,not_ready,False,1604,0.0001907,2.2867953219997617
block-0136.eal.session-10,block-0136,eal,release-three-obligations,plain,plain,True,0,10,recipients,not_ready,not_ready,True,1779,0.00020250000000000002,2.287588514000163
block-0137.ordinary.session-0,block-0137,ordinary,dispatch-direct-or-tunnel,plain,reasoning,True,1,0,initial,ready,ready,True,2165,0.0002726,3.9737958749997233
block-0137.ordinary.session-1,block-0137,ordinary,dispatch-direct-or-tunnel,plain,reasoning,True,1,1,recipients,ready,ready,True,1345,0.000216,3.56607902199994
block-0137.ordinary.session-2,block-0137,ordinary,dispatch-direct-or-tunnel,plain,reasoning,True,1,2,recipients,not_ready,ready,False,1266,0.00019525,2.9842080919997898
block-0137.ordinary.session-3,block-0137,ordinary,dispatch-direct-or-tunnel,plain,reasoning,True,1,3,recipients,not_ready,ready,False,1137,0.0001629,2.3606979880000836
block-0137.ordinary.session-4,block-0137,ordinary,dispatch-direct-or-tunnel,plain,reasoning,True,1,4,recipients,ready,ready,True,1076,0.0001364,2.0600178620002225
block-0137.ordinary.session-5,block-0137,ordinary,dispatch-direct-or-tunnel,plain,reasoning,True,1,5,recipients,ready,ready,True,1203,0.0001795,3.1564604999998664
block-0137.ordinary.session-6,block-0137,ordinary,dispatch-direct-or-tunnel,plain,reasoning,True,1,6,recipients,undetermined,ready,False,1111,0.00015460000000000002,2.350042589000168
block-0137.ordinary.session-7,block-0137,ordinary,dispatch-direct-or-tunnel,plain,reasoning,True,1,7,recipients,undetermined,ready,False,1133,0.00016340000000000001,2.4826371620001737
block-0137.ordinary.session-8,block-0137,ordinary,dispatch-direct-or-tunnel,plain,reasoning,True,1,8,recipients,ready,ready,True,1186,0.00018355000000000002,3.3289878539999336
block-0137.ordinary.session-9,block-0137,ordinary,dispatch-direct-or-tunnel,plain,reasoning,True,1,9,recipients,ready,ready,True,3413,0.00036629999999999996,5.990487201999713
block-0137.ordinary.session-10,block-0137,ordinary,dispatch-direct-or-tunnel,plain,reasoning,True,1,10,recipients,undetermined,ready,False,1200,0.00015065,2.144336142999691
block-0137.eal.session-0,block-0137,eal,dispatch-direct-or-tunnel,plain,reasoning,True,1,0,initial,ready,ready,True,1567,0.0001858,2.5208930409999084
block-0137.eal.session-1,block-0137,eal,dispatch-direct-or-tunnel,plain,reasoning,True,1,1,recipients,ready,ready,True,742,0.00013125,5.6892403199999535
block-0137.eal.session-2,block-0137,eal,dispatch-direct-or-tunnel,plain,reasoning,True,1,2,recipients,not_ready,not_ready,True,801,0.0001545,3.0631181630001265
block-0137.eal.session-3,block-0137,eal,dispatch-direct-or-tunnel,plain,reasoning,True,1,3,recipients,not_ready,not_ready,True,917,0.00020090000000000003,3.6680443049999667
block-0137.eal.session-4,block-0137,eal,dispatch-direct-or-tunnel,plain,reasoning,True,1,4,recipients,ready,ready,True,753,0.00013565000000000002,2.856361582000318
block-0137.eal.session-5,block-0137,eal,dispatch-direct-or-tunnel,plain,reasoning,True,1,5,recipients,ready,ready,True,691,0.00011085000000000001,2.29394054300019
block-0137.eal.session-6,block-0137,eal,dispatch-direct-or-tunnel,plain,reasoning,True,1,6,recipients,undetermined,undetermined,True,922,0.0002022,3.679781154000011
block-0137.eal.session-7,block-0137,eal,dispatch-direct-or-tunnel,plain,reasoning,True,1,7,recipients,undetermined,undetermined,True,732,0.0001262,2.4760581290001937
block-0137.eal.session-8,block-0137,eal,dispatch-direct-or-tunnel,plain,reasoning,True,1,8,recipients,ready,ready,True,850,0.00017445,3.2711882070002503
block-0137.eal.session-9,block-0137,eal,dispatch-direct-or-tunnel,plain,reasoning,True,1,9,recipients,ready,ready,True,819,0.00016205,3.2573136879996127
block-0137.eal.session-10,block-0137,eal,dispatch-direct-or-tunnel,plain,reasoning,True,1,10,recipients,undetermined,undetermined,True,856,0.00017580000000000002,3.344775964999826
block-0138.ordinary.session-0,block-0138,ordinary,firmware-selective-applicability,reasoning,plain,True,0,0,initial,ready,ready,True,2267,0.00021205000000000003,2.997737579999921
block-0138.ordinary.session-1,block-0138,ordinary,firmware-selective-applicability,reasoning,plain,True,0,1,recipients,ready,ready,True,804,0.00010140000000000001,0.9647002029996656
block-0138.ordinary.session-2,block-0138,ordinary,firmware-selective-applicability,reasoning,plain,True,0,2,recipients,undetermined,ready,False,2016,0.0002253,1.9317264729997987
block-0138.ordinary.session-3,block-0138,ordinary,firmware-selective-applicability,reasoning,plain,True,0,3,recipients,undetermined,ready,False,2013,0.0002253,1.5165353850002248
block-0138.ordinary.session-4,block-0138,ordinary,firmware-selective-applicability,reasoning,plain,True,0,4,recipients,not_ready,not_ready,True,2125,0.00024340000000000006,2.0299034639997444
block-0138.ordinary.session-5,block-0138,ordinary,firmware-selective-applicability,reasoning,plain,True,0,5,recipients,not_ready,not_ready,True,2164,0.0002452,1.5810668219996842
block-0138.ordinary.session-6,block-0138,ordinary,firmware-selective-applicability,reasoning,plain,True,0,6,recipients,ready,not_ready,False,2345,0.00026990000000000006,1.5181396509997285
block-0138.ordinary.session-7,block-0138,ordinary,firmware-selective-applicability,reasoning,plain,True,0,7,recipients,ready,not_ready,False,2376,0.0002691,1.8292776650000633
block-0138.ordinary.session-8,block-0138,ordinary,firmware-selective-applicability,reasoning,plain,True,0,8,recipients,undetermined,not_ready,False,2327,0.0002573,1.7359470589999546
block-0138.ordinary.session-9,block-0138,ordinary,firmware-selective-applicability,reasoning,plain,True,0,9,recipients,undetermined,not_ready,False,2310,0.00026430000000000003,1.544553213999734
block-0138.ordinary.session-10,block-0138,ordinary,firmware-selective-applicability,reasoning,plain,True,0,10,recipients,ready,not_ready,False,2544,0.0002883,2.2625588869996136
block-0138.eal.session-0,block-0138,eal,firmware-selective-applicability,reasoning,plain,True,0,0,initial,ready,ready,True,784,0.00014105,2.740348281000024
block-0138.eal.session-1,block-0138,eal,firmware-selective-applicability,reasoning,plain,True,0,1,recipients,ready,ready,True,1540,0.0001747,2.03383702300016
block-0138.eal.session-2,block-0138,eal,firmware-selective-applicability,reasoning,plain,True,0,2,recipients,undetermined,undetermined,True,1553,0.00017810000000000002,2.013027880000209
block-0138.eal.session-3,block-0138,eal,firmware-selective-applicability,reasoning,plain,True,0,3,recipients,undetermined,ready,False,1539,0.00017250000000000002,1.9694445380000616
block-0138.eal.session-4,block-0138,eal,firmware-selective-applicability,reasoning,plain,True,0,4,recipients,not_ready,not_ready,True,1631,0.00018440000000000004,2.564381380999748
block-0138.eal.session-5,block-0138,eal,firmware-selective-applicability,reasoning,plain,True,0,5,recipients,not_ready,not_ready,True,1638,0.0001872,1.8132598580000376
block-0138.eal.session-6,block-0138,eal,firmware-selective-applicability,reasoning,plain,True,0,6,recipients,ready,ready,True,1787,0.0001955,1.8581226780001998
block-0138.eal.session-7,block-0138,eal,firmware-selective-applicability,reasoning,plain,True,0,7,recipients,ready,ready,True,1799,0.00020030000000000002,1.8847045120000985
block-0138.eal.session-8,block-0138,eal,firmware-selective-applicability,reasoning,plain,True,0,8,recipients,undetermined,undetermined,True,1824,0.0002085,2.82840481500034
block-0138.eal.session-9,block-0138,eal,firmware-selective-applicability,reasoning,plain,True,0,9,recipients,undetermined,not_ready,False,1812,0.0002037,2.0875130379999973
block-0138.eal.session-10,block-0138,eal,firmware-selective-applicability,reasoning,plain,True,0,10,recipients,ready,ready,True,1967,0.00021530000000000003,2.460182844999963
block-0139.eal.session-0,block-0139,eal,dispatch-direct-or-tunnel,reasoning,reasoning,False,2,0,initial,ready,ready,True,797,0.00015325,3.000892480999937
block-0139.eal.session-1,block-0139,eal,dispatch-direct-or-tunnel,reasoning,reasoning,False,2,1,recipients,ready,ready,True,688,0.00014745,2.8190547509998396
block-0139.eal.session-2,block-0139,eal,dispatch-direct-or-tunnel,reasoning,reasoning,False,2,2,recipients,not_ready,not_ready,True,606,0.0001143,2.6556742430002487
block-0139.eal.session-3,block-0139,eal,dispatch-direct-or-tunnel,reasoning,reasoning,False,2,3,recipients,not_ready,not_ready,True,755,0.00017390000000000003,3.5317505840002923
block-0139.eal.session-4,block-0139,eal,dispatch-direct-or-tunnel,reasoning,reasoning,False,2,4,recipients,ready,ready,True,562,9.705000000000001e-05,2.673087407999901
block-0139.eal.session-5,block-0139,eal,dispatch-direct-or-tunnel,reasoning,reasoning,False,2,5,recipients,ready,ready,True,669,0.00013985,3.0930209150001247
block-0139.eal.session-6,block-0139,eal,dispatch-direct-or-tunnel,reasoning,reasoning,False,2,6,recipients,undetermined,undetermined,True,772,0.00018000000000000004,4.35386665499982
block-0139.eal.session-7,block-0139,eal,dispatch-direct-or-tunnel,reasoning,reasoning,False,2,7,recipients,undetermined,undetermined,True,545,8.92e-05,3.143609797999943
block-0139.eal.session-8,block-0139,eal,dispatch-direct-or-tunnel,reasoning,reasoning,False,2,8,recipients,ready,ready,True,676,0.00014265,2.912672604999898
block-0139.eal.session-9,block-0139,eal,dispatch-direct-or-tunnel,reasoning,reasoning,False,2,9,recipients,ready,ready,True,682,0.00014505,3.0132936049999444
block-0139.eal.session-10,block-0139,eal,dispatch-direct-or-tunnel,reasoning,reasoning,False,2,10,recipients,undetermined,undetermined,True,685,0.0001452,3.330988765999791
block-0139.ordinary.session-0,block-0139,ordinary,dispatch-direct-or-tunnel,reasoning,reasoning,False,2,0,initial,ready,ready,True,2575,0.0002705,3.8940331469998455
block-0139.ordinary.session-1,block-0139,ordinary,dispatch-direct-or-tunnel,reasoning,reasoning,False,2,1,recipients,ready,ready,True,1286,0.0002267,3.1598453829997197
block-0139.ordinary.session-2,block-0139,ordinary,dispatch-direct-or-tunnel,reasoning,reasoning,False,2,2,recipients,not_ready,ready,False,1333,0.0002294,4.1420886890000475
block-0139.ordinary.session-3,block-0139,ordinary,dispatch-direct-or-tunnel,reasoning,reasoning,False,2,3,recipients,not_ready,ready,False,1289,0.00023315,3.401853011000185
block-0139.ordinary.session-4,block-0139,ordinary,dispatch-direct-or-tunnel,reasoning,reasoning,False,2,4,recipients,ready,ready,True,1041,0.0001553,2.314855257999625
block-0139.ordinary.session-5,block-0139,ordinary,dispatch-direct-or-tunnel,reasoning,reasoning,False,2,5,recipients,ready,undetermined,False,1613,0.00038689999999999997,6.551997077999658
block-0139.ordinary.session-6,block-0139,ordinary,dispatch-direct-or-tunnel,reasoning,reasoning,False,2,6,recipients,undetermined,undetermined,True,1127,0.00019915000000000004,3.717257507999875
block-0139.ordinary.session-7,block-0139,ordinary,dispatch-direct-or-tunnel,reasoning,reasoning,False,2,7,recipients,undetermined,undetermined,True,1141,0.00020755,3.638940147000085
block-0139.ordinary.session-8,block-0139,ordinary,dispatch-direct-or-tunnel,reasoning,reasoning,False,2,8,recipients,ready,undetermined,False,1016,0.00014215,2.354215609000221
block-0139.ordinary.session-9,block-0139,ordinary,dispatch-direct-or-tunnel,reasoning,reasoning,False,2,9,recipients,ready,undetermined,False,1024,0.000152,2.627756214999863
block-0139.ordinary.session-10,block-0139,ordinary,dispatch-direct-or-tunnel,reasoning,reasoning,False,2,10,recipients,undetermined,undetermined,True,971,0.00013185,2.0709227030001784
block-0140.eal.session-0,block-0140,eal,migration-multiple-version-bindings,plain,reasoning,True,2,0,initial,ready,ready,True,490,7.21e-05,1.8686396800003422
block-0140.eal.session-1,block-0140,eal,migration-multiple-version-bindings,plain,reasoning,True,2,1,recipients,ready,ready,True,941,0.00020385000000000002,4.03060331100005
block-0140.eal.session-2,block-0140,eal,migration-multiple-version-bindings,plain,reasoning,True,2,2,recipients,undetermined,undetermined,True,774,0.000136,2.691843525999957
block-0140.eal.session-3,block-0140,eal,migration-multiple-version-bindings,plain,reasoning,True,2,3,recipients,undetermined,undetermined,True,837,0.00016120000000000002,3.143489251999654
block-0140.eal.session-4,block-0140,eal,migration-multiple-version-bindings,plain,reasoning,True,2,4,recipients,not_ready,not_ready,True,760,0.00013110000000000002,2.7794414169998163
block-0140.eal.session-5,block-0140,eal,migration-multiple-version-bindings,plain,reasoning,True,2,5,recipients,not_ready,not_ready,True,1117,0.00027390000000000004,4.95510292300014
block-0140.eal.session-6,block-0140,eal,migration-multiple-version-bindings,plain,reasoning,True,2,6,recipients,ready,ready,True,770,0.00013545,2.732140746999903
block-0140.eal.session-7,block-0140,eal,migration-multiple-version-bindings,plain,reasoning,True,2,7,recipients,ready,ready,True,814,0.00015305,2.9400476970004092
block-0140.eal.session-8,block-0140,eal,migration-multiple-version-bindings,plain,reasoning,True,2,8,recipients,undetermined,undetermined,True,904,0.00018800000000000002,3.5427636260001236
block-0140.eal.session-9,block-0140,eal,migration-multiple-version-bindings,plain,reasoning,True,2,9,recipients,undetermined,undetermined,True,748,0.00012560000000000002,2.5772476969996205
block-0140.eal.session-10,block-0140,eal,migration-multiple-version-bindings,plain,reasoning,True,2,10,recipients,not_ready,not_ready,True,930,0.00019910000000000001,3.578717468999912
block-0140.ordinary.session-0,block-0140,ordinary,migration-multiple-version-bindings,plain,reasoning,True,2,0,initial,ready,ready,True,1916,0.00022370000000000002,1.879892825999832
block-0140.ordinary.session-1,block-0140,ordinary,migration-multiple-version-bindings,plain,reasoning,True,2,1,recipients,ready,ready,True,1129,0.00018525000000000003,3.423285850999946
block-0140.ordinary.session-2,block-0140,ordinary,migration-multiple-version-bindings,plain,reasoning,True,2,2,recipients,undetermined,undetermined,True,1473,0.00030010000000000003,4.59679516999995
block-0140.ordinary.session-3,block-0140,ordinary,migration-multiple-version-bindings,plain,reasoning,True,2,3,recipients,undetermined,undetermined,True,1201,0.00019690000000000002,3.1945002329998715
block-0140.ordinary.session-4,block-0140,ordinary,migration-multiple-version-bindings,plain,reasoning,True,2,4,recipients,not_ready,undetermined,False,1092,0.00014875,8.934794269000122
block-0140.ordinary.session-5,block-0140,ordinary,migration-multiple-version-bindings,plain,reasoning,True,2,5,recipients,not_ready,undetermined,False,1170,0.00018415,2.718605789999856
block-0140.ordinary.session-6,block-0140,ordinary,migration-multiple-version-bindings,plain,reasoning,True,2,6,recipients,ready,undetermined,False,1071,0.00014910000000000002,2.246152224999605
block-0140.ordinary.session-7,block-0140,ordinary,migration-multiple-version-bindings,plain,reasoning,True,2,7,recipients,ready,undetermined,False,1130,0.00017130000000000002,3.1324875629998132
block-0140.ordinary.session-8,block-0140,ordinary,migration-multiple-version-bindings,plain,reasoning,True,2,8,recipients,undetermined,undetermined,True,1190,0.0001834,3.0301928839999164
block-0140.ordinary.session-9,block-0140,ordinary,migration-multiple-version-bindings,plain,reasoning,True,2,9,recipients,undetermined,undetermined,True,1198,0.00018695000000000002,2.9958821370000805
block-0140.ordinary.session-10,block-0140,ordinary,migration-multiple-version-bindings,plain,reasoning,True,2,10,recipients,not_ready,undetermined,False,1149,0.00017505,3.2813401700000213
block-0141.eal.session-0,block-0141,eal,migration-cutover-obligations,reasoning,reasoning,True,2,0,initial,ready,ready,True,852,0.00017595000000000002,3.399894832999962
block-0141.eal.session-1,block-0141,eal,migration-cutover-obligations,reasoning,reasoning,True,2,1,recipients,ready,ready,True,750,0.00013515,2.6984679780002807
block-0141.eal.session-2,block-0141,eal,migration-cutover-obligations,reasoning,reasoning,True,2,2,recipients,not_ready,not_ready,True,793,0.000152,2.8426145529997484
block-0141.eal.session-3,block-0141,eal,migration-cutover-obligations,reasoning,reasoning,True,2,3,recipients,not_ready,not_ready,True,937,0.0002096,3.99304623099988
block-0141.eal.session-4,block-0141,eal,migration-cutover-obligations,reasoning,reasoning,True,2,4,recipients,undetermined,undetermined,True,857,0.00017690000000000004,3.3947784630004207
block-0141.eal.session-5,block-0141,eal,migration-cutover-obligations,reasoning,reasoning,True,2,5,recipients,undetermined,undetermined,True,944,0.0002117,4.132031042000108
block-0141.eal.session-6,block-0141,eal,migration-cutover-obligations,reasoning,reasoning,True,2,6,recipients,ready,ready,True,679,0.00010675,2.6943550400001186
block-0141.eal.session-7,block-0141,eal,migration-cutover-obligations,reasoning,reasoning,True,2,7,recipients,ready,ready,True,752,0.00013595000000000002,2.6381449320001593
block-0141.eal.session-8,block-0141,eal,migration-cutover-obligations,reasoning,reasoning,True,2,8,recipients,not_ready,not_ready,True,753,0.000136,2.8736360689999856
block-0141.eal.session-9,block-0141,eal,migration-cutover-obligations,reasoning,reasoning,True,2,9,recipients,not_ready,not_ready,True,867,0.0001816,3.389028800000233
block-0141.eal.session-10,block-0141,eal,migration-cutover-obligations,reasoning,reasoning,True,2,10,recipients,ready,ready,True,708,0.00011835,2.5072155759999077
block-0141.ordinary.session-0,block-0141,ordinary,migration-cutover-obligations,reasoning,reasoning,True,2,0,initial,ready,ready,True,2476,0.00032785,4.690501184999903
block-0141.ordinary.session-1,block-0141,ordinary,migration-cutover-obligations,reasoning,reasoning,True,2,1,recipients,ready,ready,True,1465,0.00023355,3.793272530000195
block-0141.ordinary.session-2,block-0141,ordinary,migration-cutover-obligations,reasoning,reasoning,True,2,2,recipients,not_ready,ready,False,1418,0.00029175,4.455419923999671
block-0141.ordinary.session-3,block-0141,ordinary,migration-cutover-obligations,reasoning,reasoning,True,2,3,recipients,not_ready,ready,False,1315,0.0002425,4.085418048000065
block-0141.ordinary.session-4,block-0141,ordinary,migration-cutover-obligations,reasoning,reasoning,True,2,4,recipients,undetermined,ready,False,1207,0.00020875000000000003,3.290653988000031
block-0141.ordinary.session-5,block-0141,ordinary,migration-cutover-obligations,reasoning,reasoning,True,2,5,recipients,undetermined,ready,False,1241,0.00022585000000000001,3.671709695000118
block-0141.ordinary.session-6,block-0141,ordinary,migration-cutover-obligations,reasoning,reasoning,True,2,6,recipients,ready,ready,True,1171,0.00019855,3.6085477360002187
block-0141.ordinary.session-7,block-0141,ordinary,migration-cutover-obligations,reasoning,reasoning,True,2,7,recipients,ready,ready,True,1228,0.00021470000000000001,3.091043609999815
block-0141.ordinary.session-8,block-0141,ordinary,migration-cutover-obligations,reasoning,reasoning,True,2,8,recipients,not_ready,undetermined,False,1741,0.000415,7.975376223999774
block-0141.ordinary.session-9,block-0141,ordinary,migration-cutover-obligations,reasoning,reasoning,True,2,9,recipients,not_ready,undetermined,False,997,0.00012580000000000002,2.2705336640001406
block-0141.ordinary.session-10,block-0141,ordinary,migration-cutover-obligations,reasoning,reasoning,True,2,10,recipients,ready,undetermined,False,1118,0.00017245000000000002,2.7574811690001297
block-0142.ordinary.session-0,block-0142,ordinary,migration-cutover-obligations,reasoning,reasoning,False,3,0,initial,ready,ready,True,2298,0.00024090000000000003,3.3963165030004347
block-0142.ordinary.session-1,block-0142,ordinary,migration-cutover-obligations,reasoning,reasoning,False,3,1,recipients,ready,ready,True,1187,0.00024695,4.407915720999881
block-0142.ordinary.session-2,block-0142,ordinary,migration-cutover-obligations,reasoning,reasoning,False,3,2,recipients,not_ready,undetermined,False,1507,0.00036235,6.33021673300027
block-0142.ordinary.session-3,block-0142,ordinary,migration-cutover-obligations,reasoning,reasoning,False,3,3,recipients,not_ready,undetermined,False,1240,0.0002622,4.842991261000407
block-0142.ordinary.session-4,block-0142,ordinary,migration-cutover-obligations,reasoning,reasoning,False,3,4,recipients,undetermined,undetermined,True,977,0.0001661,2.8727664630000618
block-0142.ordinary.session-5,block-0142,ordinary,migration-cutover-obligations,reasoning,reasoning,False,3,5,recipients,undetermined,undetermined,True,1056,0.00017460000000000002,2.5945290930003466
block-0142.ordinary.session-6,block-0142,ordinary,migration-cutover-obligations,reasoning,reasoning,False,3,6,recipients,ready,undetermined,False,1085,0.00018165,4.60144559299988
block-0142.ordinary.session-7,block-0142,ordinary,migration-cutover-obligations,reasoning,reasoning,False,3,7,recipients,ready,undetermined,False,1025,0.00017830000000000002,3.257046204999824
block-0142.ordinary.session-8,block-0142,ordinary,migration-cutover-obligations,reasoning,reasoning,False,3,8,recipients,not_ready,undetermined,False,1241,0.00024265000000000002,3.794174883999858
block-0142.ordinary.session-9,block-0142,ordinary,migration-cutover-obligations,reasoning,reasoning,False,3,9,recipients,not_ready,undetermined,False,1029,0.00016345,2.7171540929998628
block-0142.ordinary.session-10,block-0142,ordinary,migration-cutover-obligations,reasoning,reasoning,False,3,10,recipients,ready,undetermined,False,1104,0.00019660000000000004,3.0443129139998746
block-0142.eal.session-0,block-0142,eal,migration-cutover-obligations,reasoning,reasoning,False,3,0,initial,ready,ready,True,834,0.00016875000000000004,3.8238784929999383
block-0142.eal.session-1,block-0142,eal,migration-cutover-obligations,reasoning,reasoning,False,3,1,recipients,ready,ready,True,601,0.00011335,2.4125866379999934
block-0142.eal.session-2,block-0142,eal,migration-cutover-obligations,reasoning,reasoning,False,3,2,recipients,not_ready,not_ready,True,946,0.000251,5.160014582000258
block-0142.eal.session-3,block-0142,eal,migration-cutover-obligations,reasoning,reasoning,False,3,3,recipients,not_ready,not_ready,True,827,0.0002034,4.446049220999612
block-0142.eal.session-4,block-0142,eal,migration-cutover-obligations,reasoning,reasoning,False,3,4,recipients,undetermined,undetermined,True,726,0.00016230000000000001,3.8791449909999756
block-0142.eal.session-5,block-0142,eal,migration-cutover-obligations,reasoning,reasoning,False,3,5,recipients,undetermined,undetermined,True,779,0.00018350000000000002,3.893009652999808
block-0142.eal.session-6,block-0142,eal,migration-cutover-obligations,reasoning,reasoning,False,3,6,recipients,ready,ready,True,596,0.00011135000000000001,2.4048009319999437
block-0142.eal.session-7,block-0142,eal,migration-cutover-obligations,reasoning,reasoning,False,3,7,recipients,ready,ready,True,618,0.00012015,3.2954197599997315
block-0142.eal.session-8,block-0142,eal,migration-cutover-obligations,reasoning,reasoning,False,3,8,recipients,not_ready,not_ready,True,818,0.0001998,4.270311690000199
block-0142.eal.session-9,block-0142,eal,migration-cutover-obligations,reasoning,reasoning,False,3,9,recipients,not_ready,not_ready,True,616,0.00011900000000000002,2.577322863000063
block-0142.eal.session-10,block-0142,eal,migration-cutover-obligations,reasoning,reasoning,False,3,10,recipients,ready,ready,True,616,0.00011935000000000001,3.06214234700019
block-0143.ordinary.session-0,block-0143,ordinary,release-three-obligations,plain,reasoning,True,0,0,initial,ready,ready,True,1719,0.0001944,1.5521454090003317
block-0143.ordinary.session-1,block-0143,ordinary,release-three-obligations,plain,reasoning,True,0,1,recipients,ready,ready,True,966,0.00014525,2.1389461019998635
block-0143.ordinary.session-2,block-0143,ordinary,release-three-obligations,plain,reasoning,True,0,2,recipients,not_ready,ready,False,993,0.00014975,2.328544082999997
block-0143.ordinary.session-3,block-0143,ordinary,release-three-obligations,plain,reasoning,True,0,3,recipients,not_ready,ready,False,1032,0.00016570000000000002,2.7198912349999773
block-0143.ordinary.session-4,block-0143,ordinary,release-three-obligations,plain,reasoning,True,0,4,recipients,undetermined,ready,False,1075,0.00016785000000000001,9.401169036999818
block-0143.ordinary.session-5,block-0143,ordinary,release-three-obligations,plain,reasoning,True,0,5,recipients,undetermined,ready,False,990,0.00012825,1.9879979290003575
block-0143.ordinary.session-6,block-0143,ordinary,release-three-obligations,plain,reasoning,True,0,6,recipients,ready,ready,True,954,0.00011595,2.0941363679999085
block-0143.ordinary.session-7,block-0143,ordinary,release-three-obligations,plain,reasoning,True,0,7,recipients,ready,ready,True,1245,0.00023935000000000002,3.7027373430000807
block-0143.ordinary.session-8,block-0143,ordinary,release-three-obligations,plain,reasoning,True,0,8,recipients,undetermined,ready,False,1337,0.0002723,4.2296812869999485
block-0143.ordinary.session-9,block-0143,ordinary,release-three-obligations,plain,reasoning,True,0,9,recipients,undetermined,ready,False,993,0.00013680000000000002,2.0443060789998526
block-0143.ordinary.session-10,block-0143,ordinary,release-three-obligations,plain,reasoning,True,0,10,recipients,not_ready,ready,False,1086,0.0001712,2.7408802119998654
block-0143.eal.session-0,block-0143,eal,release-three-obligations,plain,reasoning,True,0,0,initial,ready,ready,True,1352,0.00015140000000000002,1.6245100029996138
block-0143.eal.session-1,block-0143,eal,release-three-obligations,plain,reasoning,True,0,1,recipients,ready,ready,True,747,0.000142,3.0150549239997417
block-0143.eal.session-2,block-0143,eal,release-three-obligations,plain,reasoning,True,0,2,recipients,not_ready,not_ready,True,707,0.00012565000000000002,3.699916099999882
block-0143.eal.session-3,block-0143,eal,release-three-obligations,plain,reasoning,True,0,3,recipients,not_ready,not_ready,True,661,0.00010725000000000002,2.437229021999883
block-0143.eal.session-4,block-0143,eal,release-three-obligations,plain,reasoning,True,0,4,recipients,undetermined,undetermined,True,842,0.00017895,3.5392181289998916
block-0143.eal.session-5,block-0143,eal,release-three-obligations,plain,reasoning,True,0,5,recipients,undetermined,undetermined,True,758,0.00014535,2.79584398399993
block-0143.eal.session-6,block-0143,eal,release-three-obligations,plain,reasoning,True,0,6,recipients,ready,ready,True,794,0.0001608,3.057003940999948
block-0143.eal.session-7,block-0143,eal,release-three-obligations,plain,reasoning,True,0,7,recipients,ready,ready,True,768,0.0001504,3.1247845629995936
block-0143.eal.session-8,block-0143,eal,release-three-obligations,plain,reasoning,True,0,8,recipients,undetermined,undetermined,True,793,0.00015935000000000002,3.2138791339998534
block-0143.eal.session-9,block-0143,eal,release-three-obligations,plain,reasoning,True,0,9,recipients,undetermined,not_ready,False,2854,0.00053855,9.979761982999662
block-0143.eal.session-10,block-0143,eal,release-three-obligations,plain,reasoning,True,0,10,recipients,not_ready,not_ready,True,992,0.00023965000000000002,4.328796303999752
block-0144.eal.session-0,block-0144,eal,firmware-selective-applicability,plain,plain,False,1,0,initial,ready,ready,True,1524,0.0001683,2.227490921000026
block-0144.eal.session-1,block-0144,eal,firmware-selective-applicability,plain,plain,False,1,1,recipients,ready,ready,True,436,5.86e-05,1.1335299789998317
block-0144.eal.session-2,block-0144,eal,firmware-selective-applicability,plain,plain,False,1,2,recipients,undetermined,undetermined,True,454,6.49e-05,1.3433965650001483
block-0144.eal.session-3,block-0144,eal,firmware-selective-applicability,plain,plain,False,1,3,recipients,undetermined,undetermined,True,453,6.45e-05,1.0633948649997365
block-0144.eal.session-4,block-0144,eal,firmware-selective-applicability,plain,plain,False,1,4,recipients,not_ready,not_ready,True,458,6.71e-05,1.3981470960002298
block-0144.eal.session-5,block-0144,eal,firmware-selective-applicability,plain,plain,False,1,5,recipients,not_ready,not_ready,True,474,7.35e-05,1.1444423190000634
block-0144.eal.session-6,block-0144,eal,firmware-selective-applicability,plain,plain,False,1,6,recipients,ready,ready,True,452,6.5e-05,1.4135042120001344
block-0144.eal.session-7,block-0144,eal,firmware-selective-applicability,plain,plain,False,1,7,recipients,ready,ready,True,440,6.02e-05,1.0611324420001438
block-0144.eal.session-8,block-0144,eal,firmware-selective-applicability,plain,plain,False,1,8,recipients,undetermined,undetermined,True,473,7.25e-05,1.6420982370000274
block-0144.eal.session-9,block-0144,eal,firmware-selective-applicability,plain,plain,False,1,9,recipients,undetermined,undetermined,True,485,7.730000000000001e-05,1.7014900289996149
block-0144.eal.session-10,block-0144,eal,firmware-selective-applicability,plain,plain,False,1,10,recipients,ready,ready,True,461,6.86e-05,1.7642481960001533
block-0144.ordinary.session-0,block-0144,ordinary,firmware-selective-applicability,plain,plain,False,1,0,initial,ready,ready,True,1900,0.0002233,1.685406452999814
block-0144.ordinary.session-1,block-0144,ordinary,firmware-selective-applicability,plain,plain,False,1,1,recipients,ready,ready,True,731,9.71e-05,1.350307488999988
block-0144.ordinary.session-2,block-0144,ordinary,firmware-selective-applicability,plain,plain,False,1,2,recipients,undetermined,ready,False,717,9.78e-05,0.8552129029999378
block-0144.ordinary.session-3,block-0144,ordinary,firmware-selective-applicability,plain,plain,False,1,3,recipients,undetermined,ready,False,723,9.81e-05,0.9746672090000175
block-0144.ordinary.session-4,block-0144,ordinary,firmware-selective-applicability,plain,plain,False,1,4,recipients,not_ready,ready,False,727,0.0001,0.8608600190000288
block-0144.ordinary.session-5,block-0144,ordinary,firmware-selective-applicability,plain,plain,False,1,5,recipients,not_ready,ready,False,724,9.730000000000001e-05,1.1271697580000364
block-0144.ordinary.session-6,block-0144,ordinary,firmware-selective-applicability,plain,plain,False,1,6,recipients,ready,ready,True,712,9.49e-05,1.2649590209998678
block-0144.ordinary.session-7,block-0144,ordinary,firmware-selective-applicability,plain,plain,False,1,7,recipients,ready,ready,True,715,9.730000000000001e-05,1.1379350350002824
block-0144.ordinary.session-8,block-0144,ordinary,firmware-selective-applicability,plain,plain,False,1,8,recipients,undetermined,ready,False,714,9.480000000000001e-05,0.9856434579996858
block-0144.ordinary.session-9,block-0144,ordinary,firmware-selective-applicability,plain,plain,False,1,9,recipients,undetermined,ready,False,706,9.4e-05,0.8730218229998172
block-0144.ordinary.session-10,block-0144,ordinary,firmware-selective-applicability,plain,plain,False,1,10,recipients,ready,ready,True,708,9.480000000000001e-05,0.9278177430001051
block-0145.ordinary.session-0,block-0145,ordinary,database-alternative-read-routes,reasoning,reasoning,False,1,0,initial,ready,undetermined,False,996,0.00013905000000000002,2.0576590040000156
block-0145.ordinary.session-1,block-0145,ordinary,database-alternative-read-routes,reasoning,reasoning,False,1,1,recipients,ready,undetermined,False,1044,0.00015125,2.493971579999652
block-0145.ordinary.session-2,block-0145,ordinary,database-alternative-read-routes,reasoning,reasoning,False,1,2,recipients,ready,undetermined,False,1045,0.00015025,2.4347598920003293
block-0145.ordinary.session-3,block-0145,ordinary,database-alternative-read-routes,reasoning,reasoning,False,1,3,recipients,ready,undetermined,False,1044,0.00013619999999999998,2.4943041490000724
block-0145.ordinary.session-4,block-0145,ordinary,database-alternative-read-routes,reasoning,reasoning,False,1,4,recipients,not_ready,undetermined,False,1040,0.00013985,2.368667552000261
block-0145.ordinary.session-5,block-0145,ordinary,database-alternative-read-routes,reasoning,reasoning,False,1,5,recipients,not_ready,undetermined,False,1099,0.0001645,2.654765105000024
block-0145.ordinary.session-6,block-0145,ordinary,database-alternative-read-routes,reasoning,reasoning,False,1,6,recipients,undetermined,undetermined,True,1072,0.00015685,2.2996126099997127
block-0145.ordinary.session-7,block-0145,ordinary,database-alternative-read-routes,reasoning,reasoning,False,1,7,recipients,undetermined,undetermined,True,1004,0.00012405,2.898416304999955
block-0145.ordinary.session-8,block-0145,ordinary,database-alternative-read-routes,reasoning,reasoning,False,1,8,recipients,ready,undetermined,False,1266,0.0002439,4.0068141699998705
block-0145.ordinary.session-9,block-0145,ordinary,database-alternative-read-routes,reasoning,reasoning,False,1,9,recipients,ready,undetermined,False,1310,0.0001908,2.772358408999935
block-0145.ordinary.session-10,block-0145,ordinary,database-alternative-read-routes,reasoning,reasoning,False,1,10,recipients,undetermined,undetermined,True,1275,0.00019815000000000005,3.2190265439999166
block-0145.eal.session-0,block-0145,eal,database-alternative-read-routes,reasoning,reasoning,False,1,0,initial,ready,ready,True,830,0.00016470000000000002,3.1202450870000575
block-0145.eal.session-1,block-0145,eal,database-alternative-read-routes,reasoning,reasoning,False,1,1,recipients,ready,ready,True,624,0.0001201,2.5297741770000357
block-0145.eal.session-2,block-0145,eal,database-alternative-read-routes,reasoning,reasoning,False,1,2,recipients,ready,ready,True,562,9.530000000000001e-05,2.55063735099975
block-0145.eal.session-3,block-0145,eal,database-alternative-read-routes,reasoning,reasoning,False,1,3,recipients,ready,ready,True,707,0.0001533,3.2848436610001954
block-0145.eal.session-4,block-0145,eal,database-alternative-read-routes,reasoning,reasoning,False,1,4,recipients,not_ready,not_ready,True,739,0.00016575000000000002,4.131301309999799
block-0145.eal.session-5,block-0145,eal,database-alternative-read-routes,reasoning,reasoning,False,1,5,recipients,not_ready,not_ready,True,894,0.00022775000000000003,4.6535693319997335
block-0145.eal.session-6,block-0145,eal,database-alternative-read-routes,reasoning,reasoning,False,1,6,recipients,undetermined,undetermined,True,686,0.00014385,3.0173773830001664
block-0145.eal.session-7,block-0145,eal,database-alternative-read-routes,reasoning,reasoning,False,1,7,recipients,undetermined,undetermined,True,795,0.00018745000000000003,4.152174769999874
block-0145.eal.session-8,block-0145,eal,database-alternative-read-routes,reasoning,reasoning,False,1,8,recipients,ready,ready,True,591,0.00010690000000000001,2.934732563000125
block-0145.eal.session-9,block-0145,eal,database-alternative-read-routes,reasoning,reasoning,False,1,9,recipients,ready,ready,True,576,0.0001009,2.4695597830000224
block-0145.eal.session-10,block-0145,eal,database-alternative-read-routes,reasoning,reasoning,False,1,10,recipients,undetermined,undetermined,True,632,0.00012225000000000002,2.643080008999732
block-0146.eal.session-0,block-0146,eal,release-three-obligations,plain,plain,False,2,0,initial,ready,ready,True,1353,0.0001518,2.0845692439997947
block-0146.eal.session-1,block-0146,eal,release-three-obligations,plain,plain,False,2,1,recipients,ready,ready,True,454,7.930000000000002e-05,1.4370390799999768
block-0146.eal.session-2,block-0146,eal,release-three-obligations,plain,plain,False,2,2,recipients,not_ready,not_ready,True,423,6.659999999999999e-05,1.595049687000028
block-0146.eal.session-3,block-0146,eal,release-three-obligations,plain,plain,False,2,3,recipients,not_ready,not_ready,True,444,7.5e-05,1.4816379140002027
block-0146.eal.session-4,block-0146,eal,release-three-obligations,plain,plain,False,2,4,recipients,undetermined,undetermined,True,440,7.280000000000001e-05,1.20996249000018
block-0146.eal.session-5,block-0146,eal,release-three-obligations,plain,plain,False,2,5,recipients,undetermined,undetermined,True,456,7.92e-05,1.290378554000199
block-0146.eal.session-6,block-0146,eal,release-three-obligations,plain,plain,False,2,6,recipients,ready,ready,True,445,7.57e-05,1.5626252710003428
block-0146.eal.session-7,block-0146,eal,release-three-obligations,plain,plain,False,2,7,recipients,ready,ready,True,425,6.77e-05,1.6416590140001972
block-0146.eal.session-8,block-0146,eal,release-three-obligations,plain,plain,False,2,8,recipients,undetermined,undetermined,True,410,6.0799999999999994e-05,1.6205140259999098
block-0146.eal.session-9,block-0146,eal,release-three-obligations,plain,plain,False,2,9,recipients,undetermined,undetermined,True,430,6.879999999999999e-05,1.2487480360000518
block-0146.eal.session-10,block-0146,eal,release-three-obligations,plain,plain,False,2,10,recipients,not_ready,not_ready,True,429,6.9e-05,1.363993167999979
block-0146.ordinary.session-0,block-0146,ordinary,release-three-obligations,plain,plain,False,2,0,initial,ready,ready,True,1733,0.00019999999999999998,1.9852554870003587
block-0146.ordinary.session-1,block-0146,ordinary,release-three-obligations,plain,plain,False,2,1,recipients,ready,ready,True,675,9.120000000000001e-05,1.0118328319999819
block-0146.ordinary.session-2,block-0146,ordinary,release-three-obligations,plain,plain,False,2,2,recipients,not_ready,ready,False,682,9.340000000000001e-05,0.8953165769999032
block-0146.ordinary.session-3,block-0146,ordinary,release-three-obligations,plain,plain,False,2,3,recipients,not_ready,ready,False,695,9.71e-05,1.1064592920001814
block-0146.ordinary.session-4,block-0146,ordinary,release-three-obligations,plain,plain,False,2,4,recipients,undetermined,ready,False,701,9.709999999999999e-05,1.0296002909999515
block-0146.ordinary.session-5,block-0146,ordinary,release-three-obligations,plain,plain,False,2,5,recipients,undetermined,ready,False,699,9.690000000000001e-05,0.926688724000087
block-0146.ordinary.session-6,block-0146,ordinary,release-three-obligations,plain,plain,False,2,6,recipients,ready,ready,True,689,9.290000000000001e-05,1.0991826869999386
block-0146.ordinary.session-7,block-0146,ordinary,release-three-obligations,plain,plain,False,2,7,recipients,ready,ready,True,694,9.790000000000001e-05,0.8813899490000949
block-0146.ordinary.session-8,block-0146,ordinary,release-three-obligations,plain,plain,False,2,8,recipients,undetermined,ready,False,716,0.0001004,0.9461439849997078
block-0146.ordinary.session-9,block-0146,ordinary,release-three-obligations,plain,plain,False,2,9,recipients,undetermined,ready,False,691,9.190000000000001e-05,0.9238520820003941
block-0146.ordinary.session-10,block-0146,ordinary,release-three-obligations,plain,plain,False,2,10,recipients,not_ready,ready,False,703,0.0001027,1.1050421529998857
block-0147.eal.session-0,block-0147,eal,release-three-obligations,plain,plain,False,0,0,initial,ready,ready,True,1354,0.0001522,2.0706220020001638
block-0147.eal.session-1,block-0147,eal,release-three-obligations,plain,plain,False,0,1,recipients,ready,ready,True,442,7.45e-05,1.4454788159996497
block-0147.eal.session-2,block-0147,eal,release-three-obligations,plain,plain,False,0,2,recipients,not_ready,not_ready,True,444,7.5e-05,1.636115454999981
block-0147.eal.session-3,block-0147,eal,release-three-obligations,plain,plain,False,0,3,recipients,not_ready,not_ready,True,414,6.3e-05,1.2819191779999528
block-0147.eal.session-4,block-0147,eal,release-three-obligations,plain,plain,False,0,4,recipients,undetermined,undetermined,True,461,8.120000000000001e-05,1.5460759610000423
block-0147.eal.session-5,block-0147,eal,release-three-obligations,plain,plain,False,0,5,recipients,undetermined,undetermined,True,421,6.52e-05,1.437135804999798
block-0147.eal.session-6,block-0147,eal,release-three-obligations,plain,plain,False,0,6,recipients,ready,ready,True,432,7.05e-05,1.5846288529996855
block-0147.eal.session-7,block-0147,eal,release-three-obligations,plain,plain,False,0,7,recipients,ready,ready,True,415,6.37e-05,1.1444084040003872
block-0147.eal.session-8,block-0147,eal,release-three-obligations,plain,plain,False,0,8,recipients,undetermined,undetermined,True,415,6.28e-05,1.493503692000104
block-0147.eal.session-9,block-0147,eal,release-three-obligations,plain,plain,False,0,9,recipients,undetermined,undetermined,True,417,6.36e-05,1.2845003460001863
block-0147.eal.session-10,block-0147,eal,release-three-obligations,plain,plain,False,0,10,recipients,not_ready,not_ready,True,401,5.78e-05,1.2181343980000747
block-0147.ordinary.session-0,block-0147,ordinary,release-three-obligations,plain,plain,False,0,0,initial,ready,ready,True,1726,0.00019720000000000002,1.7875373169999875
block-0147.ordinary.session-1,block-0147,ordinary,release-three-obligations,plain,plain,False,0,1,recipients,ready,ready,True,666,8.91e-05,0.8183338520002508
block-0147.ordinary.session-2,block-0147,ordinary,release-three-obligations,plain,plain,False,0,2,recipients,not_ready,ready,False,686,9.620000000000002e-05,1.0936064479997185
block-0147.ordinary.session-3,block-0147,ordinary,release-three-obligations,plain,plain,False,0,3,recipients,not_ready,ready,False,688,9.190000000000001e-05,0.7783384340000339
block-0147.ordinary.session-4,block-0147,ordinary,release-three-obligations,plain,plain,False,0,4,recipients,undetermined,ready,False,691,9.76e-05,1.016824368000016
block-0147.ordinary.session-5,block-0147,ordinary,release-three-obligations,plain,plain,False,0,5,recipients,undetermined,ready,False,729,0.00010559999999999999,1.2315006609997
block-0147.ordinary.session-6,block-0147,ordinary,release-three-obligations,plain,plain,False,0,6,recipients,ready,ready,True,721,9.820000000000002e-05,0.859382480000022
block-0147.ordinary.session-7,block-0147,ordinary,release-three-obligations,plain,plain,False,0,7,recipients,ready,ready,True,695,9.620000000000001e-05,0.8998388469999554
block-0147.ordinary.session-8,block-0147,ordinary,release-three-obligations,plain,plain,False,0,8,recipients,undetermined,ready,False,690,9.360000000000001e-05,1.537160201000006
block-0147.ordinary.session-9,block-0147,ordinary,release-three-obligations,plain,plain,False,0,9,recipients,undetermined,ready,False,706,0.00010209999999999999,1.09954317599977
block-0147.ordinary.session-10,block-0147,ordinary,release-three-obligations,plain,plain,False,0,10,recipients,not_ready,ready,False,709,9.640000000000001e-05,1.0161075579999306
block-0148.eal.session-0,block-0148,eal,dispatch-direct-or-tunnel,plain,reasoning,True,0,0,initial,ready,ready,True,1538,0.0001742,2.2160348869997506
block-0148.eal.session-1,block-0148,eal,dispatch-direct-or-tunnel,plain,reasoning,True,0,1,recipients,ready,ready,True,795,0.00015245000000000002,3.2747931529997913
block-0148.eal.session-2,block-0148,eal,dispatch-direct-or-tunnel,plain,reasoning,True,0,2,recipients,not_ready,not_ready,True,1000,0.00023410000000000003,4.222197322999818
block-0148.eal.session-3,block-0148,eal,dispatch-direct-or-tunnel,plain,reasoning,True,0,3,recipients,not_ready,not_ready,True,909,0.00019769999999999998,3.976104630000009
block-0148.eal.session-4,block-0148,eal,dispatch-direct-or-tunnel,plain,reasoning,True,0,4,recipients,ready,ready,True,676,0.00010485000000000001,2.5662628219997714
block-0148.eal.session-5,block-0148,eal,dispatch-direct-or-tunnel,plain,reasoning,True,0,5,recipients,ready,ready,True,758,0.00013765,2.837638380000044
block-0148.eal.session-6,block-0148,eal,dispatch-direct-or-tunnel,plain,reasoning,True,0,6,recipients,undetermined,undetermined,True,890,0.00018940000000000002,3.8452420899998287
block-0148.eal.session-7,block-0148,eal,dispatch-direct-or-tunnel,plain,reasoning,True,0,7,recipients,undetermined,undetermined,True,3023,0.00041820000000000003,6.987133461000212
block-0148.eal.session-8,block-0148,eal,dispatch-direct-or-tunnel,plain,reasoning,True,0,8,recipients,ready,ready,True,702,0.00011525000000000001,2.4530752959999518
block-0148.eal.session-9,block-0148,eal,dispatch-direct-or-tunnel,plain,reasoning,True,0,9,recipients,ready,ready,True,792,0.00015125,3.456333631999769
block-0148.eal.session-10,block-0148,eal,dispatch-direct-or-tunnel,plain,reasoning,True,0,10,recipients,undetermined,undetermined,True,822,0.0001622,3.50635754599989
block-0148.ordinary.session-0,block-0148,ordinary,dispatch-direct-or-tunnel,plain,reasoning,True,0,0,initial,ready,ready,True,2139,0.00026220000000000003,1.5682747759997255
block-0148.ordinary.session-1,block-0148,ordinary,dispatch-direct-or-tunnel,plain,reasoning,True,0,1,recipients,ready,ready,True,1107,0.000132,2.033425284999794
block-0148.ordinary.session-2,block-0148,ordinary,dispatch-direct-or-tunnel,plain,reasoning,True,0,2,recipients,not_ready,ready,False,1311,0.00023915,3.9909184419998383
block-0148.ordinary.session-3,block-0148,ordinary,dispatch-direct-or-tunnel,plain,reasoning,True,0,3,recipients,not_ready,ready,False,1180,0.00017030000000000002,2.574877047999962
block-0148.ordinary.session-4,block-0148,ordinary,dispatch-direct-or-tunnel,plain,reasoning,True,0,4,recipients,ready,ready,True,1461,0.0002925,6.29698000999997
block-0148.ordinary.session-5,block-0148,ordinary,dispatch-direct-or-tunnel,plain,reasoning,True,0,5,recipients,ready,ready,True,1135,0.0001565,2.5943734019997464
block-0148.ordinary.session-6,block-0148,ordinary,dispatch-direct-or-tunnel,plain,reasoning,True,0,6,recipients,undetermined,ready,False,1074,0.0001349,2.1928128439999455
block-0148.ordinary.session-7,block-0148,ordinary,dispatch-direct-or-tunnel,plain,reasoning,True,0,7,recipients,undetermined,ready,False,1059,0.00012890000000000002,2.207348639999964
block-0148.ordinary.session-8,block-0148,ordinary,dispatch-direct-or-tunnel,plain,reasoning,True,0,8,recipients,ready,ready,True,1052,0.0001261,2.233839724000063
block-0148.ordinary.session-9,block-0148,ordinary,dispatch-direct-or-tunnel,plain,reasoning,True,0,9,recipients,ready,ready,True,1104,0.00014935000000000003,2.5006411780000235
block-0148.ordinary.session-10,block-0148,ordinary,dispatch-direct-or-tunnel,plain,reasoning,True,0,10,recipients,undetermined,ready,False,1034,0.0001252,2.0011476279996714
block-0149.ordinary.session-0,block-0149,ordinary,database-alternative-read-routes,plain,plain,False,0,0,initial,ready,ready,True,2094,0.00023490000000000002,1.5459333670000888
block-0149.ordinary.session-1,block-0149,ordinary,database-alternative-read-routes,plain,plain,False,0,1,recipients,ready,ready,True,849,0.000126,1.0880912090001402
block-0149.ordinary.session-2,block-0149,ordinary,database-alternative-read-routes,plain,plain,False,0,2,recipients,ready,ready,True,905,0.00012860000000000004,1.022587134999867
block-0149.ordinary.session-3,block-0149,ordinary,database-alternative-read-routes,plain,plain,False,0,3,recipients,ready,ready,True,895,0.00012820000000000003,1.2246296379998967
block-0149.ordinary.session-4,block-0149,ordinary,database-alternative-read-routes,plain,plain,False,0,4,recipients,not_ready,ready,False,888,0.00012480000000000002,1.5307012110001779
block-0149.ordinary.session-5,block-0149,ordinary,database-alternative-read-routes,plain,plain,False,0,5,recipients,not_ready,ready,False,901,0.00013270000000000003,1.431164593000176
block-0149.ordinary.session-6,block-0149,ordinary,database-alternative-read-routes,plain,plain,False,0,6,recipients,undetermined,ready,False,884,0.00011930000000000001,1.1369528010000067
block-0149.ordinary.session-7,block-0149,ordinary,database-alternative-read-routes,plain,plain,False,0,7,recipients,undetermined,ready,False,868,0.00012460000000000002,1.2160400699999627
block-0149.ordinary.session-8,block-0149,ordinary,database-alternative-read-routes,plain,plain,False,0,8,recipients,ready,ready,True,874,0.00012009999999999999,1.0440028990001338
block-0149.ordinary.session-9,block-0149,ordinary,database-alternative-read-routes,plain,plain,False,0,9,recipients,ready,ready,True,856,0.000118,1.0312189480000598
block-0149.ordinary.session-10,block-0149,ordinary,database-alternative-read-routes,plain,plain,False,0,10,recipients,undetermined,ready,False,857,0.0001187,0.9919386739998117
block-0149.eal.session-0,block-0149,eal,database-alternative-read-routes,plain,plain,False,0,0,initial,ready,ready,True,1567,0.00018189999999999998,2.091450582000107
block-0149.eal.session-1,block-0149,eal,database-alternative-read-routes,plain,plain,False,0,1,recipients,ready,ready,True,439,6.430000000000002e-05,1.2341561050002383
block-0149.eal.session-2,block-0149,eal,database-alternative-read-routes,plain,plain,False,0,2,recipients,ready,ready,True,468,7.59e-05,1.5563821890000327
block-0149.eal.session-3,block-0149,eal,database-alternative-read-routes,plain,plain,False,0,3,recipients,ready,ready,True,432,6.15e-05,1.1891078240000752
block-0149.eal.session-4,block-0149,eal,database-alternative-read-routes,plain,plain,False,0,4,recipients,not_ready,not_ready,True,485,8.240000000000001e-05,1.3854780310002752
block-0149.eal.session-5,block-0149,eal,database-alternative-read-routes,plain,plain,False,0,5,recipients,not_ready,not_ready,True,496,8.680000000000001e-05,1.2226579040002434
block-0149.eal.session-6,block-0149,eal,database-alternative-read-routes,plain,plain,False,0,6,recipients,undetermined,undetermined,True,483,8.1e-05,1.3741483389999303
block-0149.eal.session-7,block-0149,eal,database-alternative-read-routes,plain,plain,False,0,7,recipients,undetermined,undetermined,True,491,8.42e-05,1.2825876880001488
block-0149.eal.session-8,block-0149,eal,database-alternative-read-routes,plain,plain,False,0,8,recipients,ready,ready,True,430,6.0700000000000005e-05,1.2634855219998826
block-0149.eal.session-9,block-0149,eal,database-alternative-read-routes,plain,plain,False,0,9,recipients,ready,ready,True,450,6.87e-05,1.128462756999852
block-0149.eal.session-10,block-0149,eal,database-alternative-read-routes,plain,plain,False,0,10,recipients,undetermined,undetermined,True,459,7.14e-05,1.27378091699984
block-0150.eal.session-0,block-0150,eal,database-alternative-read-routes,reasoning,reasoning,False,3,0,initial,ready,ready,True,749,0.00013230000000000002,2.7298431080002956
block-0150.eal.session-1,block-0150,eal,database-alternative-read-routes,reasoning,reasoning,False,3,1,recipients,ready,ready,True,651,0.0001309,2.626932671999839
block-0150.eal.session-2,block-0150,eal,database-alternative-read-routes,reasoning,reasoning,False,3,2,recipients,ready,ready,True,711,0.0001549,3.4073537589997613
block-0150.eal.session-3,block-0150,eal,database-alternative-read-routes,reasoning,reasoning,False,3,3,recipients,ready,ready,True,745,0.0001685,3.805639553999754
block-0150.eal.session-4,block-0150,eal,database-alternative-read-routes,reasoning,reasoning,False,3,4,recipients,not_ready,not_ready,True,767,0.00017695000000000002,3.76660694300017
block-0150.eal.session-5,block-0150,eal,database-alternative-read-routes,reasoning,reasoning,False,3,5,recipients,not_ready,not_ready,True,672,0.00013895000000000002,3.2209820160001073
block-0150.eal.session-6,block-0150,eal,database-alternative-read-routes,reasoning,reasoning,False,3,6,recipients,undetermined,undetermined,True,725,0.00015945000000000003,4.2857083240000975
block-0150.eal.session-7,block-0150,eal,database-alternative-read-routes,reasoning,reasoning,False,3,7,recipients,undetermined,undetermined,True,725,0.00015945000000000003,3.3000866209999913
block-0150.eal.session-8,block-0150,eal,database-alternative-read-routes,reasoning,reasoning,False,3,8,recipients,ready,ready,True,598,0.0001097,2.8535485779998453
block-0150.eal.session-9,block-0150,eal,database-alternative-read-routes,reasoning,reasoning,False,3,9,recipients,ready,ready,True,634,0.0001241,3.3763435689998005
block-0150.eal.session-10,block-0150,eal,database-alternative-read-routes,reasoning,reasoning,False,3,10,recipients,undetermined,undetermined,True,925,0.00023945000000000002,4.8836797549997755
block-0150.ordinary.session-0,block-0150,ordinary,database-alternative-read-routes,reasoning,reasoning,False,3,0,initial,ready,undetermined,False,954,0.00012225,1.8881489390000752
block-0150.ordinary.session-1,block-0150,ordinary,database-alternative-read-routes,reasoning,reasoning,False,3,1,recipients,ready,undetermined,False,943,0.00012975,2.0554114629999276
block-0150.ordinary.session-2,block-0150,ordinary,database-alternative-read-routes,reasoning,reasoning,False,3,2,recipients,ready,undetermined,False,1007,0.00013785,2.391936907999934
block-0150.ordinary.session-3,block-0150,ordinary,database-alternative-read-routes,reasoning,reasoning,False,3,3,recipients,ready,undetermined,False,1032,0.0001384,2.5430603059999157
block-0150.ordinary.session-4,block-0150,ordinary,database-alternative-read-routes,reasoning,reasoning,False,3,4,recipients,not_ready,undetermined,False,1038,0.00015235000000000002,3.1397100760000285
block-0150.ordinary.session-5,block-0150,ordinary,database-alternative-read-routes,reasoning,reasoning,False,3,5,recipients,not_ready,undetermined,False,1244,0.0002246,3.9234775269997044
block-0150.ordinary.session-6,block-0150,ordinary,database-alternative-read-routes,reasoning,reasoning,False,3,6,recipients,undetermined,undetermined,True,1173,0.00018605000000000002,2.872345910999684
block-0150.ordinary.session-7,block-0150,ordinary,database-alternative-read-routes,reasoning,reasoning,False,3,7,recipients,undetermined,undetermined,True,1134,0.00017675000000000004,3.9506483000000117
block-0150.ordinary.session-8,block-0150,ordinary,database-alternative-read-routes,reasoning,reasoning,False,3,8,recipients,ready,undetermined,False,1079,0.00014705000000000002,2.4234260739999627
block-0150.ordinary.session-9,block-0150,ordinary,database-alternative-read-routes,reasoning,reasoning,False,3,9,recipients,ready,undetermined,False,1522,0.00033614999999999996,5.1874118329997145
block-0150.ordinary.session-10,block-0150,ordinary,database-alternative-read-routes,reasoning,reasoning,False,3,10,recipients,undetermined,undetermined,True,1188,0.000212,4.337889778999852
block-0151.ordinary.session-0,block-0151,ordinary,migration-cutover-obligations,plain,reasoning,False,2,0,initial,ready,ready,True,1787,0.000209,1.6039506960000836
block-0151.ordinary.session-1,block-0151,ordinary,migration-cutover-obligations,plain,reasoning,False,2,1,recipients,ready,ready,True,952,0.00016135,3.1172852700001386
block-0151.ordinary.session-2,block-0151,ordinary,migration-cutover-obligations,plain,reasoning,False,2,2,recipients,not_ready,ready,False,911,0.00014005000000000002,2.7126656360001107
block-0151.ordinary.session-3,block-0151,ordinary,migration-cutover-obligations,plain,reasoning,False,2,3,recipients,not_ready,ready,False,954,0.00015305,2.439863453000271
block-0151.ordinary.session-4,block-0151,ordinary,migration-cutover-obligations,plain,reasoning,False,2,4,recipients,undetermined,ready,False,1002,0.00016455000000000002,2.7499438179997924
block-0151.ordinary.session-5,block-0151,ordinary,migration-cutover-obligations,plain,reasoning,False,2,5,recipients,undetermined,ready,False,948,0.00014575,2.5222877409996727
block-0151.ordinary.session-6,block-0151,ordinary,migration-cutover-obligations,plain,reasoning,False,2,6,recipients,ready,ready,True,911,0.00013235,2.5774998389997563
block-0151.ordinary.session-7,block-0151,ordinary,migration-cutover-obligations,plain,reasoning,False,2,7,recipients,ready,ready,True,1005,0.00017170000000000003,3.286884106999878
block-0151.ordinary.session-8,block-0151,ordinary,migration-cutover-obligations,plain,reasoning,False,2,8,recipients,not_ready,ready,False,1002,0.0001705,3.000485753999783
block-0151.ordinary.session-9,block-0151,ordinary,migration-cutover-obligations,plain,reasoning,False,2,9,recipients,not_ready,ready,False,1416,0.00033190000000000004,4.9945012029998
block-0151.ordinary.session-10,block-0151,ordinary,migration-cutover-obligations,plain,reasoning,False,2,10,recipients,ready,ready,True,986,0.00015605,2.9805538030000207
block-0151.eal.session-0,block-0151,eal,migration-cutover-obligations,plain,reasoning,False,2,0,initial,ready,ready,True,1436,0.0001706,2.295143805999942
block-0151.eal.session-1,block-0151,eal,migration-cutover-obligations,plain,reasoning,False,2,1,recipients,ready,ready,True,745,0.00017095,3.164045503000125
block-0151.eal.session-2,block-0151,eal,migration-cutover-obligations,plain,reasoning,False,2,2,recipients,not_ready,not_ready,True,967,0.0002594,5.459433476000413
block-0151.eal.session-3,block-0151,eal,migration-cutover-obligations,plain,reasoning,False,2,3,recipients,not_ready,not_ready,True,864,0.0002182,5.060035157000129
block-0151.eal.session-4,block-0151,eal,migration-cutover-obligations,plain,reasoning,False,2,4,recipients,undetermined,undetermined,True,733,0.00016510000000000003,4.354936933999852
block-0151.eal.session-5,block-0151,eal,migration-cutover-obligations,plain,reasoning,False,2,5,recipients,undetermined,undetermined,True,824,0.00020150000000000002,3.953821634999713
block-0151.eal.session-6,block-0151,eal,migration-cutover-obligations,plain,reasoning,False,2,6,recipients,ready,ready,True,710,0.00015695000000000002,3.1411357629999657
block-0151.eal.session-7,block-0151,eal,migration-cutover-obligations,plain,reasoning,False,2,7,recipients,ready,ready,True,653,0.00013415,3.30496326399998
block-0151.eal.session-8,block-0151,eal,migration-cutover-obligations,plain,reasoning,False,2,8,recipients,not_ready,not_ready,True,771,0.000181,3.90046309499985
block-0151.eal.session-9,block-0151,eal,migration-cutover-obligations,plain,reasoning,False,2,9,recipients,not_ready,not_ready,True,721,0.000161,3.514847793000172
block-0151.eal.session-10,block-0151,eal,migration-cutover-obligations,plain,reasoning,False,2,10,recipients,ready,ready,True,665,0.00013895000000000002,3.492435955000019
block-0152.ordinary.session-0,block-0152,ordinary,migration-cutover-obligations,reasoning,reasoning,True,1,0,initial,ready,ready,True,2323,0.00024565000000000003,3.999509904000206
block-0152.ordinary.session-1,block-0152,ordinary,migration-cutover-obligations,reasoning,reasoning,True,1,1,recipients,ready,ready,True,1367,0.00026715,4.955580478000229
block-0152.ordinary.session-2,block-0152,ordinary,migration-cutover-obligations,reasoning,reasoning,True,1,2,recipients,not_ready,ready,False,1216,0.00020605000000000002,3.5226936740000383
block-0152.ordinary.session-3,block-0152,ordinary,migration-cutover-obligations,reasoning,reasoning,True,1,3,recipients,not_ready,undetermined,False,1573,0.00034605000000000004,5.9608194779998485
block-0152.ordinary.session-4,block-0152,ordinary,migration-cutover-obligations,reasoning,reasoning,True,1,4,recipients,undetermined,undetermined,True,1149,0.00018240000000000002,3.0141261759999907
block-0152.ordinary.session-5,block-0152,ordinary,migration-cutover-obligations,reasoning,reasoning,True,1,5,recipients,undetermined,undetermined,True,1171,0.00018455,3.273725215000013
block-0152.ordinary.session-6,block-0152,ordinary,migration-cutover-obligations,reasoning,reasoning,True,1,6,recipients,ready,undetermined,False,1252,0.0002096,3.735693041000104
block-0152.ordinary.session-7,block-0152,ordinary,migration-cutover-obligations,reasoning,reasoning,True,1,7,recipients,ready,undetermined,False,1317,0.00024400000000000002,4.071373138000126
block-0152.ordinary.session-8,block-0152,ordinary,migration-cutover-obligations,reasoning,reasoning,True,1,8,recipients,not_ready,undetermined,False,3171,0.0003983,5.265788059999977
block-0152.ordinary.session-9,block-0152,ordinary,migration-cutover-obligations,reasoning,reasoning,True,1,9,recipients,not_ready,ready,False,1388,0.00027625,4.429033260999859
block-0152.ordinary.session-10,block-0152,ordinary,migration-cutover-obligations,reasoning,reasoning,True,1,10,recipients,ready,undetermined,False,1452,0.00030955,5.365278874000069
block-0152.eal.session-0,block-0152,eal,migration-cutover-obligations,reasoning,reasoning,True,1,0,initial,ready,ready,True,796,0.00015355000000000002,3.181990625000253
block-0152.eal.session-1,block-0152,eal,migration-cutover-obligations,reasoning,reasoning,True,1,1,recipients,ready,ready,True,765,0.00014115000000000002,2.6140647009997338
block-0152.eal.session-2,block-0152,eal,migration-cutover-obligations,reasoning,reasoning,True,1,2,recipients,not_ready,not_ready,True,1005,0.0002368,4.701312985000186
block-0152.eal.session-3,block-0152,eal,migration-cutover-obligations,reasoning,reasoning,True,1,3,recipients,not_ready,not_ready,True,834,0.0001684,3.208791874000326
block-0152.eal.session-4,block-0152,eal,migration-cutover-obligations,reasoning,reasoning,True,1,4,recipients,undetermined,undetermined,True,852,0.00017490000000000002,3.646244432000003
block-0152.eal.session-5,block-0152,eal,migration-cutover-obligations,reasoning,reasoning,True,1,5,recipients,undetermined,undetermined,True,829,0.0001657,3.5842802659999506
block-0152.eal.session-6,block-0152,eal,migration-cutover-obligations,reasoning,reasoning,True,1,6,recipients,ready,ready,True,684,0.00010875,2.6626090400000066
block-0152.eal.session-7,block-0152,eal,migration-cutover-obligations,reasoning,reasoning,True,1,7,recipients,ready,ready,True,834,0.00016875000000000004,3.49985604099993
block-0152.eal.session-8,block-0152,eal,migration-cutover-obligations,reasoning,reasoning,True,1,8,recipients,not_ready,not_ready,True,776,0.0001452,3.0162805449999723
block-0152.eal.session-9,block-0152,eal,migration-cutover-obligations,reasoning,reasoning,True,1,9,recipients,not_ready,not_ready,True,792,0.0001516,3.0399833850001414
block-0152.eal.session-10,block-0152,eal,migration-cutover-obligations,reasoning,reasoning,True,1,10,recipients,ready,ready,True,738,0.00013035000000000002,2.9287047139996503
block-0153.ordinary.session-0,block-0153,ordinary,migration-multiple-version-bindings,plain,reasoning,False,1,0,initial,ready,ready,True,1922,0.00022610000000000002,1.6789820620001592
block-0153.ordinary.session-1,block-0153,ordinary,migration-multiple-version-bindings,plain,reasoning,False,1,1,recipients,ready,ready,True,1080,0.00020065000000000003,3.6092721009999877
block-0153.ordinary.session-2,block-0153,ordinary,migration-multiple-version-bindings,plain,reasoning,False,1,2,recipients,undetermined,ready,False,1065,0.00015265,2.369488614000147
block-0153.ordinary.session-3,block-0153,ordinary,migration-multiple-version-bindings,plain,reasoning,False,1,3,recipients,undetermined,ready,False,1093,0.000174,3.056396230000246
block-0153.ordinary.session-4,block-0153,ordinary,migration-multiple-version-bindings,plain,reasoning,False,1,4,recipients,not_ready,ready,False,1021,0.00013820000000000003,2.4009710760001326
block-0153.ordinary.session-5,block-0153,ordinary,migration-multiple-version-bindings,plain,reasoning,False,1,5,recipients,not_ready,ready,False,993,0.0001382,2.1196631970001363
block-0153.ordinary.session-6,block-0153,ordinary,migration-multiple-version-bindings,plain,reasoning,False,1,6,recipients,ready,ready,True,978,0.00012905000000000002,2.354752199000359
block-0153.ordinary.session-7,block-0153,ordinary,migration-multiple-version-bindings,plain,reasoning,False,1,7,recipients,ready,ready,True,962,0.00012859999999999998,2.5155737689997295
block-0153.ordinary.session-8,block-0153,ordinary,migration-multiple-version-bindings,plain,reasoning,False,1,8,recipients,undetermined,ready,False,1023,0.00015194999999999998,2.7625581960001
block-0153.ordinary.session-9,block-0153,ordinary,migration-multiple-version-bindings,plain,reasoning,False,1,9,recipients,undetermined,ready,False,1088,0.00017270000000000002,2.6736027719998674
block-0153.ordinary.session-10,block-0153,ordinary,migration-multiple-version-bindings,plain,reasoning,False,1,10,recipients,not_ready,ready,False,1028,0.00014765,2.3811321759999373
block-0153.eal.session-0,block-0153,eal,migration-multiple-version-bindings,plain,reasoning,False,1,0,initial,ready,ready,True,1543,0.0001753,3.8053860240001995
block-0153.eal.session-1,block-0153,eal,migration-multiple-version-bindings,plain,reasoning,False,1,1,recipients,ready,ready,True,713,0.00015045000000000002,2.994075329000225
block-0153.eal.session-2,block-0153,eal,migration-multiple-version-bindings,plain,reasoning,False,1,2,recipients,undetermined,undetermined,True,672,0.000133,3.0955245700001797
block-0153.eal.session-3,block-0153,eal,migration-multiple-version-bindings,plain,reasoning,False,1,3,recipients,undetermined,undetermined,True,844,0.0002018,4.253427568999996
block-0153.eal.session-4,block-0153,eal,migration-multiple-version-bindings,plain,reasoning,False,1,4,recipients,not_ready,not_ready,True,828,0.00019610000000000002,3.9833426089999193
block-0153.eal.session-5,block-0153,eal,migration-multiple-version-bindings,plain,reasoning,False,1,5,recipients,not_ready,not_ready,True,752,0.00016570000000000002,2.897456264000084
block-0153.eal.session-6,block-0153,eal,migration-multiple-version-bindings,plain,reasoning,False,1,6,recipients,ready,ready,True,695,0.00014325,3.3523998170003324
block-0153.eal.session-7,block-0153,eal,migration-multiple-version-bindings,plain,reasoning,False,1,7,recipients,ready,ready,True,781,0.00017765,4.33140316700019
block-0153.eal.session-8,block-0153,eal,migration-multiple-version-bindings,plain,reasoning,False,1,8,recipients,undetermined,undetermined,True,785,0.00017820000000000002,3.444186830000035
block-0153.eal.session-9,block-0153,eal,migration-multiple-version-bindings,plain,reasoning,False,1,9,recipients,undetermined,undetermined,True,710,0.00014820000000000002,3.5514663679996374
block-0153.eal.session-10,block-0153,eal,migration-multiple-version-bindings,plain,reasoning,False,1,10,recipients,not_ready,not_ready,True,654,0.0001265,2.7472289480001564
block-0154.ordinary.session-0,block-0154,ordinary,migration-cutover-obligations,reasoning,reasoning,False,0,0,initial,ready,ready,True,2305,0.00025245,4.5831248069998765
block-0154.ordinary.session-1,block-0154,ordinary,migration-cutover-obligations,reasoning,reasoning,False,0,1,recipients,ready,undetermined,False,1002,0.00018415000000000003,4.06607684499977
block-0154.ordinary.session-2,block-0154,ordinary,migration-cutover-obligations,reasoning,reasoning,False,0,2,recipients,not_ready,undetermined,False,954,0.00016215,2.7528059800001756
block-0154.ordinary.session-3,block-0154,ordinary,migration-cutover-obligations,reasoning,reasoning,False,0,3,recipients,not_ready,undetermined,False,1042,0.00018475,3.3525790690000576
block-0154.ordinary.session-4,block-0154,ordinary,migration-cutover-obligations,reasoning,reasoning,False,0,4,recipients,undetermined,undetermined,True,1031,0.00016705000000000002,3.7779857450000236
block-0154.ordinary.session-5,block-0154,ordinary,migration-cutover-obligations,reasoning,reasoning,False,0,5,recipients,undetermined,undetermined,True,1134,0.00020860000000000003,3.6285511320002115
block-0154.ordinary.session-6,block-0154,ordinary,migration-cutover-obligations,reasoning,reasoning,False,0,6,recipients,ready,undetermined,False,1476,0.00034505,6.858492259000286
block-0154.ordinary.session-7,block-0154,ordinary,migration-cutover-obligations,reasoning,reasoning,False,0,7,recipients,ready,undetermined,False,1167,0.0002232,3.5687668569999005
block-0154.ordinary.session-8,block-0154,ordinary,migration-cutover-obligations,reasoning,reasoning,False,0,8,recipients,not_ready,undetermined,False,1114,0.00020060000000000002,3.5679044769999564
block-0154.ordinary.session-9,block-0154,ordinary,migration-cutover-obligations,reasoning,reasoning,False,0,9,recipients,not_ready,undetermined,False,1156,0.00021845000000000002,3.06765799599998
block-0154.ordinary.session-10,block-0154,ordinary,migration-cutover-obligations,reasoning,reasoning,False,0,10,recipients,ready,undetermined,False,1054,0.0001808,3.133842630000345
block-0154.eal.session-0,block-0154,eal,migration-cutover-obligations,reasoning,reasoning,False,0,0,initial,ready,ready,True,769,0.00014275,3.005152011000064
block-0154.eal.session-1,block-0154,eal,migration-cutover-obligations,reasoning,reasoning,False,0,1,recipients,ready,ready,True,633,0.00012615,2.78325192300008
block-0154.eal.session-2,block-0154,eal,migration-cutover-obligations,reasoning,reasoning,False,0,2,recipients,not_ready,not_ready,True,657,0.0001354,3.03539667799987
block-0154.eal.session-3,block-0154,eal,migration-cutover-obligations,reasoning,reasoning,False,0,3,recipients,not_ready,not_ready,True,756,0.000175,3.8542715000003227
block-0154.eal.session-4,block-0154,eal,migration-cutover-obligations,reasoning,reasoning,False,0,4,recipients,undetermined,undetermined,True,695,0.0001499,3.2588527809998595
block-0154.eal.session-5,block-0154,eal,migration-cutover-obligations,reasoning,reasoning,False,0,5,recipients,undetermined,undetermined,True,664,0.0001375,3.339131473999714
block-0154.eal.session-6,block-0154,eal,migration-cutover-obligations,reasoning,reasoning,False,0,6,recipients,ready,ready,True,644,0.00013055,2.650844741000128
block-0154.eal.session-7,block-0154,eal,migration-cutover-obligations,reasoning,reasoning,False,0,7,recipients,ready,ready,True,642,0.00012975,3.2935434930000156
block-0154.eal.session-8,block-0154,eal,migration-cutover-obligations,reasoning,reasoning,False,0,8,recipients,not_ready,not_ready,True,696,0.000151,3.055697963000057
block-0154.eal.session-9,block-0154,eal,migration-cutover-obligations,reasoning,reasoning,False,0,9,recipients,not_ready,not_ready,True,653,0.0001338,2.7065142159999596
block-0154.eal.session-10,block-0154,eal,migration-cutover-obligations,reasoning,reasoning,False,0,10,recipients,ready,ready,True,646,0.00013135,2.902185122999981
block-0155.eal.session-0,block-0155,eal,migration-cutover-obligations,plain,reasoning,True,1,0,initial,ready,ready,True,1442,0.000173,1.8059797269997944
block-0155.eal.session-1,block-0155,eal,migration-cutover-obligations,plain,reasoning,True,1,1,recipients,ready,ready,True,766,0.00014155,2.654257241999858
block-0155.eal.session-2,block-0155,eal,migration-cutover-obligations,plain,reasoning,True,1,2,recipients,not_ready,not_ready,True,919,0.00020240000000000001,4.362579090000054
block-0155.eal.session-3,block-0155,eal,migration-cutover-obligations,plain,reasoning,True,1,3,recipients,not_ready,not_ready,True,840,0.0001708,3.835212914999829
block-0155.eal.session-4,block-0155,eal,migration-cutover-obligations,plain,reasoning,True,1,4,recipients,undetermined,undetermined,True,758,0.0001373,2.8267129509999904
block-0155.eal.session-5,block-0155,eal,migration-cutover-obligations,plain,reasoning,True,1,5,recipients,undetermined,undetermined,True,843,0.00017130000000000002,3.5008253930000137
block-0155.eal.session-6,block-0155,eal,migration-cutover-obligations,plain,reasoning,True,1,6,recipients,ready,ready,True,692,0.00011195,2.467658736999965
block-0155.eal.session-7,block-0155,eal,migration-cutover-obligations,plain,reasoning,True,1,7,recipients,ready,ready,True,990,0.00023115000000000003,4.128115236999747
block-0155.eal.session-8,block-0155,eal,migration-cutover-obligations,plain,reasoning,True,1,8,recipients,not_ready,not_ready,True,894,0.00019240000000000001,4.049430349999966
block-0155.eal.session-9,block-0155,eal,migration-cutover-obligations,plain,reasoning,True,1,9,recipients,not_ready,not_ready,True,739,0.0001304,2.506525483999667
block-0155.eal.session-10,block-0155,eal,migration-cutover-obligations,plain,reasoning,True,1,10,recipients,ready,ready,True,756,0.00013755,2.9417475830000512
block-0155.ordinary.session-0,block-0155,ordinary,migration-cutover-obligations,plain,reasoning,True,1,0,initial,ready,ready,True,1772,0.000203,1.6236795509998956
block-0155.ordinary.session-1,block-0155,ordinary,migration-cutover-obligations,plain,reasoning,True,1,1,recipients,ready,ready,True,1276,0.0002584,4.418063491999874
block-0155.ordinary.session-2,block-0155,ordinary,migration-cutover-obligations,plain,reasoning,True,1,2,recipients,not_ready,ready,False,3059,0.00041440000000000004,5.6367305900002975
block-0155.ordinary.session-3,block-0155,ordinary,migration-cutover-obligations,plain,reasoning,True,1,3,recipients,not_ready,ready,False,1199,0.00018769999999999998,2.887442227000065
block-0155.ordinary.session-4,block-0155,ordinary,migration-cutover-obligations,plain,reasoning,True,1,4,recipients,undetermined,ready,False,1233,0.00020970000000000003,3.5468530510001983
block-0155.ordinary.session-5,block-0155,ordinary,migration-cutover-obligations,plain,reasoning,True,1,5,recipients,undetermined,ready,False,1448,0.0003020000000000001,4.783590493000247
block-0155.ordinary.session-6,block-0155,ordinary,migration-cutover-obligations,plain,reasoning,True,1,6,recipients,ready,undetermined,False,1610,0.00035595000000000006,5.85861140399993
block-0155.ordinary.session-7,block-0155,ordinary,migration-cutover-obligations,plain,reasoning,True,1,7,recipients,ready,undetermined,False,1225,0.00020265000000000005,3.7532467450000695
block-0155.ordinary.session-8,block-0155,ordinary,migration-cutover-obligations,plain,reasoning,True,1,8,recipients,not_ready,undetermined,False,1255,0.0001765,2.94207321399972
block-0155.ordinary.session-9,block-0155,ordinary,migration-cutover-obligations,plain,reasoning,True,1,9,recipients,not_ready,undetermined,False,1112,0.00016270000000000002,2.8385158229998524
block-0155.ordinary.session-10,block-0155,ordinary,migration-cutover-obligations,plain,reasoning,True,1,10,recipients,ready,undetermined,False,1409,0.0002731,4.058674725999936
block-0156.eal.session-0,block-0156,eal,migration-cutover-obligations,reasoning,plain,True,1,0,initial,ready,ready,True,758,0.00013835000000000003,2.8848280249999334
block-0156.eal.session-1,block-0156,eal,migration-cutover-obligations,reasoning,plain,True,1,1,recipients,ready,ready,True,1434,0.0001698,1.7475198880001699
block-0156.eal.session-2,block-0156,eal,migration-cutover-obligations,reasoning,plain,True,1,2,recipients,not_ready,not_ready,True,1486,0.0001693,1.8996413189997838
block-0156.eal.session-3,block-0156,eal,migration-cutover-obligations,reasoning,plain,True,1,3,recipients,not_ready,not_ready,True,1499,0.0001745,1.877505162000034
block-0156.eal.session-4,block-0156,eal,migration-cutover-obligations,reasoning,plain,True,1,4,recipients,undetermined,undetermined,True,1371,0.00016350000000000002,1.8589199570001256
block-0156.eal.session-5,block-0156,eal,migration-cutover-obligations,reasoning,plain,True,1,5,recipients,undetermined,undetermined,True,1367,0.00016190000000000003,1.7897662120003588
block-0156.eal.session-6,block-0156,eal,migration-cutover-obligations,reasoning,plain,True,1,6,recipients,ready,ready,True,1564,0.00018219999999999998,2.208355922999999
block-0156.eal.session-7,block-0156,eal,migration-cutover-obligations,reasoning,plain,True,1,7,recipients,ready,ready,True,1558,0.0001798,1.7507919449999463
block-0156.eal.session-8,block-0156,eal,migration-cutover-obligations,reasoning,plain,True,1,8,recipients,not_ready,not_ready,True,1622,0.000185,3.626213836000261
block-0156.eal.session-9,block-0156,eal,migration-cutover-obligations,reasoning,plain,True,1,9,recipients,not_ready,not_ready,True,1651,0.0001966,2.00315484299972
block-0156.eal.session-10,block-0156,eal,migration-cutover-obligations,reasoning,plain,True,1,10,recipients,ready,ready,True,1765,0.0002023,1.9429476820000673
block-0156.ordinary.session-0,block-0156,ordinary,migration-cutover-obligations,reasoning,plain,True,1,0,initial,ready,undetermined,False,896,0.00013405,2.297473188999902
block-0156.ordinary.session-1,block-0156,ordinary,migration-cutover-obligations,reasoning,plain,True,1,1,recipients,ready,ready,True,1989,0.00021960000000000003,1.3491454770000928
block-0156.ordinary.session-2,block-0156,ordinary,migration-cutover-obligations,reasoning,plain,True,1,2,recipients,not_ready,ready,False,1952,0.00021710000000000002,1.8431711029998041
block-0156.ordinary.session-3,block-0156,ordinary,migration-cutover-obligations,reasoning,plain,True,1,3,recipients,not_ready,ready,False,2000,0.00023390000000000002,1.6484783639998568
block-0156.ordinary.session-4,block-0156,ordinary,migration-cutover-obligations,reasoning,plain,True,1,4,recipients,undetermined,ready,False,1943,0.00022850000000000002,1.4970800800001598
block-0156.ordinary.session-5,block-0156,ordinary,migration-cutover-obligations,reasoning,plain,True,1,5,recipients,undetermined,ready,False,1945,0.00022870000000000003,1.6052132000004349
block-0156.ordinary.session-6,block-0156,ordinary,migration-cutover-obligations,reasoning,plain,True,1,6,recipients,ready,ready,True,2127,0.0002412,1.7385929189999842
block-0156.ordinary.session-7,block-0156,ordinary,migration-cutover-obligations,reasoning,plain,True,1,7,recipients,ready,ready,True,2087,0.0002366,1.4685256210000261
block-0156.ordinary.session-8,block-0156,ordinary,migration-cutover-obligations,reasoning,plain,True,1,8,recipients,not_ready,ready,False,2149,0.00024280000000000005,1.7182091320000836
block-0156.ordinary.session-9,block-0156,ordinary,migration-cutover-obligations,reasoning,plain,True,1,9,recipients,not_ready,ready,False,2149,0.00024280000000000005,1.8068874659998073
block-0156.ordinary.session-10,block-0156,ordinary,migration-cutover-obligations,reasoning,plain,True,1,10,recipients,ready,ready,True,2287,0.0002575,1.6206419999998616
block-0157.eal.session-0,block-0157,eal,migration-cutover-obligations,plain,reasoning,True,0,0,initial,ready,ready,True,1431,0.0001686,1.9459797010003967
block-0157.eal.session-1,block-0157,eal,migration-cutover-obligations,plain,reasoning,True,0,1,recipients,ready,ready,True,818,0.00016235000000000002,3.233569563999936
block-0157.eal.session-2,block-0157,eal,migration-cutover-obligations,plain,reasoning,True,0,2,recipients,not_ready,not_ready,True,873,0.000184,3.2126001480000923
block-0157.eal.session-3,block-0157,eal,migration-cutover-obligations,plain,reasoning,True,0,3,recipients,not_ready,not_ready,True,840,0.0001708,3.3444572379999045
block-0157.eal.session-4,block-0157,eal,migration-cutover-obligations,plain,reasoning,True,0,4,recipients,undetermined,undetermined,True,798,0.0001533,3.0512936149998495
block-0157.eal.session-5,block-0157,eal,migration-cutover-obligations,plain,reasoning,True,0,5,recipients,undetermined,undetermined,True,896,0.0001925,3.5980247490001602
block-0157.eal.session-6,block-0157,eal,migration-cutover-obligations,plain,reasoning,True,0,6,recipients,ready,ready,True,711,0.00011954999999999999,2.985459880000235
block-0157.eal.session-7,block-0157,eal,migration-cutover-obligations,plain,reasoning,True,0,7,recipients,ready,ready,True,718,0.00012235000000000002,2.6629887049998615
block-0157.eal.session-8,block-0157,eal,migration-cutover-obligations,plain,reasoning,True,0,8,recipients,not_ready,not_ready,True,786,0.00014920000000000002,3.547952850999991
block-0157.eal.session-9,block-0157,eal,migration-cutover-obligations,plain,reasoning,True,0,9,recipients,not_ready,not_ready,True,786,0.00014920000000000002,3.0086949729998196
block-0157.eal.session-10,block-0157,eal,migration-cutover-obligations,plain,reasoning,True,0,10,recipients,ready,ready,True,728,0.00012635,3.1770023449998916
block-0157.ordinary.session-0,block-0157,ordinary,migration-cutover-obligations,plain,reasoning,True,0,0,initial,ready,ready,True,1792,0.000211,1.8524633950000862
block-0157.ordinary.session-1,block-0157,ordinary,migration-cutover-obligations,plain,reasoning,True,0,1,recipients,ready,ready,True,1169,0.00020860000000000003,3.5906734470004267
block-0157.ordinary.session-2,block-0157,ordinary,migration-cutover-obligations,plain,reasoning,True,0,2,recipients,not_ready,ready,False,1271,0.00020845000000000003,3.1525835869997536
block-0157.ordinary.session-3,block-0157,ordinary,migration-cutover-obligations,plain,reasoning,True,0,3,recipients,not_ready,ready,False,1135,0.00016875,3.1406428959999175
block-0157.ordinary.session-4,block-0157,ordinary,migration-cutover-obligations,plain,reasoning,True,0,4,recipients,undetermined,ready,False,1496,0.0003163,4.556558748000043
block-0157.ordinary.session-5,block-0157,ordinary,migration-cutover-obligations,plain,reasoning,True,0,5,recipients,undetermined,ready,False,1311,0.00025560000000000003,3.916630947000158
block-0157.ordinary.session-6,block-0157,ordinary,migration-cutover-obligations,plain,reasoning,True,0,6,recipients,ready,undetermined,False,1155,0.00018935000000000002,3.264508484000089
block-0157.ordinary.session-7,block-0157,ordinary,migration-cutover-obligations,plain,reasoning,True,0,7,recipients,ready,undetermined,False,1106,0.00018094999999999998,2.8432098370003587
block-0157.ordinary.session-8,block-0157,ordinary,migration-cutover-obligations,plain,reasoning,True,0,8,recipients,not_ready,undetermined,False,1110,0.00017555,2.923313376999886
block-0157.ordinary.session-9,block-0157,ordinary,migration-cutover-obligations,plain,reasoning,True,0,9,recipients,not_ready,ready,False,2902,0.00031660000000000005,4.511170031999882
block-0157.ordinary.session-10,block-0157,ordinary,migration-cutover-obligations,plain,reasoning,True,0,10,recipients,ready,ready,True,1122,0.00017125,2.934496027000023
block-0158.ordinary.session-0,block-0158,ordinary,migration-multiple-version-bindings,reasoning,plain,True,0,0,initial,ready,ready,True,2431,0.00026365,3.8488085220001267
block-0158.ordinary.session-1,block-0158,ordinary,migration-multiple-version-bindings,reasoning,plain,True,0,1,recipients,ready,ready,True,948,0.0001275,1.2015319810002438
block-0158.ordinary.session-2,block-0158,ordinary,migration-multiple-version-bindings,reasoning,plain,True,0,2,recipients,undetermined,ready,False,798,0.0001104,1.0285379750002903
block-0158.ordinary.session-3,block-0158,ordinary,migration-multiple-version-bindings,reasoning,plain,True,0,3,recipients,undetermined,ready,False,2130,0.00024570000000000006,1.3993293489997995
block-0158.ordinary.session-4,block-0158,ordinary,migration-multiple-version-bindings,reasoning,plain,True,0,4,recipients,not_ready,ready,False,2298,0.00026460000000000003,8.364654732999952
block-0158.ordinary.session-5,block-0158,ordinary,migration-multiple-version-bindings,reasoning,plain,True,0,5,recipients,not_ready,ready,False,2295,0.0002592,1.7795004849999714
block-0158.ordinary.session-6,block-0158,ordinary,migration-multiple-version-bindings,reasoning,plain,True,0,6,recipients,ready,ready,True,768,0.0001053,0.8445130929999323
block-0158.ordinary.session-7,block-0158,ordinary,migration-multiple-version-bindings,reasoning,plain,True,0,7,recipients,ready,ready,True,2368,0.00026890000000000003,1.6891166159998647
block-0158.ordinary.session-8,block-0158,ordinary,migration-multiple-version-bindings,reasoning,plain,True,0,8,recipients,undetermined,not_ready,False,2396,0.0002795,1.8041698069996528
block-0158.ordinary.session-9,block-0158,ordinary,migration-multiple-version-bindings,reasoning,plain,True,0,9,recipients,undetermined,not_ready,False,2436,0.00027990000000000003,1.6265027770000415
block-0158.ordinary.session-10,block-0158,ordinary,migration-multiple-version-bindings,reasoning,plain,True,0,10,recipients,not_ready,not_ready,True,2575,0.000292,1.6784911879999527
block-0158.eal.session-0,block-0158,eal,migration-multiple-version-bindings,reasoning,plain,True,0,0,initial,ready,ready,True,782,0.00014025,2.8928927110000586
block-0158.eal.session-1,block-0158,eal,migration-multiple-version-bindings,reasoning,plain,True,0,1,recipients,ready,ready,True,1545,0.0001761,2.3902875570001925
block-0158.eal.session-2,block-0158,eal,migration-multiple-version-bindings,reasoning,plain,True,0,2,recipients,undetermined,undetermined,True,1564,0.0001819,2.6188980350002566
block-0158.eal.session-3,block-0158,eal,migration-multiple-version-bindings,reasoning,plain,True,0,3,recipients,undetermined,not_ready,False,1552,0.00017710000000000002,1.9908179229996676
block-0158.eal.session-4,block-0158,eal,migration-multiple-version-bindings,reasoning,plain,True,0,4,recipients,not_ready,not_ready,True,1727,0.0001976,2.1609277719999227
block-0158.eal.session-5,block-0158,eal,migration-multiple-version-bindings,reasoning,plain,True,0,5,recipients,not_ready,not_ready,True,1726,0.0001972,2.0928111359999093
block-0158.eal.session-6,block-0158,eal,migration-multiple-version-bindings,reasoning,plain,True,0,6,recipients,ready,ready,True,1802,0.0002027,1.7749093349998475
block-0158.eal.session-7,block-0158,eal,migration-multiple-version-bindings,reasoning,plain,True,0,7,recipients,ready,ready,True,1801,0.0002023,2.296035705000122
block-0158.eal.session-8,block-0158,eal,migration-multiple-version-bindings,reasoning,plain,True,0,8,recipients,undetermined,undetermined,True,1823,0.00020930000000000002,1.943925924999803
block-0158.eal.session-9,block-0158,eal,migration-multiple-version-bindings,reasoning,plain,True,0,9,recipients,undetermined,undetermined,True,1815,0.00020610000000000002,1.6083537029999206
block-0158.eal.session-10,block-0158,eal,migration-multiple-version-bindings,reasoning,plain,True,0,10,recipients,not_ready,not_ready,True,1980,0.00022260000000000002,2.086991687000136
block-0159.ordinary.session-0,block-0159,ordinary,database-alternative-read-routes,plain,reasoning,False,1,0,initial,ready,ready,True,2114,0.00024290000000000005,2.2731527000000824
block-0159.ordinary.session-1,block-0159,ordinary,database-alternative-read-routes,plain,reasoning,False,1,1,recipients,ready,ready,True,1037,0.00015825,2.5947992859996702
block-0159.ordinary.session-2,block-0159,ordinary,database-alternative-read-routes,plain,reasoning,False,1,2,recipients,ready,ready,True,1078,0.000175,2.6155556759999854
block-0159.ordinary.session-3,block-0159,ordinary,database-alternative-read-routes,plain,reasoning,False,1,3,recipients,ready,undetermined,False,1145,0.00018360000000000002,3.372517772000265
block-0159.ordinary.session-4,block-0159,ordinary,database-alternative-read-routes,plain,reasoning,False,1,4,recipients,not_ready,undetermined,False,1016,0.00014425,2.1403352899997117
block-0159.ordinary.session-5,block-0159,ordinary,database-alternative-read-routes,plain,reasoning,False,1,5,recipients,not_ready,undetermined,False,1120,0.0001666,2.776680936000048
block-0159.ordinary.session-6,block-0159,ordinary,database-alternative-read-routes,plain,reasoning,False,1,6,recipients,undetermined,undetermined,True,1099,0.00015925,2.606110254000214
block-0159.ordinary.session-7,block-0159,ordinary,database-alternative-read-routes,plain,reasoning,False,1,7,recipients,undetermined,undetermined,True,1225,0.00020825,3.431832683000266
block-0159.ordinary.session-8,block-0159,ordinary,database-alternative-read-routes,plain,reasoning,False,1,8,recipients,ready,undetermined,False,1137,0.00016465000000000002,2.381993131999934
block-0159.ordinary.session-9,block-0159,ordinary,database-alternative-read-routes,plain,reasoning,False,1,9,recipients,ready,undetermined,False,1128,0.0001663,2.540500678999706
block-0159.ordinary.session-10,block-0159,ordinary,database-alternative-read-routes,plain,reasoning,False,1,10,recipients,undetermined,undetermined,True,1141,0.0001694,3.3843252520000533
block-0159.eal.session-0,block-0159,eal,database-alternative-read-routes,plain,reasoning,False,1,0,initial,ready,ready,True,1550,0.00017510000000000003,2.201524296000116
block-0159.eal.session-1,block-0159,eal,database-alternative-read-routes,plain,reasoning,False,1,1,recipients,ready,ready,True,663,0.0001357,2.643500574999962
block-0159.eal.session-2,block-0159,eal,database-alternative-read-routes,plain,reasoning,False,1,2,recipients,ready,ready,True,636,0.0001249,2.9197842029998355
block-0159.eal.session-3,block-0159,eal,database-alternative-read-routes,plain,reasoning,False,1,3,recipients,ready,ready,True,678,0.0001417,2.915706534000037
block-0159.eal.session-4,block-0159,eal,database-alternative-read-routes,plain,reasoning,False,1,4,recipients,not_ready,not_ready,True,753,0.00017135000000000002,3.3379079139999703
block-0159.eal.session-5,block-0159,eal,database-alternative-read-routes,plain,reasoning,False,1,5,recipients,not_ready,not_ready,True,769,0.00017775000000000004,3.3158561780001037
block-0159.eal.session-6,block-0159,eal,database-alternative-read-routes,plain,reasoning,False,1,6,recipients,undetermined,undetermined,True,679,0.00014105,3.1147042560000955
block-0159.eal.session-7,block-0159,eal,database-alternative-read-routes,plain,reasoning,False,1,7,recipients,undetermined,undetermined,True,722,0.00015825,3.86960529199996
block-0159.eal.session-8,block-0159,eal,database-alternative-read-routes,plain,reasoning,False,1,8,recipients,ready,ready,True,633,0.0001237,2.8421888499997294
block-0159.eal.session-9,block-0159,eal,database-alternative-read-routes,plain,reasoning,False,1,9,recipients,ready,ready,True,614,0.0001161,2.610176440000032
block-0159.eal.session-10,block-0159,eal,database-alternative-read-routes,plain,reasoning,False,1,10,recipients,undetermined,undetermined,True,632,0.00012225000000000002,2.5413618829998086
block-0160.ordinary.session-0,block-0160,ordinary,firmware-selective-applicability,reasoning,plain,True,2,0,initial,ready,ready,True,2391,0.00025815,3.877571382000042
block-0160.ordinary.session-1,block-0160,ordinary,firmware-selective-applicability,reasoning,plain,True,2,1,recipients,ready,ready,True,905,0.00011360000000000001,3.8377624059999107
block-0160.ordinary.session-2,block-0160,ordinary,firmware-selective-applicability,reasoning,plain,True,2,2,recipients,undetermined,ready,False,2050,0.0002347,1.9384491400001025
block-0160.ordinary.session-3,block-0160,ordinary,firmware-selective-applicability,reasoning,plain,True,2,3,recipients,undetermined,ready,False,756,0.00010320000000000001,1.5693056250001973
block-0160.ordinary.session-4,block-0160,ordinary,firmware-selective-applicability,reasoning,plain,True,2,4,recipients,not_ready,ready,False,2150,0.00023960000000000002,1.4481116130000373
block-0160.ordinary.session-5,block-0160,ordinary,firmware-selective-applicability,reasoning,plain,True,2,5,recipients,not_ready,ready,False,2110,0.00023620000000000005,1.2523341769997387
block-0160.ordinary.session-6,block-0160,ordinary,firmware-selective-applicability,reasoning,plain,True,2,6,recipients,ready,ready,True,2295,0.0002571,1.4815905890000067
block-0160.ordinary.session-7,block-0160,ordinary,firmware-selective-applicability,reasoning,plain,True,2,7,recipients,ready,ready,True,2299,0.00025390000000000005,1.8744057250000878
block-0160.ordinary.session-8,block-0160,ordinary,firmware-selective-applicability,reasoning,plain,True,2,8,recipients,undetermined,ready,False,2290,0.0002575,1.969037809999918
block-0160.ordinary.session-9,block-0160,ordinary,firmware-selective-applicability,reasoning,plain,True,2,9,recipients,undetermined,ready,False,2321,0.0002609,1.4843255359996874
block-0160.ordinary.session-10,block-0160,ordinary,firmware-selective-applicability,reasoning,plain,True,2,10,recipients,ready,ready,True,2495,0.00027770000000000003,1.4152077489998192
block-0160.eal.session-0,block-0160,eal,firmware-selective-applicability,reasoning,plain,True,2,0,initial,ready,ready,True,828,0.00015865,3.328780622999602
block-0160.eal.session-1,block-0160,eal,firmware-selective-applicability,reasoning,plain,True,2,1,recipients,ready,ready,True,1521,0.0001671,1.621840847000385
block-0160.eal.session-2,block-0160,eal,firmware-selective-applicability,reasoning,plain,True,2,2,recipients,undetermined,undetermined,True,1587,0.00019170000000000002,2.1161358270001074
block-0160.eal.session-3,block-0160,eal,firmware-selective-applicability,reasoning,plain,True,2,3,recipients,undetermined,undetermined,True,1566,0.0001833,2.1110260830000698
block-0160.eal.session-4,block-0160,eal,firmware-selective-applicability,reasoning,plain,True,2,4,recipients,not_ready,not_ready,True,1631,0.00018440000000000004,2.243025796999973
block-0160.eal.session-5,block-0160,eal,firmware-selective-applicability,reasoning,plain,True,2,5,recipients,not_ready,not_ready,True,1642,0.0001888,1.643157871999847
block-0160.eal.session-6,block-0160,eal,firmware-selective-applicability,reasoning,plain,True,2,6,recipients,ready,ready,True,1788,0.00019590000000000002,2.059123699000338
block-0160.eal.session-7,block-0160,eal,firmware-selective-applicability,reasoning,plain,True,2,7,recipients,ready,ready,True,1789,0.00019630000000000003,1.937683368999842
block-0160.eal.session-8,block-0160,eal,firmware-selective-applicability,reasoning,plain,True,2,8,recipients,undetermined,undetermined,True,1867,0.00022569999999999998,1.8947646560000067
block-0160.eal.session-9,block-0160,eal,firmware-selective-applicability,reasoning,plain,True,2,9,recipients,undetermined,undetermined,True,1836,0.0002133,2.422861100999853
block-0160.eal.session-10,block-0160,eal,firmware-selective-applicability,reasoning,plain,True,2,10,recipients,ready,ready,True,1981,0.00022090000000000003,2.0278307890002907
block-0161.ordinary.session-0,block-0161,ordinary,migration-multiple-version-bindings,plain,plain,False,1,0,initial,ready,ready,True,1939,0.0002329,2.1434655160001057
block-0161.ordinary.session-1,block-0161,ordinary,migration-multiple-version-bindings,plain,plain,False,1,1,recipients,ready,ready,True,816,0.00012270000000000003,1.8814646470000298
block-0161.ordinary.session-2,block-0161,ordinary,migration-multiple-version-bindings,plain,plain,False,1,2,recipients,undetermined,ready,False,808,0.00011229999999999999,1.0824394699998265
block-0161.ordinary.session-3,block-0161,ordinary,migration-multiple-version-bindings,plain,plain,False,1,3,recipients,undetermined,ready,False,767,0.00010760000000000001,1.1030465680000816
block-0161.ordinary.session-4,block-0161,ordinary,migration-multiple-version-bindings,plain,plain,False,1,4,recipients,not_ready,ready,False,758,0.00010460000000000001,1.220274193000023
block-0161.ordinary.session-5,block-0161,ordinary,migration-multiple-version-bindings,plain,plain,False,1,5,recipients,not_ready,ready,False,774,0.0001131,1.0623434520002775
block-0161.ordinary.session-6,block-0161,ordinary,migration-multiple-version-bindings,plain,plain,False,1,6,recipients,ready,ready,True,797,0.0001154,1.0399767339999926
block-0161.ordinary.session-7,block-0161,ordinary,migration-multiple-version-bindings,plain,plain,False,1,7,recipients,ready,ready,True,789,0.0001122,1.0443023750003704
block-0161.ordinary.session-8,block-0161,ordinary,migration-multiple-version-bindings,plain,plain,False,1,8,recipients,undetermined,ready,False,781,0.00011140000000000001,1.3885897019999902
block-0161.ordinary.session-9,block-0161,ordinary,migration-multiple-version-bindings,plain,plain,False,1,9,recipients,undetermined,ready,False,775,0.000109,1.007300923999992
block-0161.ordinary.session-10,block-0161,ordinary,migration-multiple-version-bindings,plain,plain,False,1,10,recipients,not_ready,ready,False,774,0.0001104,1.032534951999878
block-0161.eal.session-0,block-0161,eal,migration-multiple-version-bindings,plain,plain,False,1,0,initial,ready,ready,True,480,6.81e-05,1.2391320399997312
block-0161.eal.session-1,block-0161,eal,migration-multiple-version-bindings,plain,plain,False,1,1,recipients,ready,ready,True,452,6.5e-05,1.1704275329998381
block-0161.eal.session-2,block-0161,eal,migration-multiple-version-bindings,plain,plain,False,1,2,recipients,undetermined,undetermined,True,485,7.730000000000001e-05,1.264915498999926
block-0161.eal.session-3,block-0161,eal,migration-multiple-version-bindings,plain,plain,False,1,3,recipients,undetermined,undetermined,True,489,7.890000000000001e-05,1.6866387909999503
block-0161.eal.session-4,block-0161,eal,migration-multiple-version-bindings,plain,plain,False,1,4,recipients,not_ready,not_ready,True,474,7.35e-05,1.3009831039998971
block-0161.eal.session-5,block-0161,eal,migration-multiple-version-bindings,plain,plain,False,1,5,recipients,not_ready,not_ready,True,481,7.630000000000001e-05,1.4153564329999426
block-0161.eal.session-6,block-0161,eal,migration-multiple-version-bindings,plain,plain,False,1,6,recipients,ready,ready,True,451,6.46e-05,1.2735217959998408
block-0161.eal.session-7,block-0161,eal,migration-multiple-version-bindings,plain,plain,False,1,7,recipients,ready,ready,True,464,6.980000000000002e-05,1.3411758660004125
block-0161.eal.session-8,block-0161,eal,migration-multiple-version-bindings,plain,plain,False,1,8,recipients,undetermined,undetermined,True,481,7.570000000000001e-05,1.3668602230000033
block-0161.eal.session-9,block-0161,eal,migration-multiple-version-bindings,plain,plain,False,1,9,recipients,undetermined,undetermined,True,486,7.770000000000002e-05,1.4944321689999924
block-0161.eal.session-10,block-0161,eal,migration-multiple-version-bindings,plain,plain,False,1,10,recipients,not_ready,not_ready,True,467,7.07e-05,1.5201613150002231
block-0162.eal.session-0,block-0162,eal,dispatch-direct-or-tunnel,reasoning,reasoning,False,3,0,initial,ready,ready,True,776,0.00014485,3.6405730429996765
block-0162.eal.session-1,block-0162,eal,dispatch-direct-or-tunnel,reasoning,reasoning,False,3,1,recipients,ready,ready,True,583,0.00010545,2.5350290719998156
block-0162.eal.session-2,block-0162,eal,dispatch-direct-or-tunnel,reasoning,reasoning,False,3,2,recipients,not_ready,not_ready,True,768,0.00017910000000000002,3.969473325999843
block-0162.eal.session-3,block-0162,eal,dispatch-direct-or-tunnel,reasoning,reasoning,False,3,3,recipients,not_ready,not_ready,True,814,0.00019750000000000003,4.280545453000286
block-0162.eal.session-4,block-0162,eal,dispatch-direct-or-tunnel,reasoning,reasoning,False,3,4,recipients,ready,ready,True,681,0.00014465,3.058572059999733
block-0162.eal.session-5,block-0162,eal,dispatch-direct-or-tunnel,reasoning,reasoning,False,3,5,recipients,ready,ready,True,802,0.00019305,4.0449156640002
block-0162.eal.session-6,block-0162,eal,dispatch-direct-or-tunnel,reasoning,reasoning,False,3,6,recipients,undetermined,undetermined,True,668,0.0001384,3.2727970219998497
block-0162.eal.session-7,block-0162,eal,dispatch-direct-or-tunnel,reasoning,reasoning,False,3,7,recipients,undetermined,undetermined,True,714,0.00015680000000000002,3.6322069539996846
block-0162.eal.session-8,block-0162,eal,dispatch-direct-or-tunnel,reasoning,reasoning,False,3,8,recipients,ready,ready,True,701,0.00015265,3.886708412999724
block-0162.eal.session-9,block-0162,eal,dispatch-direct-or-tunnel,reasoning,reasoning,False,3,9,recipients,ready,ready,True,653,0.00013345,3.390240834999986
block-0162.eal.session-10,block-0162,eal,dispatch-direct-or-tunnel,reasoning,reasoning,False,3,10,recipients,undetermined,undetermined,True,679,0.0001428,3.7715548349997334
block-0162.ordinary.session-0,block-0162,ordinary,dispatch-direct-or-tunnel,reasoning,reasoning,False,3,0,initial,ready,ready,True,2531,0.0002459,3.525416845000109
block-0162.ordinary.session-1,block-0162,ordinary,dispatch-direct-or-tunnel,reasoning,reasoning,False,3,1,recipients,ready,ready,True,1201,0.00022210000000000003,3.531248895999852
block-0162.ordinary.session-2,block-0162,ordinary,dispatch-direct-or-tunnel,reasoning,reasoning,False,3,2,recipients,not_ready,ready,False,1157,0.00018665000000000004,2.984610178999901
block-0162.ordinary.session-3,block-0162,ordinary,dispatch-direct-or-tunnel,reasoning,reasoning,False,3,3,recipients,not_ready,ready,False,1104,0.00017175000000000003,2.844577899000342
block-0162.ordinary.session-4,block-0162,ordinary,dispatch-direct-or-tunnel,reasoning,reasoning,False,3,4,recipients,ready,ready,True,1071,0.00015820000000000002,2.4111723290002374
block-0162.ordinary.session-5,block-0162,ordinary,dispatch-direct-or-tunnel,reasoning,reasoning,False,3,5,recipients,ready,ready,True,1094,0.00015795,2.4776381239998955
block-0162.ordinary.session-6,block-0162,ordinary,dispatch-direct-or-tunnel,reasoning,reasoning,False,3,6,recipients,undetermined,undetermined,True,1606,0.00036625,5.606645086999833
block-0162.ordinary.session-7,block-0162,ordinary,dispatch-direct-or-tunnel,reasoning,reasoning,False,3,7,recipients,undetermined,undetermined,True,1136,0.00016635000000000003,2.8829614819997005
block-0162.ordinary.session-8,block-0162,ordinary,dispatch-direct-or-tunnel,reasoning,reasoning,False,3,8,recipients,ready,undetermined,False,1100,0.00015755,2.690226674999849
block-0162.ordinary.session-9,block-0162,ordinary,dispatch-direct-or-tunnel,reasoning,reasoning,False,3,9,recipients,ready,undetermined,False,1047,0.00014475,2.393199359999926
block-0162.ordinary.session-10,block-0162,ordinary,dispatch-direct-or-tunnel,reasoning,reasoning,False,3,10,recipients,undetermined,undetermined,True,1253,0.0002548,4.391840214999775
block-0163.eal.session-0,block-0163,eal,migration-cutover-obligations,reasoning,reasoning,True,0,0,initial,ready,ready,True,788,0.00015035000000000002,3.4385627310002747
block-0163.eal.session-1,block-0163,eal,migration-cutover-obligations,reasoning,reasoning,True,0,1,recipients,ready,ready,True,779,0.00014675,2.8183037109997713
block-0163.eal.session-2,block-0163,eal,migration-cutover-obligations,reasoning,reasoning,True,0,2,recipients,not_ready,not_ready,True,984,0.0002284,4.985403161999784
block-0163.eal.session-3,block-0163,eal,migration-cutover-obligations,reasoning,reasoning,True,0,3,recipients,not_ready,not_ready,True,857,0.0001776,3.6591829029998735
block-0163.eal.session-4,block-0163,eal,migration-cutover-obligations,reasoning,reasoning,True,0,4,recipients,undetermined,undetermined,True,738,0.0001293,3.0196985590000622
block-0163.eal.session-5,block-0163,eal,migration-cutover-obligations,reasoning,reasoning,True,0,5,recipients,undetermined,undetermined,True,860,0.00017810000000000002,3.3057142500001646
block-0163.eal.session-6,block-0163,eal,migration-cutover-obligations,reasoning,reasoning,True,0,6,recipients,ready,ready,True,743,0.00013235000000000002,2.8040266940001857
block-0163.eal.session-7,block-0163,eal,migration-cutover-obligations,reasoning,reasoning,True,0,7,recipients,ready,ready,True,762,0.00013995000000000001,2.9748731009999574
block-0163.eal.session-8,block-0163,eal,migration-cutover-obligations,reasoning,reasoning,True,0,8,recipients,not_ready,not_ready,True,787,0.0001496,3.0384102259999963
block-0163.eal.session-9,block-0163,eal,migration-cutover-obligations,reasoning,reasoning,True,0,9,recipients,not_ready,not_ready,True,699,0.0001144,2.4020858409999164
block-0163.eal.session-10,block-0163,eal,migration-cutover-obligations,reasoning,reasoning,True,0,10,recipients,ready,ready,True,741,0.00013155,3.0185146519997943
block-0163.ordinary.session-0,block-0163,ordinary,migration-cutover-obligations,reasoning,reasoning,True,0,0,initial,ready,ready,True,2641,0.00035710000000000006,5.364684298999691
block-0163.ordinary.session-1,block-0163,ordinary,migration-cutover-obligations,reasoning,reasoning,True,0,1,recipients,ready,ready,True,1193,0.00020175,3.2646593310000753
block-0163.ordinary.session-2,block-0163,ordinary,migration-cutover-obligations,reasoning,reasoning,True,0,2,recipients,not_ready,undetermined,False,1165,0.00019685000000000001,3.246921570000268
block-0163.ordinary.session-3,block-0163,ordinary,migration-cutover-obligations,reasoning,reasoning,True,0,3,recipients,not_ready,undetermined,False,929,0.00011645,1.8187875439998606
block-0163.ordinary.session-4,block-0163,ordinary,migration-cutover-obligations,reasoning,reasoning,True,0,4,recipients,undetermined,undetermined,True,1109,0.00018669999999999998,3.3478360809999685
block-0163.ordinary.session-5,block-0163,ordinary,migration-cutover-obligations,reasoning,reasoning,True,0,5,recipients,undetermined,undetermined,True,1181,0.00020675,3.233329899000182
block-0163.ordinary.session-6,block-0163,ordinary,migration-cutover-obligations,reasoning,reasoning,True,0,6,recipients,ready,undetermined,False,1227,0.00021255000000000002,3.273226538000017
block-0163.ordinary.session-7,block-0163,ordinary,migration-cutover-obligations,reasoning,reasoning,True,0,7,recipients,ready,undetermined,False,1086,0.0001439,2.354243970000425
block-0163.ordinary.session-8,block-0163,ordinary,migration-cutover-obligations,reasoning,reasoning,True,0,8,recipients,not_ready,undetermined,False,1228,0.00021015,3.5266134900002726
block-0163.ordinary.session-9,block-0163,ordinary,migration-cutover-obligations,reasoning,reasoning,True,0,9,recipients,not_ready,undetermined,False,1278,0.00022385000000000002,3.8540255620000607
block-0163.ordinary.session-10,block-0163,ordinary,migration-cutover-obligations,reasoning,reasoning,True,0,10,recipients,ready,undetermined,False,1308,0.0002369,3.7824408379997294
block-0164.eal.session-0,block-0164,eal,release-three-obligations,plain,plain,True,2,0,initial,ready,ready,True,1343,0.0001478,2.089951031000055
block-0164.eal.session-1,block-0164,eal,release-three-obligations,plain,plain,True,2,1,recipients,ready,ready,True,1354,0.0001522,1.6954169350001393
block-0164.eal.session-2,block-0164,eal,release-three-obligations,plain,plain,True,2,2,recipients,not_ready,not_ready,True,1447,0.0001693,1.9860265580000487
block-0164.eal.session-3,block-0164,eal,release-three-obligations,plain,plain,True,2,3,recipients,not_ready,not_ready,True,1450,0.00017050000000000002,2.6101526980000926
block-0164.eal.session-4,block-0164,eal,release-three-obligations,plain,plain,True,2,4,recipients,undetermined,undetermined,True,1525,0.0001798,2.2802126629999293
block-0164.eal.session-5,block-0164,eal,release-three-obligations,plain,plain,True,2,5,recipients,undetermined,ambiguous,,1538,0.000185,2.079609607999828
block-0164.eal.session-6,block-0164,eal,release-three-obligations,plain,plain,True,2,6,recipients,ready,ready,True,1558,0.0001744,2.047376037999584
block-0164.eal.session-7,block-0164,eal,release-three-obligations,plain,plain,True,2,7,recipients,ready,ready,True,1561,0.0001756,2.5695636020000165
block-0164.eal.session-8,block-0164,eal,release-three-obligations,plain,plain,True,2,8,recipients,undetermined,undetermined,True,1585,0.0001831,1.753630205999798
block-0164.eal.session-9,block-0164,eal,release-three-obligations,plain,plain,True,2,9,recipients,undetermined,not_ready,False,1601,0.0001895,2.0835296129998824
block-0164.eal.session-10,block-0164,eal,release-three-obligations,plain,plain,True,2,10,recipients,not_ready,not_ready,True,1767,0.0001977,2.081145412999831
block-0164.ordinary.session-0,block-0164,ordinary,release-three-obligations,plain,plain,True,2,0,initial,ready,ready,True,1729,0.0001984,1.6641889309998987
block-0164.ordinary.session-1,block-0164,ordinary,release-three-obligations,plain,plain,True,2,1,recipients,ready,ready,True,1881,0.00021240000000000004,1.6846605069999896
block-0164.ordinary.session-2,block-0164,ordinary,release-three-obligations,plain,plain,True,2,2,recipients,not_ready,not_ready,True,1967,0.00022970000000000003,1.7836525069997151
block-0164.ordinary.session-3,block-0164,ordinary,release-three-obligations,plain,plain,True,2,3,recipients,not_ready,not_ready,True,2006,0.0002279,1.7548985729999913
block-0164.ordinary.session-4,block-0164,ordinary,release-three-obligations,plain,plain,True,2,4,recipients,undetermined,not_ready,False,2030,0.00022940000000000002,1.949966090000089
block-0164.ordinary.session-5,block-0164,ordinary,release-three-obligations,plain,plain,True,2,5,recipients,undetermined,not_ready,False,2044,0.0002368,1.5123198969999976
block-0164.ordinary.session-6,block-0164,ordinary,release-three-obligations,plain,plain,True,2,6,recipients,ready,not_ready,False,2153,0.00024800000000000007,1.5118492739998146
block-0164.ordinary.session-7,block-0164,ordinary,release-three-obligations,plain,plain,True,2,7,recipients,ready,not_ready,False,2151,0.00024660000000000003,1.8378050059995985
block-0164.ordinary.session-8,block-0164,ordinary,release-three-obligations,plain,plain,True,2,8,recipients,undetermined,not_ready,False,2158,0.0002515,1.4800535060003313
block-0164.ordinary.session-9,block-0164,ordinary,release-three-obligations,plain,plain,True,2,9,recipients,undetermined,not_ready,False,2168,0.0002471,1.8589057869999124
block-0164.ordinary.session-10,block-0164,ordinary,release-three-obligations,plain,plain,True,2,10,recipients,not_ready,not_ready,True,2357,0.00027410000000000005,2.212988463000329
block-0165.eal.session-0,block-0165,eal,firmware-selective-applicability,plain,reasoning,True,1,0,initial,ready,ready,True,1524,0.0001683,2.524285258999953
block-0165.eal.session-1,block-0165,eal,firmware-selective-applicability,plain,reasoning,True,1,1,recipients,ready,ready,True,753,0.00012865,2.7091457470000933
block-0165.eal.session-2,block-0165,eal,firmware-selective-applicability,plain,reasoning,True,1,2,recipients,undetermined,undetermined,True,848,0.00016560000000000001,3.1316413929998816
block-0165.eal.session-3,block-0165,eal,firmware-selective-applicability,plain,reasoning,True,1,3,recipients,undetermined,undetermined,True,754,0.000128,2.9363013040001533
block-0165.eal.session-4,block-0165,eal,firmware-selective-applicability,plain,reasoning,True,1,4,recipients,not_ready,not_ready,True,809,0.00015069999999999998,3.6617895170002157
block-0165.eal.session-5,block-0165,eal,firmware-selective-applicability,plain,reasoning,True,1,5,recipients,not_ready,not_ready,True,752,0.00012790000000000002,2.5213350720000562
block-0165.eal.session-6,block-0165,eal,firmware-selective-applicability,plain,reasoning,True,1,6,recipients,ready,ready,True,832,0.00016025,2.9713224440001795
block-0165.eal.session-7,block-0165,eal,firmware-selective-applicability,plain,reasoning,True,1,7,recipients,ready,ready,True,862,0.00017225,3.3865953140002603
block-0165.eal.session-8,block-0165,eal,firmware-selective-applicability,plain,reasoning,True,1,8,recipients,undetermined,undetermined,True,786,0.0001408,3.0725069340001028
block-0165.eal.session-9,block-0165,eal,firmware-selective-applicability,plain,reasoning,True,1,9,recipients,undetermined,undetermined,True,982,0.00021920000000000002,3.739038210000217
block-0165.eal.session-10,block-0165,eal,firmware-selective-applicability,plain,reasoning,True,1,10,recipients,ready,ready,True,824,0.00015705000000000002,3.1732620180000595
block-0165.ordinary.session-0,block-0165,ordinary,firmware-selective-applicability,plain,reasoning,True,1,0,initial,ready,ready,True,1880,0.0002153,1.404798269999901
block-0165.ordinary.session-1,block-0165,ordinary,firmware-selective-applicability,plain,reasoning,True,1,1,recipients,ready,ready,True,2555,0.00024500000000000005,3.0459744939998927
block-0165.ordinary.session-2,block-0165,ordinary,firmware-selective-applicability,plain,reasoning,True,1,2,recipients,undetermined,ready,False,1252,0.0002166,3.492614850999871
block-0165.ordinary.session-3,block-0165,ordinary,firmware-selective-applicability,plain,reasoning,True,1,3,recipients,undetermined,ready,False,3224,0.00036525,4.5271598039998935
block-0165.ordinary.session-4,block-0165,ordinary,firmware-selective-applicability,plain,reasoning,True,1,4,recipients,not_ready,ready,False,2877,0.0003178,4.674148709999827
block-0165.ordinary.session-5,block-0165,ordinary,firmware-selective-applicability,plain,reasoning,True,1,5,recipients,not_ready,ready,False,1253,0.00021805000000000001,3.8819812690003346
block-0165.ordinary.session-6,block-0165,ordinary,firmware-selective-applicability,plain,reasoning,True,1,6,recipients,ready,ready,True,1287,0.00021695000000000002,3.1675122720002946
block-0165.ordinary.session-7,block-0165,ordinary,firmware-selective-applicability,plain,reasoning,True,1,7,recipients,ready,ready,True,1079,0.00016105,2.8155095580000307
block-0165.ordinary.session-8,block-0165,ordinary,firmware-selective-applicability,plain,reasoning,True,1,8,recipients,undetermined,ready,False,1180,0.00019270000000000002,3.5909347209999396
block-0165.ordinary.session-9,block-0165,ordinary,firmware-selective-applicability,plain,reasoning,True,1,9,recipients,undetermined,undetermined,True,3329,0.00040270000000000003,5.429831637000007
block-0165.ordinary.session-10,block-0165,ordinary,firmware-selective-applicability,plain,reasoning,True,1,10,recipients,ready,undetermined,False,1323,0.000203,3.1356619120001596
block-0166.ordinary.session-0,block-0166,ordinary,database-alternative-read-routes,plain,plain,True,1,0,initial,ready,ready,True,2164,0.00026290000000000005,2.043200170000091
block-0166.ordinary.session-1,block-0166,ordinary,database-alternative-read-routes,plain,plain,True,1,1,recipients,ready,ready,True,907,0.000118,0.9153646279996792
block-0166.ordinary.session-2,block-0166,ordinary,database-alternative-read-routes,plain,plain,True,1,2,recipients,ready,ready,True,2476,0.0002764,1.4049956869998823
block-0166.ordinary.session-3,block-0166,ordinary,database-alternative-read-routes,plain,plain,True,1,3,recipients,ready,ready,True,845,0.000113,0.8601862269997582
block-0166.ordinary.session-4,block-0166,ordinary,database-alternative-read-routes,plain,plain,True,1,4,recipients,not_ready,undetermined,False,2693,0.00032360000000000006,1.858244379000098
block-0166.ordinary.session-5,block-0166,ordinary,database-alternative-read-routes,plain,plain,True,1,5,recipients,not_ready,undetermined,False,929,0.0001199,1.0978110360001665
block-0166.ordinary.session-6,block-0166,ordinary,database-alternative-read-routes,plain,plain,True,1,6,recipients,undetermined,undetermined,True,2483,0.00028040000000000004,1.7146758819999377
block-0166.ordinary.session-7,block-0166,ordinary,database-alternative-read-routes,plain,plain,True,1,7,recipients,undetermined,undetermined,True,2502,0.00028440000000000003,1.9109680319998006
block-0166.ordinary.session-8,block-0166,ordinary,database-alternative-read-routes,plain,plain,True,1,8,recipients,ready,undetermined,False,2702,0.0003059,1.9132773960000122
block-0166.ordinary.session-9,block-0166,ordinary,database-alternative-read-routes,plain,plain,True,1,9,recipients,ready,undetermined,False,2722,0.0003109,1.5938383000002432
block-0166.ordinary.session-10,block-0166,ordinary,database-alternative-read-routes,plain,plain,True,1,10,recipients,undetermined,undetermined,True,2741,0.00031220000000000005,1.4754866500002208
block-0166.eal.session-0,block-0166,eal,database-alternative-read-routes,plain,plain,True,1,0,initial,ready,ready,True,1577,0.00018590000000000002,1.8494910590002291
block-0166.eal.session-1,block-0166,eal,database-alternative-read-routes,plain,plain,True,1,1,recipients,ready,ready,True,1556,0.00017750000000000003,2.0983823550000125
block-0166.eal.session-2,block-0166,eal,database-alternative-read-routes,plain,plain,True,1,2,recipients,ready,ready,True,456,6.300000000000001e-05,1.3188200049999068
block-0166.eal.session-3,block-0166,eal,database-alternative-read-routes,plain,plain,True,1,3,recipients,ready,ready,True,1736,0.00019520000000000003,1.8429540299998735
block-0166.eal.session-4,block-0166,eal,database-alternative-read-routes,plain,plain,True,1,4,recipients,not_ready,not_ready,True,1877,0.0002138,2.040977157999805
block-0166.eal.session-5,block-0166,eal,database-alternative-read-routes,plain,plain,True,1,5,recipients,not_ready,not_ready,True,1888,0.0002182,1.809334633999697
block-0166.eal.session-6,block-0166,eal,database-alternative-read-routes,plain,plain,True,1,6,recipients,undetermined,undetermined,True,1761,0.000204,1.833387121999749
block-0166.eal.session-7,block-0166,eal,database-alternative-read-routes,plain,plain,True,1,7,recipients,undetermined,undetermined,True,1752,0.0002004,2.0032813499997246
block-0166.eal.session-8,block-0166,eal,database-alternative-read-routes,plain,plain,True,1,8,recipients,ready,ready,True,1913,0.0002123,2.282285022999986
block-0166.eal.session-9,block-0166,eal,database-alternative-read-routes,plain,plain,True,1,9,recipients,ready,ready,True,1925,0.00021710000000000002,1.9155857910000123
block-0166.eal.session-10,block-0166,eal,database-alternative-read-routes,plain,plain,True,1,10,recipients,undetermined,undetermined,True,1931,0.0002174,1.956989646999773
block-0167.eal.session-0,block-0167,eal,migration-cutover-obligations,reasoning,plain,False,0,0,initial,ready,ready,True,715,0.00012115,2.6777484240001286
block-0167.eal.session-1,block-0167,eal,migration-cutover-obligations,reasoning,plain,False,0,1,recipients,ready,ready,True,437,6.56e-05,1.2916897780000909
block-0167.eal.session-2,block-0167,eal,migration-cutover-obligations,reasoning,plain,False,0,2,recipients,not_ready,not_ready,True,425,6.05e-05,1.1346969870000976
block-0167.eal.session-3,block-0167,eal,migration-cutover-obligations,reasoning,plain,False,0,3,recipients,not_ready,not_ready,True,464,7.609999999999999e-05,1.4577153440000075
block-0167.eal.session-4,block-0167,eal,migration-cutover-obligations,reasoning,plain,False,0,4,recipients,undetermined,undetermined,True,459,7.35e-05,1.6241039720002846
block-0167.eal.session-5,block-0167,eal,migration-cutover-obligations,reasoning,plain,False,0,5,recipients,undetermined,undetermined,True,445,6.790000000000001e-05,1.253036985000108
block-0167.eal.session-6,block-0167,eal,migration-cutover-obligations,reasoning,plain,False,0,6,recipients,ready,ready,True,432,6.36e-05,1.3557701509998878
block-0167.eal.session-7,block-0167,eal,migration-cutover-obligations,reasoning,plain,False,0,7,recipients,ready,ready,True,434,6.440000000000001e-05,1.2596268910001527
block-0167.eal.session-8,block-0167,eal,migration-cutover-obligations,reasoning,plain,False,0,8,recipients,not_ready,not_ready,True,449,7.01e-05,1.3512106629996197
block-0167.eal.session-9,block-0167,eal,migration-cutover-obligations,reasoning,plain,False,0,9,recipients,not_ready,not_ready,True,482,8.33e-05,1.2165686180001103
block-0167.eal.session-10,block-0167,eal,migration-cutover-obligations,reasoning,plain,False,0,10,recipients,ready,ready,True,421,5.92e-05,1.7561714869998468
block-0167.ordinary.session-0,block-0167,ordinary,migration-cutover-obligations,reasoning,plain,False,0,0,initial,ready,ready,True,2363,0.00026445000000000006,4.090511289999995
block-0167.ordinary.session-1,block-0167,ordinary,migration-cutover-obligations,reasoning,plain,False,0,1,recipients,ready,ready,True,751,0.00011020000000000002,1.2058857359998
block-0167.ordinary.session-2,block-0167,ordinary,migration-cutover-obligations,reasoning,plain,False,0,2,recipients,not_ready,ready,False,776,0.00011360000000000001,1.1078970220000883
block-0167.ordinary.session-3,block-0167,ordinary,migration-cutover-obligations,reasoning,plain,False,0,3,recipients,not_ready,ready,False,758,0.0001055,1.0888903999998547
block-0167.ordinary.session-4,block-0167,ordinary,migration-cutover-obligations,reasoning,plain,False,0,4,recipients,undetermined,ready,False,746,0.000107,1.2035882330001186
block-0167.ordinary.session-5,block-0167,ordinary,migration-cutover-obligations,reasoning,plain,False,0,5,recipients,undetermined,ready,False,770,0.0001121,1.4448860910001713
block-0167.ordinary.session-6,block-0167,ordinary,migration-cutover-obligations,reasoning,plain,False,0,6,recipients,ready,ready,True,786,0.00011580000000000001,1.2645596590000423
block-0167.ordinary.session-7,block-0167,ordinary,migration-cutover-obligations,reasoning,plain,False,0,7,recipients,ready,ready,True,818,0.0001265,2.3661284260001594
block-0167.ordinary.session-8,block-0167,ordinary,migration-cutover-obligations,reasoning,plain,False,0,8,recipients,not_ready,ready,False,845,0.0001298,1.0467654520002725
block-0167.ordinary.session-9,block-0167,ordinary,migration-cutover-obligations,reasoning,plain,False,0,9,recipients,not_ready,ready,False,853,0.00013060000000000003,0.9375915629998417
block-0167.ordinary.session-10,block-0167,ordinary,migration-cutover-obligations,reasoning,plain,False,0,10,recipients,ready,ready,True,842,0.0001265,1.3512961649998942
block-0168.eal.session-0,block-0168,eal,release-three-obligations,plain,reasoning,True,2,0,initial,ready,ready,True,1356,0.000153,2.615827118999732
block-0168.eal.session-1,block-0168,eal,release-three-obligations,plain,reasoning,True,2,1,recipients,ready,ready,True,750,0.0001432,3.1946606090000387
block-0168.eal.session-2,block-0168,eal,release-three-obligations,plain,reasoning,True,2,2,recipients,not_ready,not_ready,True,673,0.00011205000000000001,2.3008157369999935
block-0168.eal.session-3,block-0168,eal,release-three-obligations,plain,reasoning,True,2,3,recipients,not_ready,not_ready,True,773,0.00015205,2.842954073999863
block-0168.eal.session-4,block-0168,eal,release-three-obligations,plain,reasoning,True,2,4,recipients,undetermined,undetermined,True,865,0.00018815000000000005,3.7324012109997966
block-0168.eal.session-5,block-0168,eal,release-three-obligations,plain,reasoning,True,2,5,recipients,undetermined,undetermined,True,735,0.00013615,2.8308808540000427
block-0168.eal.session-6,block-0168,eal,release-three-obligations,plain,reasoning,True,2,6,recipients,ready,ready,True,746,0.0001416,2.779345631999604
block-0168.eal.session-7,block-0168,eal,release-three-obligations,plain,reasoning,True,2,7,recipients,ready,ready,True,840,0.00017920000000000002,3.331446930999846
block-0168.eal.session-8,block-0168,eal,release-three-obligations,plain,reasoning,True,2,8,recipients,undetermined,undetermined,True,828,0.00017335,3.458731010000065
block-0168.eal.session-9,block-0168,eal,release-three-obligations,plain,reasoning,True,2,9,recipients,undetermined,undetermined,True,708,0.00012535,2.4155244480002693
block-0168.eal.session-10,block-0168,eal,release-three-obligations,plain,reasoning,True,2,10,recipients,not_ready,not_ready,True,799,0.00016245,3.184730753999702
block-0168.ordinary.session-0,block-0168,ordinary,release-three-obligations,plain,reasoning,True,2,0,initial,ready,ready,True,1718,0.000194,2.441131108999798
block-0168.ordinary.session-1,block-0168,ordinary,release-three-obligations,plain,reasoning,True,2,1,recipients,ready,ready,True,960,0.0001432,2.2389947930000744
block-0168.ordinary.session-2,block-0168,ordinary,release-three-obligations,plain,reasoning,True,2,2,recipients,not_ready,ready,False,1154,0.0002054,3.27407962999996
block-0168.ordinary.session-3,block-0168,ordinary,release-three-obligations,plain,reasoning,True,2,3,recipients,not_ready,ready,False,1062,0.0001686,2.6410536419998607
block-0168.ordinary.session-4,block-0168,ordinary,release-three-obligations,plain,reasoning,True,2,4,recipients,undetermined,ready,False,1089,0.00017835,3.111486259999765
block-0168.ordinary.session-5,block-0168,ordinary,release-three-obligations,plain,reasoning,True,2,5,recipients,undetermined,ready,False,959,0.00012844999999999998,1.8286785489999602
block-0168.ordinary.session-6,block-0168,ordinary,release-three-obligations,plain,reasoning,True,2,6,recipients,ready,ready,True,965,0.00013015,1.842526098000235
block-0168.ordinary.session-7,block-0168,ordinary,release-three-obligations,plain,reasoning,True,2,7,recipients,ready,ready,True,983,0.00013455000000000002,2.1335875059999125
block-0168.ordinary.session-8,block-0168,ordinary,release-three-obligations,plain,reasoning,True,2,8,recipients,undetermined,ready,False,1040,0.00015385000000000003,2.301648364999892
block-0168.ordinary.session-9,block-0168,ordinary,release-three-obligations,plain,reasoning,True,2,9,recipients,undetermined,ready,False,1000,0.00013890000000000002,2.315039763000186
block-0168.ordinary.session-10,block-0168,ordinary,release-three-obligations,plain,reasoning,True,2,10,recipients,not_ready,ready,False,1052,0.00015690000000000002,2.639654228999916
block-0169.eal.session-0,block-0169,eal,release-three-obligations,reasoning,reasoning,False,1,0,initial,ready,ready,True,771,0.00015160000000000003,3.535574472999997
block-0169.eal.session-1,block-0169,eal,release-three-obligations,reasoning,reasoning,False,1,1,recipients,ready,ready,True,618,0.0001282,2.5628783669999393
block-0169.eal.session-2,block-0169,eal,release-three-obligations,reasoning,reasoning,False,1,2,recipients,not_ready,not_ready,True,528,9.185e-05,2.2093519810000544
block-0169.eal.session-3,block-0169,eal,release-three-obligations,reasoning,reasoning,False,1,3,recipients,not_ready,ambiguous,,559,0.00010425,2.6137112960000195
block-0169.eal.session-4,block-0169,eal,release-three-obligations,reasoning,reasoning,False,1,4,recipients,undetermined,undetermined,True,780,0.00019195,3.907408303000011
block-0169.eal.session-5,block-0169,eal,release-three-obligations,reasoning,reasoning,False,1,5,recipients,undetermined,undetermined,True,633,0.00013315,2.9738619169997946
block-0169.eal.session-6,block-0169,eal,release-three-obligations,reasoning,reasoning,False,1,6,recipients,ready,ready,True,606,0.00012340000000000002,2.823916833000112
block-0169.eal.session-7,block-0169,eal,release-three-obligations,reasoning,reasoning,False,1,7,recipients,ready,ready,True,664,0.00014659999999999999,3.2648509199998443
block-0169.eal.session-8,block-0169,eal,release-three-obligations,reasoning,reasoning,False,1,8,recipients,undetermined,undetermined,True,565,0.00010595000000000001,2.4844240479997097
block-0169.eal.session-9,block-0169,eal,release-three-obligations,reasoning,reasoning,False,1,9,recipients,undetermined,undetermined,True,712,0.00016475,3.2004845419996855
block-0169.eal.session-10,block-0169,eal,release-three-obligations,reasoning,reasoning,False,1,10,recipients,not_ready,not_ready,True,610,0.00012465,2.6825280299999577
block-0169.ordinary.session-0,block-0169,ordinary,release-three-obligations,reasoning,reasoning,False,1,0,initial,ready,ready,True,2088,0.00018035000000000002,2.935416322999572
block-0169.ordinary.session-1,block-0169,ordinary,release-three-obligations,reasoning,reasoning,False,1,1,recipients,ready,ready,True,989,0.0001751,2.7459938890001467
block-0169.ordinary.session-2,block-0169,ordinary,release-three-obligations,reasoning,reasoning,False,1,2,recipients,not_ready,ready,False,891,0.00012890000000000002,1.9545391619999464
block-0169.ordinary.session-3,block-0169,ordinary,release-three-obligations,reasoning,reasoning,False,1,3,recipients,not_ready,undetermined,False,1369,0.00032290000000000004,4.578729317000125
block-0169.ordinary.session-4,block-0169,ordinary,release-three-obligations,reasoning,reasoning,False,1,4,recipients,undetermined,undetermined,True,1050,0.00019425,3.1180735269999786
block-0169.ordinary.session-5,block-0169,ordinary,release-three-obligations,reasoning,reasoning,False,1,5,recipients,undetermined,undetermined,True,1064,0.00019669999999999998,3.596018780000122
block-0169.ordinary.session-6,block-0169,ordinary,release-three-obligations,reasoning,reasoning,False,1,6,recipients,ready,undetermined,False,1035,0.00019175,3.0246205650000775
block-0169.ordinary.session-7,block-0169,ordinary,release-three-obligations,reasoning,reasoning,False,1,7,recipients,ready,undetermined,False,985,0.00015425,2.2522705840001436
block-0169.ordinary.session-8,block-0169,ordinary,release-three-obligations,reasoning,reasoning,False,1,8,recipients,undetermined,undetermined,True,930,0.000127,2.2371397020001496
block-0169.ordinary.session-9,block-0169,ordinary,release-three-obligations,reasoning,reasoning,False,1,9,recipients,undetermined,undetermined,True,917,0.00013965,2.354165159000331
block-0169.ordinary.session-10,block-0169,ordinary,release-three-obligations,reasoning,reasoning,False,1,10,recipients,not_ready,undetermined,False,866,0.00011645000000000001,1.771269138000207
block-0170.eal.session-0,block-0170,eal,firmware-selective-applicability,plain,plain,True,3,0,initial,ready,ready,True,1516,0.0001651,1.9604007899997669
block-0170.eal.session-1,block-0170,eal,firmware-selective-applicability,plain,plain,True,3,1,recipients,ready,ready,True,1522,0.0001675,1.942948427000374
block-0170.eal.session-2,block-0170,eal,firmware-selective-applicability,plain,plain,True,3,2,recipients,undetermined,not_ready,False,1582,0.00018970000000000003,2.600130815999819
block-0170.eal.session-3,block-0170,eal,firmware-selective-applicability,plain,plain,True,3,3,recipients,undetermined,undetermined,True,1558,0.00018010000000000004,2.4630689500004337
block-0170.eal.session-4,block-0170,eal,firmware-selective-applicability,plain,plain,True,3,4,recipients,not_ready,not_ready,True,1631,0.00018440000000000004,2.3324850570002127
block-0170.eal.session-5,block-0170,eal,firmware-selective-applicability,plain,plain,True,3,5,recipients,not_ready,not_ready,True,1629,0.00018360000000000002,2.020586140999967
block-0170.eal.session-6,block-0170,eal,firmware-selective-applicability,plain,plain,True,3,6,recipients,ready,ready,True,1786,0.0001951,1.7982240569999703
block-0170.eal.session-7,block-0170,eal,firmware-selective-applicability,plain,plain,True,3,7,recipients,ready,ready,True,1781,0.0001931,1.7025255610001295
block-0170.eal.session-8,block-0170,eal,firmware-selective-applicability,plain,plain,True,3,8,recipients,undetermined,not_ready,False,1824,0.0002085,2.03899476100014
block-0170.eal.session-9,block-0170,eal,firmware-selective-applicability,plain,plain,True,3,9,recipients,undetermined,ready,False,1875,0.0002289,2.4590502360001665
block-0170.eal.session-10,block-0170,eal,firmware-selective-applicability,plain,plain,True,3,10,recipients,ready,ready,True,1976,0.0002189,2.0999973329999193
block-0170.ordinary.session-0,block-0170,ordinary,firmware-selective-applicability,plain,plain,True,3,0,initial,ready,ready,True,1888,0.00021850000000000003,1.9053892259998975
block-0170.ordinary.session-1,block-0170,ordinary,firmware-selective-applicability,plain,plain,True,3,1,recipients,ready,ready,True,2066,0.00023450000000000004,1.474636591000035
block-0170.ordinary.session-2,block-0170,ordinary,firmware-selective-applicability,plain,plain,True,3,2,recipients,undetermined,ready,False,2054,0.00023330000000000003,1.9189750870000353
block-0170.ordinary.session-3,block-0170,ordinary,firmware-selective-applicability,plain,plain,True,3,3,recipients,undetermined,ready,False,2054,0.00023330000000000003,1.716908420999971
block-0170.ordinary.session-4,block-0170,ordinary,firmware-selective-applicability,plain,plain,True,3,4,recipients,not_ready,not_ready,True,2171,0.000254,2.3473272350001935
block-0170.ordinary.session-5,block-0170,ordinary,firmware-selective-applicability,plain,plain,True,3,5,recipients,not_ready,not_ready,True,2227,0.0002584,1.7542740890003188
block-0170.ordinary.session-6,block-0170,ordinary,firmware-selective-applicability,plain,plain,True,3,6,recipients,ready,not_ready,False,2392,0.0002749,2.177101531000062
block-0170.ordinary.session-7,block-0170,ordinary,firmware-selective-applicability,plain,plain,True,3,7,recipients,ready,not_ready,False,2394,0.00027570000000000003,2.4380926829999225
block-0170.ordinary.session-8,block-0170,ordinary,firmware-selective-applicability,plain,plain,True,3,8,recipients,undetermined,not_ready,False,2396,0.0002753,1.5909335979999923
block-0170.ordinary.session-9,block-0170,ordinary,firmware-selective-applicability,plain,plain,True,3,9,recipients,undetermined,not_ready,False,2398,0.0002773,1.72777891800024
block-0170.ordinary.session-10,block-0170,ordinary,firmware-selective-applicability,plain,plain,True,3,10,recipients,ready,not_ready,False,2581,0.0002947,1.897507793999921
block-0171.eal.session-0,block-0171,eal,firmware-selective-applicability,reasoning,plain,False,3,0,initial,ready,ready,True,864,0.00017305,3.7384056360001523
block-0171.eal.session-1,block-0171,eal,firmware-selective-applicability,reasoning,plain,False,3,1,recipients,ready,ready,True,442,6.1e-05,1.3572636670000975
block-0171.eal.session-2,block-0171,eal,firmware-selective-applicability,reasoning,plain,False,3,2,recipients,undetermined,undetermined,True,464,6.890000000000001e-05,1.7943599349996475
block-0171.eal.session-3,block-0171,eal,firmware-selective-applicability,reasoning,plain,False,3,3,recipients,undetermined,undetermined,True,467,7.010000000000001e-05,1.3276190279998445
block-0171.eal.session-4,block-0171,eal,firmware-selective-applicability,reasoning,plain,False,3,4,recipients,not_ready,not_ready,True,437,5.8700000000000004e-05,1.3272733830003745
block-0171.eal.session-5,block-0171,eal,firmware-selective-applicability,reasoning,plain,False,3,5,recipients,not_ready,not_ready,True,458,6.71e-05,1.1940005850001398
block-0171.eal.session-6,block-0171,eal,firmware-selective-applicability,reasoning,plain,False,3,6,recipients,ready,ready,True,435,5.8200000000000005e-05,1.3212695369998073
block-0171.eal.session-7,block-0171,eal,firmware-selective-applicability,reasoning,plain,False,3,7,recipients,ready,ready,True,462,6.9e-05,1.125494986999911
block-0171.eal.session-8,block-0171,eal,firmware-selective-applicability,reasoning,plain,False,3,8,recipients,undetermined,undetermined,True,458,6.65e-05,1.302861326999846
block-0171.eal.session-9,block-0171,eal,firmware-selective-applicability,reasoning,plain,False,3,9,recipients,undetermined,undetermined,True,463,6.85e-05,1.5956908079997447
block-0171.eal.session-10,block-0171,eal,firmware-selective-applicability,reasoning,plain,False,3,10,recipients,ready,ready,True,461,6.86e-05,1.2434486379997907
block-0171.ordinary.session-0,block-0171,ordinary,firmware-selective-applicability,reasoning,plain,False,3,0,initial,ready,ready,True,2251,0.00020495,2.8454265000000305
block-0171.ordinary.session-1,block-0171,ordinary,firmware-selective-applicability,reasoning,plain,False,3,1,recipients,ready,ready,True,774,0.0001002,1.2757761409998238
block-0171.ordinary.session-2,block-0171,ordinary,firmware-selective-applicability,reasoning,plain,False,3,2,recipients,undetermined,ready,False,705,9.42e-05,0.9360148880000452
block-0171.ordinary.session-3,block-0171,ordinary,firmware-selective-applicability,reasoning,plain,False,3,3,recipients,undetermined,ready,False,733,0.0001045,1.1747734689997742
block-0171.ordinary.session-4,block-0171,ordinary,firmware-selective-applicability,reasoning,plain,False,3,4,recipients,not_ready,ready,False,762,0.00010860000000000001,1.347098798999923
block-0171.ordinary.session-5,block-0171,ordinary,firmware-selective-applicability,reasoning,plain,False,3,5,recipients,not_ready,ready,False,774,0.0001122,1.142576310000095
block-0171.ordinary.session-6,block-0171,ordinary,firmware-selective-applicability,reasoning,plain,False,3,6,recipients,ready,ready,True,774,0.00010980000000000001,0.9258912059999602
block-0171.ordinary.session-7,block-0171,ordinary,firmware-selective-applicability,reasoning,plain,False,3,7,recipients,ready,ready,True,796,0.000121,1.3240278110001782
block-0171.ordinary.session-8,block-0171,ordinary,firmware-selective-applicability,reasoning,plain,False,3,8,recipients,undetermined,ready,False,816,0.00012,1.0060281019996182
block-0171.ordinary.session-9,block-0171,ordinary,firmware-selective-applicability,reasoning,plain,False,3,9,recipients,undetermined,ready,False,776,0.000107,1.1379935149998346
block-0171.ordinary.session-10,block-0171,ordinary,firmware-selective-applicability,reasoning,plain,False,3,10,recipients,ready,ready,True,742,0.00010240000000000001,0.9854738149997502
block-0172.ordinary.session-0,block-0172,ordinary,migration-multiple-version-bindings,plain,plain,True,2,0,initial,ready,ready,True,1921,0.0002257,1.807796758999757
block-0172.ordinary.session-1,block-0172,ordinary,migration-multiple-version-bindings,plain,plain,True,2,1,recipients,ready,ready,True,767,0.00010070000000000001,1.0361222839997026
block-0172.ordinary.session-2,block-0172,ordinary,migration-multiple-version-bindings,plain,plain,True,2,2,recipients,undetermined,ready,False,769,0.0001081,1.0497924589999457
block-0172.ordinary.session-3,block-0172,ordinary,migration-multiple-version-bindings,plain,plain,True,2,3,recipients,undetermined,ready,False,802,0.00011410000000000001,1.3261241659997722
block-0172.ordinary.session-4,block-0172,ordinary,migration-multiple-version-bindings,plain,plain,True,2,4,recipients,not_ready,not_ready,True,2296,0.0002548,1.7902546640002583
block-0172.ordinary.session-5,block-0172,ordinary,migration-multiple-version-bindings,plain,plain,True,2,5,recipients,not_ready,not_ready,True,2216,0.00024680000000000004,1.519531614999778
block-0172.ordinary.session-6,block-0172,ordinary,migration-multiple-version-bindings,plain,plain,True,2,6,recipients,ready,not_ready,False,2302,0.0002557,1.490314299000147
block-0172.ordinary.session-7,block-0172,ordinary,migration-multiple-version-bindings,plain,plain,True,2,7,recipients,ready,not_ready,False,2314,0.00025990000000000003,1.4351466430002802
block-0172.ordinary.session-8,block-0172,ordinary,migration-multiple-version-bindings,plain,plain,True,2,8,recipients,undetermined,not_ready,False,2338,0.0002635,1.3822587849999763
block-0172.ordinary.session-9,block-0172,ordinary,migration-multiple-version-bindings,plain,plain,True,2,9,recipients,undetermined,not_ready,False,2348,0.0002651,1.9915914120001617
block-0172.ordinary.session-10,block-0172,ordinary,migration-multiple-version-bindings,plain,plain,True,2,10,recipients,not_ready,not_ready,True,2515,0.00028,1.7126683530000264
block-0172.eal.session-0,block-0172,eal,migration-multiple-version-bindings,plain,plain,True,2,0,initial,ready,ready,True,1538,0.00017329999999999998,1.8173000189999584
block-0172.eal.session-1,block-0172,eal,migration-multiple-version-bindings,plain,plain,True,2,1,recipients,ready,ready,True,1542,0.0001749,2.102446493000116
block-0172.eal.session-2,block-0172,eal,migration-multiple-version-bindings,plain,plain,True,2,2,recipients,undetermined,undetermined,True,1560,0.00018030000000000002,2.1620524770000884
block-0172.eal.session-3,block-0172,eal,migration-multiple-version-bindings,plain,plain,True,2,3,recipients,undetermined,undetermined,True,1565,0.0001823,1.6607641320001676
block-0172.eal.session-4,block-0172,eal,migration-multiple-version-bindings,plain,plain,True,2,4,recipients,not_ready,not_ready,True,1711,0.0001912,1.721436697000172
block-0172.eal.session-5,block-0172,eal,migration-multiple-version-bindings,plain,plain,True,2,5,recipients,not_ready,not_ready,True,1758,0.00020999999999999998,2.354350548000184
block-0172.eal.session-6,block-0172,eal,migration-multiple-version-bindings,plain,plain,True,2,6,recipients,ready,ready,True,1783,0.0001951,2.1885138170000573
block-0172.eal.session-7,block-0172,eal,migration-multiple-version-bindings,plain,plain,True,2,7,recipients,ready,ready,True,1807,0.0002047,2.192512509000153
block-0172.eal.session-8,block-0172,eal,migration-multiple-version-bindings,plain,plain,True,2,8,recipients,undetermined,undetermined,True,1797,0.00019890000000000004,2.0869772050000392
block-0172.eal.session-9,block-0172,eal,migration-multiple-version-bindings,plain,plain,True,2,9,recipients,undetermined,undetermined,True,1822,0.00020890000000000004,2.0105726330002653
block-0172.eal.session-10,block-0172,eal,migration-multiple-version-bindings,plain,plain,True,2,10,recipients,not_ready,not_ready,True,1977,0.00022140000000000001,1.9179006889999073
block-0173.eal.session-0,block-0173,eal,dispatch-direct-or-tunnel,plain,plain,True,2,0,initial,ready,ready,True,1535,0.000173,2.4885432360001687
block-0173.eal.session-1,block-0173,eal,dispatch-direct-or-tunnel,plain,plain,True,2,1,recipients,ready,ready,True,1557,0.0001818,2.2378484480000225
block-0173.eal.session-2,block-0173,eal,dispatch-direct-or-tunnel,plain,plain,True,2,2,recipients,not_ready,not_ready,True,1610,0.00018440000000000004,1.8588176680000288
block-0173.eal.session-3,block-0173,eal,dispatch-direct-or-tunnel,plain,plain,True,2,3,recipients,not_ready,not_ready,True,1612,0.0001852,1.850235585000064
block-0173.eal.session-4,block-0173,eal,dispatch-direct-or-tunnel,plain,plain,True,2,4,recipients,ready,ready,True,1672,0.00019150000000000002,1.8507975930001521
block-0173.eal.session-5,block-0173,eal,dispatch-direct-or-tunnel,plain,plain,True,2,5,recipients,ready,ready,True,1657,0.0001855,1.8123103880002418
block-0173.eal.session-6,block-0173,eal,dispatch-direct-or-tunnel,plain,plain,True,2,6,recipients,undetermined,undetermined,True,1828,0.00021520000000000003,2.1015019100000245
block-0173.eal.session-7,block-0173,eal,dispatch-direct-or-tunnel,plain,plain,True,2,7,recipients,undetermined,undetermined,True,1830,0.000216,2.259054474000095
block-0173.eal.session-8,block-0173,eal,dispatch-direct-or-tunnel,plain,plain,True,2,8,recipients,ready,ready,True,1986,0.00022530000000000003,2.3081759550000243
block-0173.eal.session-9,block-0173,eal,dispatch-direct-or-tunnel,plain,plain,True,2,9,recipients,ready,ready,True,2001,0.00023130000000000004,2.1556872290002502
block-0173.eal.session-10,block-0173,eal,dispatch-direct-or-tunnel,plain,plain,True,2,10,recipients,undetermined,undetermined,True,1984,0.00022239999999999998,2.624404143999982
block-0173.ordinary.session-0,block-0173,ordinary,dispatch-direct-or-tunnel,plain,plain,True,2,0,initial,ready,undetermined,False,2094,0.0002442,1.6108409650000794
block-0173.ordinary.session-1,block-0173,ordinary,dispatch-direct-or-tunnel,plain,plain,True,2,1,recipients,ready,undetermined,False,2311,0.0002656,1.465768781999941
block-0173.ordinary.session-2,block-0173,ordinary,dispatch-direct-or-tunnel,plain,plain,True,2,2,recipients,not_ready,undetermined,False,2366,0.0002702,1.3612513789998957
block-0173.ordinary.session-3,block-0173,ordinary,dispatch-direct-or-tunnel,plain,plain,True,2,3,recipients,not_ready,undetermined,False,2360,0.00026960000000000005,1.956349874999887
block-0173.ordinary.session-4,block-0173,ordinary,dispatch-direct-or-tunnel,plain,plain,True,2,4,recipients,ready,undetermined,False,2405,0.00026930000000000004,1.477926502000173
block-0173.ordinary.session-5,block-0173,ordinary,dispatch-direct-or-tunnel,plain,plain,True,2,5,recipients,ready,undetermined,False,2390,0.0002729,1.933023931000207
block-0173.ordinary.session-6,block-0173,ordinary,dispatch-direct-or-tunnel,plain,plain,True,2,6,recipients,undetermined,undetermined,True,2539,0.0002854,1.6120322369997666
block-0173.ordinary.session-7,block-0173,ordinary,dispatch-direct-or-tunnel,plain,plain,True,2,7,recipients,undetermined,undetermined,True,2518,0.0002818,1.722056751999844
block-0173.ordinary.session-8,block-0173,ordinary,dispatch-direct-or-tunnel,plain,plain,True,2,8,recipients,ready,undetermined,False,2695,0.0003007,1.4652647190000607
block-0173.ordinary.session-9,block-0173,ordinary,dispatch-direct-or-tunnel,plain,plain,True,2,9,recipients,ready,undetermined,False,2703,0.0003015,1.477272553000148
block-0173.ordinary.session-10,block-0173,ordinary,dispatch-direct-or-tunnel,plain,plain,True,2,10,recipients,undetermined,undetermined,True,2716,0.0003064000000000001,2.034554592999939
block-0174.eal.session-0,block-0174,eal,migration-multiple-version-bindings,plain,reasoning,False,3,0,initial,ready,ready,True,1556,0.00018050000000000002,2.258529601999726
block-0174.eal.session-1,block-0174,eal,migration-multiple-version-bindings,plain,reasoning,False,3,1,recipients,ready,ready,True,906,0.00022765,4.151391257000341
block-0174.eal.session-2,block-0174,eal,migration-multiple-version-bindings,plain,reasoning,False,3,2,recipients,undetermined,undetermined,True,780,0.00017620000000000003,3.740824642000007
block-0174.eal.session-3,block-0174,eal,migration-multiple-version-bindings,plain,reasoning,False,3,3,recipients,undetermined,undetermined,True,712,0.000149,2.781156323000232
block-0174.eal.session-4,block-0174,eal,migration-multiple-version-bindings,plain,reasoning,False,3,4,recipients,not_ready,not_ready,True,933,0.00023810000000000001,6.1669632409998485
block-0174.eal.session-5,block-0174,eal,migration-multiple-version-bindings,plain,reasoning,False,3,5,recipients,not_ready,not_ready,True,829,0.00019650000000000003,3.65683118700008
block-0174.eal.session-6,block-0174,eal,migration-multiple-version-bindings,plain,reasoning,False,3,6,recipients,ready,ready,True,696,0.00014365,3.057818046000193
block-0174.eal.session-7,block-0174,eal,migration-multiple-version-bindings,plain,reasoning,False,3,7,recipients,ready,ready,True,737,0.00016005000000000001,3.4210865309996734
block-0174.eal.session-8,block-0174,eal,migration-multiple-version-bindings,plain,reasoning,False,3,8,recipients,undetermined,undetermined,True,716,0.00015060000000000003,2.7658809909999036
block-0174.eal.session-9,block-0174,eal,migration-multiple-version-bindings,plain,reasoning,False,3,9,recipients,undetermined,undetermined,True,852,0.00020500000000000002,4.669865224000205
block-0174.eal.session-10,block-0174,eal,migration-multiple-version-bindings,plain,reasoning,False,3,10,recipients,not_ready,not_ready,True,877,0.0002157,4.1653902860002745
block-0174.ordinary.session-0,block-0174,ordinary,migration-multiple-version-bindings,plain,reasoning,False,3,0,initial,ready,ready,True,1899,0.00021690000000000001,1.5328404209999462
block-0174.ordinary.session-1,block-0174,ordinary,migration-multiple-version-bindings,plain,reasoning,False,3,1,recipients,ready,ready,True,1016,0.00018380000000000002,3.367998261000139
block-0174.ordinary.session-2,block-0174,ordinary,migration-multiple-version-bindings,plain,reasoning,False,3,2,recipients,undetermined,ready,False,1036,0.00016380000000000002,2.4717871929997273
block-0174.ordinary.session-3,block-0174,ordinary,migration-multiple-version-bindings,plain,reasoning,False,3,3,recipients,undetermined,ready,False,997,0.00014820000000000002,2.199032349999925
block-0174.ordinary.session-4,block-0174,ordinary,migration-multiple-version-bindings,plain,reasoning,False,3,4,recipients,not_ready,ready,False,1004,0.00014994999999999999,2.131877884000005
block-0174.ordinary.session-5,block-0174,ordinary,migration-multiple-version-bindings,plain,reasoning,False,3,5,recipients,not_ready,ready,False,980,0.00013510000000000003,2.002643242999966
block-0174.ordinary.session-6,block-0174,ordinary,migration-multiple-version-bindings,plain,reasoning,False,3,6,recipients,ready,ready,True,973,0.00013895,1.9182591050002884
block-0174.ordinary.session-7,block-0174,ordinary,migration-multiple-version-bindings,plain,reasoning,False,3,7,recipients,ready,ready,True,1080,0.00017615,2.9632219730001452
block-0174.ordinary.session-8,block-0174,ordinary,migration-multiple-version-bindings,plain,reasoning,False,3,8,recipients,undetermined,ready,False,1027,0.00015215,2.257533792000231
block-0174.ordinary.session-9,block-0174,ordinary,migration-multiple-version-bindings,plain,reasoning,False,3,9,recipients,undetermined,undetermined,True,1449,0.00032655,4.712709696999809
block-0174.ordinary.session-10,block-0174,ordinary,migration-multiple-version-bindings,plain,reasoning,False,3,10,recipients,not_ready,undetermined,False,1035,0.0001697,2.638183002000005
block-0175.ordinary.session-0,block-0175,ordinary,database-alternative-read-routes,plain,plain,False,2,0,initial,ready,undetermined,False,2143,0.0002545,1.6432539080001334
block-0175.ordinary.session-1,block-0175,ordinary,database-alternative-read-routes,plain,plain,False,2,1,recipients,ready,undetermined,False,904,0.00013330000000000001,1.1044790179998927
block-0175.ordinary.session-2,block-0175,ordinary,database-alternative-read-routes,plain,plain,False,2,2,recipients,ready,undetermined,False,937,0.0001402,0.9974672850003117
block-0175.ordinary.session-3,block-0175,ordinary,database-alternative-read-routes,plain,plain,False,2,3,recipients,ready,undetermined,False,1009,0.00016480000000000002,1.2865719150004225
block-0175.ordinary.session-4,block-0175,ordinary,database-alternative-read-routes,plain,plain,False,2,4,recipients,not_ready,undetermined,False,1029,0.0001542,1.0700802209998983
block-0175.ordinary.session-5,block-0175,ordinary,database-alternative-read-routes,plain,plain,False,2,5,recipients,not_ready,undetermined,False,981,0.0001482,1.2189215670000522
block-0175.ordinary.session-6,block-0175,ordinary,database-alternative-read-routes,plain,plain,False,2,6,recipients,undetermined,undetermined,True,963,0.0001428,3.3281266819999473
block-0175.ordinary.session-7,block-0175,ordinary,database-alternative-read-routes,plain,plain,False,2,7,recipients,undetermined,undetermined,True,938,0.0001364,1.2298052380001536
block-0175.ordinary.session-8,block-0175,ordinary,database-alternative-read-routes,plain,plain,False,2,8,recipients,ready,undetermined,False,922,0.0001345,1.5091482790003283
block-0175.ordinary.session-9,block-0175,ordinary,database-alternative-read-routes,plain,plain,False,2,9,recipients,ready,undetermined,False,930,0.000138,1.3260098340001605
block-0175.ordinary.session-10,block-0175,ordinary,database-alternative-read-routes,plain,plain,False,2,10,recipients,undetermined,undetermined,True,943,0.0001405,1.2423873580000873
block-0175.eal.session-0,block-0175,eal,database-alternative-read-routes,plain,plain,False,2,0,initial,ready,ready,True,1552,0.0001759,1.6415105559999574
block-0175.eal.session-1,block-0175,eal,database-alternative-read-routes,plain,plain,False,2,1,recipients,ready,ready,True,452,6.95e-05,1.2832827140000518
block-0175.eal.session-2,block-0175,eal,database-alternative-read-routes,plain,plain,False,2,2,recipients,ready,ready,True,446,6.709999999999999e-05,1.1538416029998189
block-0175.eal.session-3,block-0175,eal,database-alternative-read-routes,plain,plain,False,2,3,recipients,ready,ready,True,452,6.95e-05,1.5411429519999729
block-0175.eal.session-4,block-0175,eal,database-alternative-read-routes,plain,plain,False,2,4,recipients,not_ready,not_ready,True,470,7.64e-05,1.4258248430001004
block-0175.eal.session-5,block-0175,eal,database-alternative-read-routes,plain,plain,False,2,5,recipients,not_ready,not_ready,True,502,8.92e-05,1.4411185779999869
block-0175.eal.session-6,block-0175,eal,database-alternative-read-routes,plain,plain,False,2,6,recipients,undetermined,undetermined,True,461,7.22e-05,1.4626640329997826
block-0175.eal.session-7,block-0175,eal,database-alternative-read-routes,plain,plain,False,2,7,recipients,undetermined,undetermined,True,461,7.22e-05,1.408440681999764
block-0175.eal.session-8,block-0175,eal,database-alternative-read-routes,plain,plain,False,2,8,recipients,ready,ready,True,445,6.670000000000001e-05,1.4667767290002303
block-0175.eal.session-9,block-0175,eal,database-alternative-read-routes,plain,plain,False,2,9,recipients,ready,ready,True,440,6.47e-05,1.2398147179997068
block-0175.eal.session-10,block-0175,eal,database-alternative-read-routes,plain,plain,False,2,10,recipients,undetermined,undetermined,True,458,7.1e-05,1.521676958000171
block-0176.ordinary.session-0,block-0176,ordinary,release-three-obligations,plain,plain,True,3,0,initial,ready,ready,True,1702,0.0001876,1.798506742000427
block-0176.ordinary.session-1,block-0176,ordinary,release-three-obligations,plain,plain,True,3,1,recipients,ready,ready,True,1817,0.000203,1.6194465339999624
block-0176.ordinary.session-2,block-0176,ordinary,release-three-obligations,plain,plain,True,3,2,recipients,not_ready,ready,False,1968,0.0002361,1.898274472999674
block-0176.ordinary.session-3,block-0176,ordinary,release-three-obligations,plain,plain,True,3,3,recipients,not_ready,not_ready,True,2065,0.0002389,1.8617685220001476
block-0176.ordinary.session-4,block-0176,ordinary,release-three-obligations,plain,plain,True,3,4,recipients,undetermined,not_ready,False,2084,0.00024080000000000003,1.7615057749999323
block-0176.ordinary.session-5,block-0176,ordinary,release-three-obligations,plain,plain,True,3,5,recipients,undetermined,not_ready,False,2080,0.00023920000000000004,1.8799838930003716
block-0176.ordinary.session-6,block-0176,ordinary,release-three-obligations,plain,plain,True,3,6,recipients,ready,not_ready,False,2125,0.00023920000000000001,1.588003888000003
block-0176.ordinary.session-7,block-0176,ordinary,release-three-obligations,plain,plain,True,3,7,recipients,ready,not_ready,False,2110,0.00024220000000000003,1.6500355880002644
block-0176.ordinary.session-8,block-0176,ordinary,release-three-obligations,plain,plain,True,3,8,recipients,undetermined,not_ready,False,2152,0.0002497,1.4051366419998885
block-0176.ordinary.session-9,block-0176,ordinary,release-three-obligations,plain,plain,True,3,9,recipients,undetermined,not_ready,False,2178,0.0002535,1.4864556760003325
block-0176.ordinary.session-10,block-0176,ordinary,release-three-obligations,plain,plain,True,3,10,recipients,not_ready,not_ready,True,755,0.00010609999999999999,1.3057624660000329
block-0176.eal.session-0,block-0176,eal,release-three-obligations,plain,plain,True,3,0,initial,ready,ready,True,1364,0.0001562,2.016237332000401
block-0176.eal.session-1,block-0176,eal,release-three-obligations,plain,plain,True,3,1,recipients,ready,ready,True,1362,0.0001554,1.6501398260002134
block-0176.eal.session-2,block-0176,eal,release-three-obligations,plain,plain,True,3,2,recipients,not_ready,not_ready,True,1439,0.00016610000000000003,1.9136467740004264
block-0176.eal.session-3,block-0176,eal,release-three-obligations,plain,plain,True,3,3,recipients,not_ready,not_ready,True,1466,0.00017690000000000002,1.9279109929998413
block-0176.eal.session-4,block-0176,eal,release-three-obligations,plain,plain,True,3,4,recipients,undetermined,undetermined,True,1533,0.000183,1.8262987149996661
block-0176.eal.session-5,block-0176,eal,release-three-obligations,plain,plain,True,3,5,recipients,undetermined,not_ready,False,1515,0.00017580000000000002,1.8025914640002156
block-0176.eal.session-6,block-0176,eal,release-three-obligations,plain,plain,True,3,6,recipients,ready,ready,True,1572,0.00018,2.21626723899999
block-0176.eal.session-7,block-0176,eal,release-three-obligations,plain,plain,True,3,7,recipients,ready,ready,True,1574,0.00018080000000000003,1.6573975630003588
block-0176.eal.session-8,block-0176,eal,release-three-obligations,plain,plain,True,3,8,recipients,undetermined,undetermined,True,1577,0.0001799,1.9525864739998724
block-0176.eal.session-9,block-0176,eal,release-three-obligations,plain,plain,True,3,9,recipients,undetermined,undetermined,True,1598,0.00018830000000000002,2.3710991830002968
block-0176.eal.session-10,block-0176,eal,release-three-obligations,plain,plain,True,3,10,recipients,not_ready,not_ready,True,1785,0.00020490000000000002,2.2586920950002423
block-0177.ordinary.session-0,block-0177,ordinary,dispatch-direct-or-tunnel,reasoning,plain,True,2,0,initial,ready,ready,True,2507,0.00023559999999999998,3.079396545000236
block-0177.ordinary.session-1,block-0177,ordinary,dispatch-direct-or-tunnel,reasoning,plain,True,2,1,recipients,ready,ready,True,830,0.00010580000000000001,0.9846589220001079
block-0177.ordinary.session-2,block-0177,ordinary,dispatch-direct-or-tunnel,reasoning,plain,True,2,2,recipients,not_ready,ready,False,814,0.0001075,1.0396650220000083
block-0177.ordinary.session-3,block-0177,ordinary,dispatch-direct-or-tunnel,reasoning,plain,True,2,3,recipients,not_ready,ready,False,846,0.000117,1.0574269369999456
block-0177.ordinary.session-4,block-0177,ordinary,dispatch-direct-or-tunnel,reasoning,plain,True,2,4,recipients,ready,ready,True,2420,0.00027110000000000003,1.990352986000289
block-0177.ordinary.session-5,block-0177,ordinary,dispatch-direct-or-tunnel,reasoning,plain,True,2,5,recipients,ready,ready,True,2381,0.0002687,1.937058210000032
block-0177.ordinary.session-6,block-0177,ordinary,dispatch-direct-or-tunnel,reasoning,plain,True,2,6,recipients,undetermined,ready,False,2523,0.0002856,1.407563269000093
block-0177.ordinary.session-7,block-0177,ordinary,dispatch-direct-or-tunnel,reasoning,plain,True,2,7,recipients,undetermined,ready,False,2538,0.0002862,1.791250645999753
block-0177.ordinary.session-8,block-0177,ordinary,dispatch-direct-or-tunnel,reasoning,plain,True,2,8,recipients,ready,ready,True,2713,0.0003031,2.2173089579996486
block-0177.ordinary.session-9,block-0177,ordinary,dispatch-direct-or-tunnel,reasoning,plain,True,2,9,recipients,ready,not_ready,False,2716,0.00030550000000000005,4.863308309000331
block-0177.ordinary.session-10,block-0177,ordinary,dispatch-direct-or-tunnel,reasoning,plain,True,2,10,recipients,undetermined,not_ready,False,2722,0.0003034,1.88752950900016
block-0177.eal.session-0,block-0177,eal,dispatch-direct-or-tunnel,reasoning,plain,True,2,0,initial,ready,ready,True,913,0.00019965,4.088129922000007
block-0177.eal.session-1,block-0177,eal,dispatch-direct-or-tunnel,reasoning,plain,True,2,1,recipients,ready,ready,True,1559,0.00018260000000000002,2.3653828179999437
block-0177.eal.session-2,block-0177,eal,dispatch-direct-or-tunnel,reasoning,plain,True,2,2,recipients,not_ready,not_ready,True,1625,0.00019040000000000002,2.561295445000269
block-0177.eal.session-3,block-0177,eal,dispatch-direct-or-tunnel,reasoning,plain,True,2,3,recipients,not_ready,not_ready,True,1637,0.0001952,2.2825837919999685
block-0177.eal.session-4,block-0177,eal,dispatch-direct-or-tunnel,reasoning,plain,True,2,4,recipients,ready,ready,True,1682,0.0001955,2.081155426999885
block-0177.eal.session-5,block-0177,eal,dispatch-direct-or-tunnel,reasoning,plain,True,2,5,recipients,ready,ready,True,1691,0.00019910000000000001,1.806095558999914
block-0177.eal.session-6,block-0177,eal,dispatch-direct-or-tunnel,reasoning,plain,True,2,6,recipients,undetermined,undetermined,True,1837,0.0002188,2.501831115999721
block-0177.eal.session-7,block-0177,eal,dispatch-direct-or-tunnel,reasoning,plain,True,2,7,recipients,undetermined,undetermined,True,1806,0.00020640000000000003,1.8719530039998062
block-0177.eal.session-8,block-0177,eal,dispatch-direct-or-tunnel,reasoning,plain,True,2,8,recipients,ready,ready,True,1984,0.0002245,2.2674269119997916
block-0177.eal.session-9,block-0177,eal,dispatch-direct-or-tunnel,reasoning,plain,True,2,9,recipients,ready,not_ready,False,1988,0.00022610000000000002,1.7222682010001336
block-0177.eal.session-10,block-0177,eal,dispatch-direct-or-tunnel,reasoning,plain,True,2,10,recipients,undetermined,undetermined,True,2024,0.0002384,2.3046775610000623
block-0178.eal.session-0,block-0178,eal,migration-multiple-version-bindings,reasoning,reasoning,False,3,0,initial,ready,ready,True,887,0.00018225000000000004,3.2830975390002095
block-0178.eal.session-1,block-0178,eal,migration-multiple-version-bindings,reasoning,reasoning,False,3,1,recipients,ready,ready,True,864,0.00021085000000000003,3.6119620479998957
block-0178.eal.session-2,block-0178,eal,migration-multiple-version-bindings,reasoning,reasoning,False,3,2,recipients,undetermined,undetermined,True,827,0.00019500000000000002,4.297527963999983
block-0178.eal.session-3,block-0178,eal,migration-multiple-version-bindings,reasoning,reasoning,False,3,3,recipients,undetermined,undetermined,True,881,0.00021660000000000003,3.969550519999757
block-0178.eal.session-4,block-0178,eal,migration-multiple-version-bindings,reasoning,reasoning,False,3,4,recipients,not_ready,not_ready,True,782,0.0001777,4.084563619000164
block-0178.eal.session-5,block-0178,eal,migration-multiple-version-bindings,reasoning,reasoning,False,3,5,recipients,not_ready,not_ready,True,847,0.00020370000000000002,3.8329618839998147
block-0178.eal.session-6,block-0178,eal,migration-multiple-version-bindings,reasoning,reasoning,False,3,6,recipients,ready,ready,True,709,0.00014884999999999999,3.1277508379998835
block-0178.eal.session-7,block-0178,eal,migration-multiple-version-bindings,reasoning,reasoning,False,3,7,recipients,ready,ready,True,773,0.00017445,3.796919027000058
block-0178.eal.session-8,block-0178,eal,migration-multiple-version-bindings,reasoning,reasoning,False,3,8,recipients,undetermined,undetermined,True,656,0.00012660000000000001,2.729780719000246
block-0178.eal.session-9,block-0178,eal,migration-multiple-version-bindings,reasoning,reasoning,False,3,9,recipients,undetermined,undetermined,True,810,0.00018820000000000002,4.243865699000253
block-0178.eal.session-10,block-0178,eal,migration-multiple-version-bindings,reasoning,reasoning,False,3,10,recipients,not_ready,not_ready,True,841,0.00020130000000000001,4.303286593999928
block-0178.ordinary.session-0,block-0178,ordinary,migration-multiple-version-bindings,reasoning,reasoning,False,3,0,initial,ready,ready,True,2336,0.0002288,3.1559285250000357
block-0178.ordinary.session-1,block-0178,ordinary,migration-multiple-version-bindings,reasoning,reasoning,False,3,1,recipients,ready,ready,True,1026,0.00014895000000000002,2.513747740999861
block-0178.ordinary.session-2,block-0178,ordinary,migration-multiple-version-bindings,reasoning,reasoning,False,3,2,recipients,undetermined,ready,False,1027,0.00014655,2.3255364530000406
block-0178.ordinary.session-3,block-0178,ordinary,migration-multiple-version-bindings,reasoning,reasoning,False,3,3,recipients,undetermined,ready,False,997,0.00013385,1.9976527069998156
block-0178.ordinary.session-4,block-0178,ordinary,migration-multiple-version-bindings,reasoning,reasoning,False,3,4,recipients,not_ready,ready,False,968,0.00013205,2.128752414000246
block-0178.ordinary.session-5,block-0178,ordinary,migration-multiple-version-bindings,reasoning,reasoning,False,3,5,recipients,not_ready,ready,False,1102,0.00018425,3.087571291000131
block-0178.ordinary.session-6,block-0178,ordinary,migration-multiple-version-bindings,reasoning,reasoning,False,3,6,recipients,ready,ready,True,999,0.00014969999999999998,2.402886055000181
block-0178.ordinary.session-7,block-0178,ordinary,migration-multiple-version-bindings,reasoning,reasoning,False,3,7,recipients,ready,ready,True,1019,0.00015595,2.67304636200015
block-0178.ordinary.session-8,block-0178,ordinary,migration-multiple-version-bindings,reasoning,reasoning,False,3,8,recipients,undetermined,ready,False,960,0.0001383,2.190020012000332
block-0178.ordinary.session-9,block-0178,ordinary,migration-multiple-version-bindings,reasoning,reasoning,False,3,9,recipients,undetermined,ready,False,944,0.0001284,2.0709110699999655
block-0178.ordinary.session-10,block-0178,ordinary,migration-multiple-version-bindings,reasoning,reasoning,False,3,10,recipients,not_ready,ready,False,947,0.00012855,1.969300991000182
block-0179.eal.session-0,block-0179,eal,firmware-selective-applicability,plain,plain,False,2,0,initial,ready,ready,True,1521,0.0001671,1.7638284280001244
block-0179.eal.session-1,block-0179,eal,firmware-selective-applicability,plain,plain,False,2,1,recipients,ready,ready,True,439,5.9800000000000003e-05,1.0727352610001617
block-0179.eal.session-2,block-0179,eal,firmware-selective-applicability,plain,plain,False,2,2,recipients,undetermined,undetermined,True,454,6.49e-05,1.4806170090000705
block-0179.eal.session-3,block-0179,eal,firmware-selective-applicability,plain,plain,False,2,3,recipients,undetermined,undetermined,True,457,6.610000000000001e-05,1.327162075999695
block-0179.eal.session-4,block-0179,eal,firmware-selective-applicability,plain,plain,False,2,4,recipients,not_ready,not_ready,True,444,6.15e-05,1.3159872709998126
block-0179.eal.session-5,block-0179,eal,firmware-selective-applicability,plain,plain,False,2,5,recipients,not_ready,not_ready,True,439,5.95e-05,1.1155427769999733
block-0179.eal.session-6,block-0179,eal,firmware-selective-applicability,plain,plain,False,2,6,recipients,ready,ready,True,468,7.14e-05,1.495094443999733
block-0179.eal.session-7,block-0179,eal,firmware-selective-applicability,plain,plain,False,2,7,recipients,ready,ready,True,464,6.980000000000002e-05,1.2966059889999997
block-0179.eal.session-8,block-0179,eal,firmware-selective-applicability,plain,plain,False,2,8,recipients,undetermined,undetermined,True,479,7.49e-05,1.4132528860000093
block-0179.eal.session-9,block-0179,eal,firmware-selective-applicability,plain,plain,False,2,9,recipients,undetermined,undetermined,True,474,7.290000000000001e-05,1.6582475860000159
block-0179.eal.session-10,block-0179,eal,firmware-selective-applicability,plain,plain,False,2,10,recipients,ready,ready,True,482,7.7e-05,1.4616634670001076
block-0179.ordinary.session-0,block-0179,ordinary,firmware-selective-applicability,plain,plain,False,2,0,initial,ready,ready,True,1879,0.00021490000000000002,1.7936621510002624
block-0179.ordinary.session-1,block-0179,ordinary,firmware-selective-applicability,plain,plain,False,2,1,recipients,ready,ready,True,714,9.72e-05,1.0167381109999951
block-0179.ordinary.session-2,block-0179,ordinary,firmware-selective-applicability,plain,plain,False,2,2,recipients,undetermined,ready,False,736,0.0001036,1.1375543439999092
block-0179.ordinary.session-3,block-0179,ordinary,firmware-selective-applicability,plain,plain,False,2,3,recipients,undetermined,ready,False,738,0.0001002,1.0430814859996644
block-0179.ordinary.session-4,block-0179,ordinary,firmware-selective-applicability,plain,plain,False,2,4,recipients,not_ready,ready,False,739,0.00010420000000000001,1.095580283000345
block-0179.ordinary.session-5,block-0179,ordinary,firmware-selective-applicability,plain,plain,False,2,5,recipients,not_ready,ready,False,738,9.99e-05,0.9105430550002893
block-0179.ordinary.session-6,block-0179,ordinary,firmware-selective-applicability,plain,plain,False,2,6,recipients,ready,ready,True,729,0.0001005,0.8062557360003666
block-0179.ordinary.session-7,block-0179,ordinary,firmware-selective-applicability,plain,plain,False,2,7,recipients,ready,ready,True,742,0.0001042,0.8977951500000927
block-0179.ordinary.session-8,block-0179,ordinary,firmware-selective-applicability,plain,plain,False,2,8,recipients,undetermined,ready,False,757,0.0001078,1.2126064290000613
block-0179.ordinary.session-9,block-0179,ordinary,firmware-selective-applicability,plain,plain,False,2,9,recipients,undetermined,ready,False,755,0.0001049,0.8891521999998986
block-0179.ordinary.session-10,block-0179,ordinary,firmware-selective-applicability,plain,plain,False,2,10,recipients,ready,ready,True,760,0.0001096,1.0539853039999798
block-0180.eal.session-0,block-0180,eal,database-alternative-read-routes,reasoning,plain,True,1,0,initial,ready,ready,True,768,0.0001399,3.8124622010000166
block-0180.eal.session-1,block-0180,eal,database-alternative-read-routes,reasoning,plain,True,1,1,recipients,ready,ready,True,1562,0.00017989999999999998,2.3869803189995764
block-0180.eal.session-2,block-0180,eal,database-alternative-read-routes,reasoning,plain,True,1,2,recipients,ready,ready,True,1741,0.00019720000000000002,2.227542643000106
block-0180.eal.session-3,block-0180,eal,database-alternative-read-routes,reasoning,plain,True,1,3,recipients,ready,ready,True,1747,0.00019960000000000003,2.401542407999841
block-0180.eal.session-4,block-0180,eal,database-alternative-read-routes,reasoning,plain,True,1,4,recipients,not_ready,not_ready,True,1885,0.00021700000000000002,2.194090287000108
block-0180.eal.session-5,block-0180,eal,database-alternative-read-routes,reasoning,plain,True,1,5,recipients,not_ready,not_ready,True,1864,0.00020860000000000003,2.097659620000286
block-0180.eal.session-6,block-0180,eal,database-alternative-read-routes,reasoning,plain,True,1,6,recipients,undetermined,undetermined,True,1750,0.0001996,2.259435551000024
block-0180.eal.session-7,block-0180,eal,database-alternative-read-routes,reasoning,plain,True,1,7,recipients,undetermined,undetermined,True,1749,0.0001992,1.6786636420001741
block-0180.eal.session-8,block-0180,eal,database-alternative-read-routes,reasoning,plain,True,1,8,recipients,ready,ready,True,1915,0.00021310000000000003,2.357338551000339
block-0180.eal.session-9,block-0180,eal,database-alternative-read-routes,reasoning,plain,True,1,9,recipients,ready,ready,True,1889,0.0002027,1.7815826860000925
block-0180.eal.session-10,block-0180,eal,database-alternative-read-routes,reasoning,plain,True,1,10,recipients,undetermined,ambiguous,,1938,0.0002202,1.803573009000047
block-0180.ordinary.session-0,block-0180,ordinary,database-alternative-read-routes,reasoning,plain,True,1,0,initial,ready,ready,True,2587,0.0002564,4.014182219999839
block-0180.ordinary.session-1,block-0180,ordinary,database-alternative-read-routes,reasoning,plain,True,1,1,recipients,ready,ready,True,946,0.00013030000000000002,0.96361429100034
block-0180.ordinary.session-2,block-0180,ordinary,database-alternative-read-routes,reasoning,plain,True,1,2,recipients,ready,ready,True,2580,0.00030120000000000006,2.036884380000174
block-0180.ordinary.session-3,block-0180,ordinary,database-alternative-read-routes,reasoning,plain,True,1,3,recipients,ready,not_ready,False,2562,0.00028560000000000006,3.015884629000084
block-0180.ordinary.session-4,block-0180,ordinary,database-alternative-read-routes,reasoning,plain,True,1,4,recipients,not_ready,not_ready,True,2597,0.00029,1.5680481120002696
block-0180.ordinary.session-5,block-0180,ordinary,database-alternative-read-routes,reasoning,plain,True,1,5,recipients,not_ready,not_ready,True,2598,0.0002886,1.7450554229999398
block-0180.ordinary.session-6,block-0180,ordinary,database-alternative-read-routes,reasoning,plain,True,1,6,recipients,undetermined,not_ready,False,2470,0.00027820000000000004,1.87397732799991
block-0180.ordinary.session-7,block-0180,ordinary,database-alternative-read-routes,reasoning,plain,True,1,7,recipients,undetermined,not_ready,False,2474,0.000275,1.5171531710002455
block-0180.ordinary.session-8,block-0180,ordinary,database-alternative-read-routes,reasoning,plain,True,1,8,recipients,ready,not_ready,False,2635,0.0002923,2.378391341999759
block-0180.ordinary.session-9,block-0180,ordinary,database-alternative-read-routes,reasoning,plain,True,1,9,recipients,ready,not_ready,False,2648,0.0002951,2.0970556550000765
block-0180.ordinary.session-10,block-0180,ordinary,database-alternative-read-routes,reasoning,plain,True,1,10,recipients,undetermined,not_ready,False,2679,0.0003042,1.8015304339996874
block-0181.ordinary.session-0,block-0181,ordinary,migration-cutover-obligations,reasoning,plain,False,2,0,initial,ready,undetermined,False,942,0.00015245000000000002,2.5869477520000146
block-0181.ordinary.session-1,block-0181,ordinary,migration-cutover-obligations,reasoning,plain,False,2,1,recipients,ready,undetermined,False,819,0.000114,0.9147978360001616
block-0181.ordinary.session-2,block-0181,ordinary,migration-cutover-obligations,reasoning,plain,False,2,2,recipients,not_ready,undetermined,False,740,0.00010220000000000002,1.0154733169997598
block-0181.ordinary.session-3,block-0181,ordinary,migration-cutover-obligations,reasoning,plain,False,2,3,recipients,not_ready,undetermined,False,726,0.0001005,0.9586196019999988
block-0181.ordinary.session-4,block-0181,ordinary,migration-cutover-obligations,reasoning,plain,False,2,4,recipients,undetermined,undetermined,True,728,0.0001016,1.26212653399989
block-0181.ordinary.session-5,block-0181,ordinary,migration-cutover-obligations,reasoning,plain,False,2,5,recipients,undetermined,undetermined,True,734,0.0001031,1.0210805289998461
block-0181.ordinary.session-6,block-0181,ordinary,migration-cutover-obligations,reasoning,plain,False,2,6,recipients,ready,undetermined,False,739,0.00010420000000000001,1.0130388130000938
block-0181.ordinary.session-7,block-0181,ordinary,migration-cutover-obligations,reasoning,plain,False,2,7,recipients,ready,undetermined,False,726,9.84e-05,0.8035924910000176
block-0181.ordinary.session-8,block-0181,ordinary,migration-cutover-obligations,reasoning,plain,False,2,8,recipients,not_ready,undetermined,False,744,0.00011009999999999999,1.1329181969999809
block-0181.ordinary.session-9,block-0181,ordinary,migration-cutover-obligations,reasoning,plain,False,2,9,recipients,not_ready,undetermined,False,763,0.0001072,1.0671027379999032
block-0181.ordinary.session-10,block-0181,ordinary,migration-cutover-obligations,reasoning,plain,False,2,10,recipients,ready,undetermined,False,750,0.00010740000000000001,1.0692573330002233
block-0181.eal.session-0,block-0181,eal,migration-cutover-obligations,reasoning,plain,False,2,0,initial,ready,ready,True,780,0.00014715,3.2935371499997927
block-0181.eal.session-1,block-0181,eal,migration-cutover-obligations,reasoning,plain,False,2,1,recipients,ready,ready,True,429,6.24e-05,1.294081494999773
block-0181.eal.session-2,block-0181,eal,migration-cutover-obligations,reasoning,plain,False,2,2,recipients,not_ready,not_ready,True,457,7.33e-05,1.556144828000015
block-0181.eal.session-3,block-0181,eal,migration-cutover-obligations,reasoning,plain,False,2,3,recipients,not_ready,not_ready,True,442,6.73e-05,1.2006178030001138
block-0181.eal.session-4,block-0181,eal,migration-cutover-obligations,reasoning,plain,False,2,4,recipients,undetermined,undetermined,True,445,6.790000000000001e-05,1.5950984890000655
block-0181.eal.session-5,block-0181,eal,migration-cutover-obligations,reasoning,plain,False,2,5,recipients,undetermined,undetermined,True,446,6.83e-05,1.5080365640001219
block-0181.eal.session-6,block-0181,eal,migration-cutover-obligations,reasoning,plain,False,2,6,recipients,ready,ready,True,420,5.88e-05,1.59351008800013
block-0181.eal.session-7,block-0181,eal,migration-cutover-obligations,reasoning,plain,False,2,7,recipients,ready,ready,True,454,7.240000000000001e-05,1.4223882979999871
block-0181.eal.session-8,block-0181,eal,migration-cutover-obligations,reasoning,plain,False,2,8,recipients,not_ready,not_ready,True,477,8.130000000000001e-05,1.672854918000212
block-0181.eal.session-9,block-0181,eal,migration-cutover-obligations,reasoning,plain,False,2,9,recipients,not_ready,not_ready,True,449,7.01e-05,1.3306866689999879
block-0181.eal.session-10,block-0181,eal,migration-cutover-obligations,reasoning,plain,False,2,10,recipients,ready,ready,True,427,6.16e-05,1.3378858229998514
block-0182.ordinary.session-0,block-0182,ordinary,firmware-selective-applicability,reasoning,reasoning,True,3,0,initial,ready,ready,True,2336,0.00024104999999999998,4.633883479999895
block-0182.ordinary.session-1,block-0182,ordinary,firmware-selective-applicability,reasoning,reasoning,True,3,1,recipients,ready,ready,True,1334,0.00022525000000000003,3.7054969700002403
block-0182.ordinary.session-2,block-0182,ordinary,firmware-selective-applicability,reasoning,reasoning,True,3,2,recipients,undetermined,ready,False,1019,0.00012865,2.179443060000267
block-0182.ordinary.session-3,block-0182,ordinary,firmware-selective-applicability,reasoning,reasoning,True,3,3,recipients,undetermined,undetermined,True,3392,0.00055635,9.346526763999918
block-0182.ordinary.session-4,block-0182,ordinary,firmware-selective-applicability,reasoning,reasoning,True,3,4,recipients,not_ready,undetermined,False,1318,0.0002101,3.5088328450001427
block-0182.ordinary.session-5,block-0182,ordinary,firmware-selective-applicability,reasoning,reasoning,True,3,5,recipients,not_ready,undetermined,False,1293,0.00019380000000000002,3.1586018550001427
block-0182.ordinary.session-6,block-0182,ordinary,firmware-selective-applicability,reasoning,reasoning,True,3,6,recipients,ready,undetermined,False,1221,0.00018005,3.2219960309998896
block-0182.ordinary.session-7,block-0182,ordinary,firmware-selective-applicability,reasoning,reasoning,True,3,7,recipients,ready,undetermined,False,1122,0.00013835,2.1835412230002476
block-0182.ordinary.session-8,block-0182,ordinary,firmware-selective-applicability,reasoning,reasoning,True,3,8,recipients,undetermined,undetermined,True,1082,0.0001549,2.849483318000239
block-0182.ordinary.session-9,block-0182,ordinary,firmware-selective-applicability,reasoning,reasoning,True,3,9,recipients,undetermined,undetermined,True,1249,0.0002182,3.5980559399999947
block-0182.ordinary.session-10,block-0182,ordinary,firmware-selective-applicability,reasoning,reasoning,True,3,10,recipients,ready,ready,True,3831,0.0005391,8.071534201999839
block-0182.eal.session-0,block-0182,eal,firmware-selective-applicability,reasoning,reasoning,True,3,0,initial,ready,ready,True,879,0.00017905000000000002,3.8238349350003773
block-0182.eal.session-1,block-0182,eal,firmware-selective-applicability,reasoning,reasoning,True,3,1,recipients,ready,ready,True,2384,0.00028825,5.100921291999839
block-0182.eal.session-2,block-0182,eal,firmware-selective-applicability,reasoning,reasoning,True,3,2,recipients,undetermined,undetermined,True,751,0.0001268,2.5313532790000863
block-0182.eal.session-3,block-0182,eal,firmware-selective-applicability,reasoning,reasoning,True,3,3,recipients,undetermined,undetermined,True,781,0.0001388,2.6728670659999807
block-0182.eal.session-4,block-0182,eal,firmware-selective-applicability,reasoning,reasoning,True,3,4,recipients,not_ready,not_ready,True,765,0.0001331,2.8358074780003335
block-0182.eal.session-5,block-0182,eal,firmware-selective-applicability,reasoning,reasoning,True,3,5,recipients,not_ready,not_ready,True,818,0.0001543,3.1086926640000456
block-0182.eal.session-6,block-0182,eal,firmware-selective-applicability,reasoning,reasoning,True,3,6,recipients,ready,ready,True,726,0.00011785,2.498210561000178
block-0182.eal.session-7,block-0182,eal,firmware-selective-applicability,reasoning,reasoning,True,3,7,recipients,ready,ready,True,887,0.00018225000000000004,3.5460841599997366
block-0182.eal.session-8,block-0182,eal,firmware-selective-applicability,reasoning,reasoning,True,3,8,recipients,undetermined,undetermined,True,1071,0.0002548,5.1054217459995925
block-0182.eal.session-9,block-0182,eal,firmware-selective-applicability,reasoning,reasoning,True,3,9,recipients,undetermined,undetermined,True,892,0.0001832,3.4478016510001908
block-0182.eal.session-10,block-0182,eal,firmware-selective-applicability,reasoning,reasoning,True,3,10,recipients,ready,ready,True,756,0.00012984999999999998,2.894353701
block-0183.eal.session-0,block-0183,eal,database-alternative-read-routes,reasoning,reasoning,False,2,0,initial,ready,ready,True,885,0.0001867,3.5983896280004046
block-0183.eal.session-1,block-0183,eal,database-alternative-read-routes,reasoning,reasoning,False,2,1,recipients,ready,ready,True,628,0.0001217,2.6038571330000195
block-0183.eal.session-2,block-0183,eal,database-alternative-read-routes,reasoning,reasoning,False,2,2,recipients,ready,ready,True,668,0.00013769999999999999,3.028842876999988
block-0183.eal.session-3,block-0183,eal,database-alternative-read-routes,reasoning,reasoning,False,2,3,recipients,ready,ready,True,603,0.0001117,2.2300938809999025
block-0183.eal.session-4,block-0183,eal,database-alternative-read-routes,reasoning,reasoning,False,2,4,recipients,not_ready,not_ready,True,686,0.00014455000000000002,3.0769719909999367
block-0183.eal.session-5,block-0183,eal,database-alternative-read-routes,reasoning,reasoning,False,2,5,recipients,not_ready,not_ready,True,716,0.00015655,3.127479968999978
block-0183.eal.session-6,block-0183,eal,database-alternative-read-routes,reasoning,reasoning,False,2,6,recipients,undetermined,undetermined,True,719,0.00015705000000000002,3.1619105740001032
block-0183.eal.session-7,block-0183,eal,database-alternative-read-routes,reasoning,reasoning,False,2,7,recipients,undetermined,undetermined,True,759,0.00017305,3.8430289069997343
block-0183.eal.session-8,block-0183,eal,database-alternative-read-routes,reasoning,reasoning,False,2,8,recipients,ready,ready,True,663,0.0001357,3.115254263999759
block-0183.eal.session-9,block-0183,eal,database-alternative-read-routes,reasoning,reasoning,False,2,9,recipients,ready,ready,True,618,0.0001177,2.9027365419997295
block-0183.eal.session-10,block-0183,eal,database-alternative-read-routes,reasoning,reasoning,False,2,10,recipients,undetermined,undetermined,True,765,0.00017545,3.5835437540004023
block-0183.ordinary.session-0,block-0183,ordinary,database-alternative-read-routes,reasoning,reasoning,False,2,0,initial,ready,ready,True,2632,0.00026250000000000004,3.608439571999952
block-0183.ordinary.session-1,block-0183,ordinary,database-alternative-read-routes,reasoning,reasoning,False,2,1,recipients,ready,ready,True,999,0.00013325,2.0078878089998398
block-0183.ordinary.session-2,block-0183,ordinary,database-alternative-read-routes,reasoning,reasoning,False,2,2,recipients,ready,ready,True,1089,0.00017519999999999998,2.635277463999955
block-0183.ordinary.session-3,block-0183,ordinary,database-alternative-read-routes,reasoning,reasoning,False,2,3,recipients,ready,ready,True,977,0.00013670000000000002,2.659680286999901
block-0183.ordinary.session-4,block-0183,ordinary,database-alternative-read-routes,reasoning,reasoning,False,2,4,recipients,not_ready,ready,False,913,0.00010865000000000001,1.744573546999618
block-0183.ordinary.session-5,block-0183,ordinary,database-alternative-read-routes,reasoning,reasoning,False,2,5,recipients,not_ready,ready,False,986,0.00014205,2.3007179779997387
block-0183.ordinary.session-6,block-0183,ordinary,database-alternative-read-routes,reasoning,reasoning,False,2,6,recipients,undetermined,ready,False,979,0.0001312,2.2237977959998716
block-0183.ordinary.session-7,block-0183,ordinary,database-alternative-read-routes,reasoning,reasoning,False,2,7,recipients,undetermined,ready,False,963,0.00012725,2.0602686520001043
block-0183.ordinary.session-8,block-0183,ordinary,database-alternative-read-routes,reasoning,reasoning,False,2,8,recipients,ready,ready,True,1053,0.00015625,2.484832717000245
block-0183.ordinary.session-9,block-0183,ordinary,database-alternative-read-routes,reasoning,reasoning,False,2,9,recipients,ready,ready,True,1005,0.00013075,2.668494548000126
block-0183.ordinary.session-10,block-0183,ordinary,database-alternative-read-routes,reasoning,reasoning,False,2,10,recipients,undetermined,ready,False,1022,0.00013825,2.171922085999995
block-0184.eal.session-0,block-0184,eal,dispatch-direct-or-tunnel,reasoning,plain,False,1,0,initial,ready,ready,True,791,0.00015085,3.251555864000238
block-0184.eal.session-1,block-0184,eal,dispatch-direct-or-tunnel,reasoning,plain,False,1,1,recipients,ready,ready,True,431,6.26e-05,1.3567222810002022
block-0184.eal.session-2,block-0184,eal,dispatch-direct-or-tunnel,reasoning,plain,False,1,2,recipients,not_ready,not_ready,True,447,6.87e-05,1.4267625640000006
block-0184.eal.session-3,block-0184,eal,dispatch-direct-or-tunnel,reasoning,plain,False,1,3,recipients,not_ready,not_ready,True,444,6.75e-05,1.4857135439997364
block-0184.eal.session-4,block-0184,eal,dispatch-direct-or-tunnel,reasoning,plain,False,1,4,recipients,ready,ready,True,425,6.02e-05,1.351884193999922
block-0184.eal.session-5,block-0184,eal,dispatch-direct-or-tunnel,reasoning,plain,False,1,5,recipients,ready,ready,True,428,6.14e-05,1.2698452260001432
block-0184.eal.session-6,block-0184,eal,dispatch-direct-or-tunnel,reasoning,plain,False,1,6,recipients,undetermined,undetermined,True,465,7.530000000000001e-05,1.3891181889998734
block-0184.eal.session-7,block-0184,eal,dispatch-direct-or-tunnel,reasoning,plain,False,1,7,recipients,undetermined,undetermined,True,456,7.170000000000001e-05,1.0998331230002805
block-0184.eal.session-8,block-0184,eal,dispatch-direct-or-tunnel,reasoning,plain,False,1,8,recipients,ready,ready,True,431,6.26e-05,1.5232120679997934
block-0184.eal.session-9,block-0184,eal,dispatch-direct-or-tunnel,reasoning,plain,False,1,9,recipients,ready,ready,True,427,6.1e-05,1.132500612000058
block-0184.eal.session-10,block-0184,eal,dispatch-direct-or-tunnel,reasoning,plain,False,1,10,recipients,undetermined,undetermined,True,450,6.929999999999999e-05,1.4701801199998954
block-0184.ordinary.session-0,block-0184,ordinary,dispatch-direct-or-tunnel,reasoning,plain,False,1,0,initial,ready,undetermined,False,999,0.00014515,2.442746282999906
block-0184.ordinary.session-1,block-0184,ordinary,dispatch-direct-or-tunnel,reasoning,plain,False,1,1,recipients,ready,undetermined,False,938,0.0001418,1.3040209920000052
block-0184.ordinary.session-2,block-0184,ordinary,dispatch-direct-or-tunnel,reasoning,plain,False,1,2,recipients,not_ready,undetermined,False,913,0.000127,1.3575587339996673
block-0184.ordinary.session-3,block-0184,ordinary,dispatch-direct-or-tunnel,reasoning,plain,False,1,3,recipients,not_ready,undetermined,False,850,0.0001168,0.8791066160001719
block-0184.ordinary.session-4,block-0184,ordinary,dispatch-direct-or-tunnel,reasoning,plain,False,1,4,recipients,ready,undetermined,False,838,0.00011590000000000001,1.197833897000237
block-0184.ordinary.session-5,block-0184,ordinary,dispatch-direct-or-tunnel,reasoning,plain,False,1,5,recipients,ready,undetermined,False,834,0.000114,0.79502673900015
block-0184.ordinary.session-6,block-0184,ordinary,dispatch-direct-or-tunnel,reasoning,plain,False,1,6,recipients,undetermined,undetermined,True,847,0.0001207,1.025129004000064
block-0184.ordinary.session-7,block-0184,ordinary,dispatch-direct-or-tunnel,reasoning,plain,False,1,7,recipients,undetermined,undetermined,True,877,0.0001273,1.0189669189999222
block-0184.ordinary.session-8,block-0184,ordinary,dispatch-direct-or-tunnel,reasoning,plain,False,1,8,recipients,ready,undetermined,False,899,0.0001325,1.3718738860002304
block-0184.ordinary.session-9,block-0184,ordinary,dispatch-direct-or-tunnel,reasoning,plain,False,1,9,recipients,ready,undetermined,False,876,0.00012030000000000001,0.9672737390001203
block-0184.ordinary.session-10,block-0184,ordinary,dispatch-direct-or-tunnel,reasoning,plain,False,1,10,recipients,undetermined,undetermined,True,873,0.000129,1.4124127079999198
block-0185.ordinary.session-0,block-0185,ordinary,release-three-obligations,reasoning,reasoning,False,0,0,initial,ready,ready,True,2082,0.00018565,2.852547166000022
block-0185.ordinary.session-1,block-0185,ordinary,release-three-obligations,reasoning,reasoning,False,0,1,recipients,ready,ready,True,844,0.00011780000000000002,2.051958610999918
block-0185.ordinary.session-2,block-0185,ordinary,release-three-obligations,reasoning,reasoning,False,0,2,recipients,not_ready,ready,False,923,0.0001438,2.2907741679996434
block-0185.ordinary.session-3,block-0185,ordinary,release-three-obligations,reasoning,reasoning,False,0,3,recipients,not_ready,ready,False,882,0.00012145000000000001,1.7643582600003356
block-0185.ordinary.session-4,block-0185,ordinary,release-three-obligations,reasoning,reasoning,False,0,4,recipients,undetermined,ready,False,908,0.0001329,2.4562440899999274
block-0185.ordinary.session-5,block-0185,ordinary,release-three-obligations,reasoning,reasoning,False,0,5,recipients,undetermined,undetermined,True,1267,0.00028455,5.347481937000339
block-0185.ordinary.session-6,block-0185,ordinary,release-three-obligations,reasoning,reasoning,False,0,6,recipients,ready,undetermined,False,958,0.0001543,2.4558912749998854
block-0185.ordinary.session-7,block-0185,ordinary,release-three-obligations,reasoning,reasoning,False,0,7,recipients,ready,undetermined,False,1160,0.00024595000000000004,3.592020735999995
block-0185.ordinary.session-8,block-0185,ordinary,release-three-obligations,reasoning,reasoning,False,0,8,recipients,undetermined,undetermined,True,955,0.00015975,2.2676274089999424
block-0185.ordinary.session-9,block-0185,ordinary,release-three-obligations,reasoning,reasoning,False,0,9,recipients,undetermined,undetermined,True,1013,0.00017665,2.92377644599992
block-0185.ordinary.session-10,block-0185,ordinary,release-three-obligations,reasoning,reasoning,False,0,10,recipients,not_ready,undetermined,False,1028,0.000183,3.0391816179999296
block-0185.eal.session-0,block-0185,eal,release-three-obligations,reasoning,reasoning,False,0,0,initial,ready,ready,True,701,0.0001236,2.554507367000042
block-0185.eal.session-1,block-0185,eal,release-three-obligations,reasoning,reasoning,False,0,1,recipients,ready,ready,True,634,0.00013460000000000002,3.070957288000045
block-0185.eal.session-2,block-0185,eal,release-three-obligations,reasoning,reasoning,False,0,2,recipients,not_ready,not_ready,True,598,0.00011985000000000001,2.4664745230002154
block-0185.eal.session-3,block-0185,eal,release-three-obligations,reasoning,reasoning,False,0,3,recipients,not_ready,not_ready,True,694,0.00015825000000000002,3.729678710999906
block-0185.eal.session-4,block-0185,eal,release-three-obligations,reasoning,reasoning,False,0,4,recipients,undetermined,undetermined,True,761,0.00018435000000000004,3.3496059950002746
block-0185.eal.session-5,block-0185,eal,release-three-obligations,reasoning,reasoning,False,0,5,recipients,undetermined,undetermined,True,605,0.00012195000000000002,2.9977010009997684
block-0185.eal.session-6,block-0185,eal,release-three-obligations,reasoning,reasoning,False,0,6,recipients,ready,ready,True,687,0.00015580000000000002,3.8052081089999774
block-0185.eal.session-7,block-0185,eal,release-three-obligations,reasoning,reasoning,False,0,7,recipients,ready,ready,True,578,0.0001122,2.6001842470000156
block-0185.eal.session-8,block-0185,eal,release-three-obligations,reasoning,reasoning,False,0,8,recipients,undetermined,undetermined,True,763,0.00018515,3.784661005000089
block-0185.eal.session-9,block-0185,eal,release-three-obligations,reasoning,reasoning,False,0,9,recipients,undetermined,undetermined,True,685,0.00015395000000000003,3.3112264750002396
block-0185.eal.session-10,block-0185,eal,release-three-obligations,reasoning,reasoning,False,0,10,recipients,not_ready,not_ready,True,937,0.00025545,5.20194744399987
block-0186.eal.session-0,block-0186,eal,migration-cutover-obligations,reasoning,plain,True,2,0,initial,ready,ready,True,780,0.00014715,3.1913690520000273
block-0186.eal.session-1,block-0186,eal,migration-cutover-obligations,reasoning,plain,True,2,1,recipients,ready,ready,True,1430,0.0001682,2.0446177359999638
block-0186.eal.session-2,block-0186,eal,migration-cutover-obligations,reasoning,plain,True,2,2,recipients,not_ready,not_ready,True,1520,0.0001829,2.51296130000037
block-0186.eal.session-3,block-0186,eal,migration-cutover-obligations,reasoning,plain,True,2,3,recipients,not_ready,not_ready,True,1492,0.0001717,1.964313642000434
block-0186.eal.session-4,block-0186,eal,migration-cutover-obligations,reasoning,plain,True,2,4,recipients,undetermined,undetermined,True,1368,0.0001623,2.0712959040001806
block-0186.eal.session-5,block-0186,eal,migration-cutover-obligations,reasoning,plain,True,2,5,recipients,undetermined,undetermined,True,1383,0.0001683,2.0882021200000054
block-0186.eal.session-6,block-0186,eal,migration-cutover-obligations,reasoning,plain,True,2,6,recipients,ready,ready,True,1555,0.0001786,3.0707554170003277
block-0186.eal.session-7,block-0186,eal,migration-cutover-obligations,reasoning,plain,True,2,7,recipients,ready,ready,True,1549,0.0001762,2.3554004490001716
block-0186.eal.session-8,block-0186,eal,migration-cutover-obligations,reasoning,plain,True,2,8,recipients,not_ready,not_ready,True,1642,0.000193,1.7925848190002398
block-0186.eal.session-9,block-0186,eal,migration-cutover-obligations,reasoning,plain,True,2,9,recipients,not_ready,not_ready,True,1660,0.00020020000000000001,2.2652951989998655
block-0186.eal.session-10,block-0186,eal,migration-cutover-obligations,reasoning,plain,True,2,10,recipients,ready,ready,True,456,6.51e-05,1.322974807999799
block-0186.ordinary.session-0,block-0186,ordinary,migration-cutover-obligations,reasoning,plain,True,2,0,initial,ready,ready,True,2233,0.00022960000000000002,3.324504483000055
block-0186.ordinary.session-1,block-0186,ordinary,migration-cutover-obligations,reasoning,plain,True,2,1,recipients,ready,ready,True,786,9.99e-05,1.1288450830002148
block-0186.ordinary.session-2,block-0186,ordinary,migration-cutover-obligations,reasoning,plain,True,2,2,recipients,not_ready,ready,False,2015,0.0002345,1.6167959769995832
block-0186.ordinary.session-3,block-0186,ordinary,migration-cutover-obligations,reasoning,plain,True,2,3,recipients,not_ready,ready,False,2071,0.00024010000000000004,1.4361432760001662
block-0186.ordinary.session-4,block-0186,ordinary,migration-cutover-obligations,reasoning,plain,True,2,4,recipients,undetermined,ready,False,1933,0.00022630000000000003,1.511147677000281
block-0186.ordinary.session-5,block-0186,ordinary,migration-cutover-obligations,reasoning,plain,True,2,5,recipients,undetermined,ready,False,1933,0.00022630000000000003,1.5918618050000077
block-0186.ordinary.session-6,block-0186,ordinary,migration-cutover-obligations,reasoning,plain,True,2,6,recipients,ready,ready,True,2134,0.0002464,1.6517071630000828
block-0186.ordinary.session-7,block-0186,ordinary,migration-cutover-obligations,reasoning,plain,True,2,7,recipients,ready,ready,True,2136,0.00024720000000000005,1.462615845000073
block-0186.ordinary.session-8,block-0186,ordinary,migration-cutover-obligations,reasoning,plain,True,2,8,recipients,not_ready,not_ready,True,2214,0.0002574,1.6239972489997854
block-0186.ordinary.session-9,block-0186,ordinary,migration-cutover-obligations,reasoning,plain,True,2,9,recipients,not_ready,not_ready,True,2212,0.00025180000000000005,1.8585630509996918
block-0186.ordinary.session-10,block-0186,ordinary,migration-cutover-obligations,reasoning,plain,True,2,10,recipients,ready,not_ready,False,2294,0.0002549,1.6115717970001242
block-0187.ordinary.session-0,block-0187,ordinary,release-three-obligations,plain,reasoning,False,0,0,initial,ready,ready,True,1748,0.00020600000000000002,1.8694041749999997
block-0187.ordinary.session-1,block-0187,ordinary,release-three-obligations,plain,reasoning,False,0,1,recipients,ready,ready,True,910,0.0001498,2.335886962999666
block-0187.ordinary.session-2,block-0187,ordinary,release-three-obligations,plain,reasoning,False,0,2,recipients,not_ready,ready,False,865,0.0001269,1.964348525999867
block-0187.ordinary.session-3,block-0187,ordinary,release-three-obligations,plain,reasoning,False,0,3,recipients,not_ready,ready,False,864,0.00012160000000000001,1.736677711000084
block-0187.ordinary.session-4,block-0187,ordinary,release-three-obligations,plain,reasoning,False,0,4,recipients,undetermined,undetermined,True,1603,0.00041755,7.755591955
block-0187.ordinary.session-5,block-0187,ordinary,release-three-obligations,plain,reasoning,False,0,5,recipients,undetermined,undetermined,True,1156,0.0002223,3.7505460569996103
block-0187.ordinary.session-6,block-0187,ordinary,release-three-obligations,plain,reasoning,False,0,6,recipients,ready,undetermined,False,1085,0.0001673,2.7060408919996917
block-0187.ordinary.session-7,block-0187,ordinary,release-three-obligations,plain,reasoning,False,0,7,recipients,ready,undetermined,False,1026,0.00017310000000000003,3.1272615590000896
block-0187.ordinary.session-8,block-0187,ordinary,release-three-obligations,plain,reasoning,False,0,8,recipients,undetermined,undetermined,True,1076,0.00017769999999999998,2.4998090930002945
block-0187.ordinary.session-9,block-0187,ordinary,release-three-obligations,plain,reasoning,False,0,9,recipients,undetermined,undetermined,True,965,0.00014905000000000002,2.403869416999896
block-0187.ordinary.session-10,block-0187,ordinary,release-three-obligations,plain,reasoning,False,0,10,recipients,not_ready,undetermined,False,1094,0.0001989,3.4124413730000924
block-0187.eal.session-0,block-0187,eal,release-three-obligations,plain,reasoning,False,0,0,initial,ready,ready,True,1358,0.0001538,1.7122157379999408
block-0187.eal.session-1,block-0187,eal,release-three-obligations,plain,reasoning,False,0,1,recipients,ready,ready,True,581,0.0001134,2.151473716000055
block-0187.eal.session-2,block-0187,eal,release-three-obligations,plain,reasoning,False,0,2,recipients,not_ready,not_ready,True,612,0.00012545,2.4991057769998406
block-0187.eal.session-3,block-0187,eal,release-three-obligations,plain,reasoning,False,0,3,recipients,not_ready,not_ready,True,579,0.00011225,2.6846844040001088
block-0187.eal.session-4,block-0187,eal,release-three-obligations,plain,reasoning,False,0,4,recipients,undetermined,undetermined,True,735,0.00017395000000000003,3.5223360229997525
block-0187.eal.session-5,block-0187,eal,release-three-obligations,plain,reasoning,False,0,5,recipients,undetermined,undetermined,True,588,0.00011515000000000001,2.549025939999865
block-0187.eal.session-6,block-0187,eal,release-three-obligations,plain,reasoning,False,0,6,recipients,ready,ready,True,628,0.0001322,3.2137466540002606
block-0187.eal.session-7,block-0187,eal,release-three-obligations,plain,reasoning,False,0,7,recipients,ready,ready,True,590,0.000117,2.6060925920000955
block-0187.eal.session-8,block-0187,eal,release-three-obligations,plain,reasoning,False,0,8,recipients,undetermined,undetermined,True,707,0.00016275,3.364946874999987
block-0187.eal.session-9,block-0187,eal,release-three-obligations,plain,reasoning,False,0,9,recipients,undetermined,undetermined,True,686,0.00015435,2.9514000789999955
block-0187.eal.session-10,block-0187,eal,release-three-obligations,plain,reasoning,False,0,10,recipients,not_ready,not_ready,True,1041,0.00029705000000000004,4.969652709000002
block-0188.ordinary.session-0,block-0188,ordinary,migration-multiple-version-bindings,reasoning,plain,False,0,0,initial,ready,ready,True,2316,0.00021905,3.1291362059996572
block-0188.ordinary.session-1,block-0188,ordinary,migration-multiple-version-bindings,reasoning,plain,False,0,1,recipients,ready,ready,True,799,0.0001081,0.823380072999953
block-0188.ordinary.session-2,block-0188,ordinary,migration-multiple-version-bindings,reasoning,plain,False,0,2,recipients,undetermined,ready,False,761,0.0001085,0.8297475330000452
block-0188.ordinary.session-3,block-0188,ordinary,migration-multiple-version-bindings,reasoning,plain,False,0,3,recipients,undetermined,ready,False,793,0.00011710000000000001,1.0660322699995959
block-0188.ordinary.session-4,block-0188,ordinary,migration-multiple-version-bindings,reasoning,plain,False,0,4,recipients,not_ready,ready,False,822,0.00012330000000000002,1.4908781129997806
block-0188.ordinary.session-5,block-0188,ordinary,migration-multiple-version-bindings,reasoning,plain,False,0,5,recipients,not_ready,ready,False,831,0.000123,1.1803771140002937
block-0188.ordinary.session-6,block-0188,ordinary,migration-multiple-version-bindings,reasoning,plain,False,0,6,recipients,ready,ready,True,809,0.0001142,1.2408256540002185
block-0188.ordinary.session-7,block-0188,ordinary,migration-multiple-version-bindings,reasoning,plain,False,0,7,recipients,ready,ready,True,785,0.000113,0.8665350860001126
block-0188.ordinary.session-8,block-0188,ordinary,migration-multiple-version-bindings,reasoning,plain,False,0,8,recipients,undetermined,ready,False,775,0.0001078,1.0957924600002116
block-0188.ordinary.session-9,block-0188,ordinary,migration-multiple-version-bindings,reasoning,plain,False,0,9,recipients,undetermined,ready,False,782,0.00011480000000000001,1.4193934439999794
block-0188.ordinary.session-10,block-0188,ordinary,migration-multiple-version-bindings,reasoning,plain,False,0,10,recipients,not_ready,ready,False,787,0.00011050000000000002,1.369795909000004
block-0188.eal.session-0,block-0188,eal,migration-multiple-version-bindings,reasoning,plain,False,0,0,initial,ready,ready,True,729,0.00011905000000000001,2.6875711460002094
block-0188.eal.session-1,block-0188,eal,migration-multiple-version-bindings,reasoning,plain,False,0,1,recipients,ready,ready,True,463,6.94e-05,1.3779969649999657
block-0188.eal.session-2,block-0188,eal,migration-multiple-version-bindings,reasoning,plain,False,0,2,recipients,undetermined,undetermined,True,512,8.810000000000001e-05,1.6846244820003449
block-0188.eal.session-3,block-0188,eal,migration-multiple-version-bindings,reasoning,plain,False,0,3,recipients,undetermined,undetermined,True,468,7.05e-05,1.082458711000072
block-0188.eal.session-4,block-0188,eal,migration-multiple-version-bindings,reasoning,plain,False,0,4,recipients,not_ready,not_ready,True,484,7.75e-05,1.3475643319998198
block-0188.eal.session-5,block-0188,eal,migration-multiple-version-bindings,reasoning,plain,False,0,5,recipients,not_ready,not_ready,True,493,8.11e-05,1.4706351479999284
block-0188.eal.session-6,block-0188,eal,migration-multiple-version-bindings,reasoning,plain,False,0,6,recipients,ready,ready,True,477,7.5e-05,1.2871540930000265
block-0188.eal.session-7,block-0188,eal,migration-multiple-version-bindings,reasoning,plain,False,0,7,recipients,ready,ready,True,458,6.740000000000001e-05,1.264162510999995
block-0188.eal.session-8,block-0188,eal,migration-multiple-version-bindings,reasoning,plain,False,0,8,recipients,undetermined,undetermined,True,486,7.770000000000002e-05,1.616711025999848
block-0188.eal.session-9,block-0188,eal,migration-multiple-version-bindings,reasoning,plain,False,0,9,recipients,undetermined,undetermined,True,464,6.890000000000001e-05,1.1539361059999464
block-0188.eal.session-10,block-0188,eal,migration-multiple-version-bindings,reasoning,plain,False,0,10,recipients,not_ready,not_ready,True,472,7.27e-05,1.4042981160000636
block-0189.eal.session-0,block-0189,eal,database-alternative-read-routes,plain,plain,True,3,0,initial,ready,ready,True,1567,0.00018189999999999998,2.2115709170002447
block-0189.eal.session-1,block-0189,eal,database-alternative-read-routes,plain,plain,True,3,1,recipients,ready,ready,True,1568,0.00018229999999999999,2.3530529509998814
block-0189.eal.session-2,block-0189,eal,database-alternative-read-routes,plain,plain,True,3,2,recipients,ready,ready,True,1731,0.00019319999999999998,2.137745906999953
block-0189.eal.session-3,block-0189,eal,database-alternative-read-routes,plain,plain,True,3,3,recipients,ready,ready,True,1760,0.00020480000000000004,1.6756969719999688
block-0189.eal.session-4,block-0189,eal,database-alternative-read-routes,plain,plain,True,3,4,recipients,not_ready,not_ready,True,1886,0.00021740000000000003,2.01223399599985
block-0189.eal.session-5,block-0189,eal,database-alternative-read-routes,plain,plain,True,3,5,recipients,not_ready,not_ready,True,1867,0.0002098,1.9741319419999854
block-0189.eal.session-6,block-0189,eal,database-alternative-read-routes,plain,plain,True,3,6,recipients,undetermined,undetermined,True,1788,0.00021480000000000002,2.022289591000117
block-0189.eal.session-7,block-0189,eal,database-alternative-read-routes,plain,plain,True,3,7,recipients,undetermined,undetermined,True,1745,0.00019759999999999998,2.231054536999636
block-0189.eal.session-8,block-0189,eal,database-alternative-read-routes,plain,plain,True,3,8,recipients,ready,ready,True,461,6.5e-05,1.3664898600000015
block-0189.eal.session-9,block-0189,eal,database-alternative-read-routes,plain,plain,True,3,9,recipients,ready,ready,True,1908,0.00021030000000000002,1.5882857139999942
block-0189.eal.session-10,block-0189,eal,database-alternative-read-routes,plain,plain,True,3,10,recipients,undetermined,undetermined,True,1954,0.00022660000000000003,1.9710931660001734
block-0189.ordinary.session-0,block-0189,ordinary,database-alternative-read-routes,plain,plain,True,3,0,initial,ready,ready,True,2131,0.00024970000000000005,1.926843141000063
block-0189.ordinary.session-1,block-0189,ordinary,database-alternative-read-routes,plain,plain,True,3,1,recipients,ready,ready,True,862,0.0001105,0.886376306999864
block-0189.ordinary.session-2,block-0189,ordinary,database-alternative-read-routes,plain,plain,True,3,2,recipients,ready,ambiguous,,2472,0.0002808,1.7687153130000297
block-0189.ordinary.session-3,block-0189,ordinary,database-alternative-read-routes,plain,plain,True,3,3,recipients,ready,ready,True,866,0.00011660000000000002,1.2461256930000673
block-0189.ordinary.session-4,block-0189,ordinary,database-alternative-read-routes,plain,plain,True,3,4,recipients,not_ready,ready,False,2613,0.0002886,1.2829004400000485
block-0189.ordinary.session-5,block-0189,ordinary,database-alternative-read-routes,plain,plain,True,3,5,recipients,not_ready,ready,False,2589,0.000291,1.6852934110002025
block-0189.ordinary.session-6,block-0189,ordinary,database-alternative-read-routes,plain,plain,True,3,6,recipients,undetermined,ready,False,2529,0.0002952,2.0142978140002015
block-0189.ordinary.session-7,block-0189,ordinary,database-alternative-read-routes,plain,plain,True,3,7,recipients,undetermined,ready,False,904,0.0001225,1.2916322890000629
block-0189.ordinary.session-8,block-0189,ordinary,database-alternative-read-routes,plain,plain,True,3,8,recipients,ready,ready,True,879,0.00012,1.051230614999895
block-0189.ordinary.session-9,block-0189,ordinary,database-alternative-read-routes,plain,plain,True,3,9,recipients,ready,ready,True,2705,0.00030470000000000003,1.9973802949998571
block-0189.ordinary.session-10,block-0189,ordinary,database-alternative-read-routes,plain,plain,True,3,10,recipients,undetermined,ready,False,2697,0.00030360000000000006,1.5847740310000518
block-0190.eal.session-0,block-0190,eal,firmware-selective-applicability,plain,reasoning,True,0,0,initial,ready,ready,True,1524,0.0001683,2.05750544600005
block-0190.eal.session-1,block-0190,eal,firmware-selective-applicability,plain,reasoning,True,0,1,recipients,ready,ready,True,852,0.00016825,3.7550018970000565
block-0190.eal.session-2,block-0190,eal,firmware-selective-applicability,plain,reasoning,True,0,2,recipients,undetermined,undetermined,True,858,0.00016960000000000003,3.998434578999877
block-0190.eal.session-3,block-0190,eal,firmware-selective-applicability,plain,reasoning,True,0,3,recipients,undetermined,ambiguous,,944,0.00020400000000000003,4.047313605999989
block-0190.eal.session-4,block-0190,eal,firmware-selective-applicability,plain,reasoning,True,0,4,recipients,not_ready,not_ready,True,814,0.0001527,2.876576894000209
block-0190.eal.session-5,block-0190,eal,firmware-selective-applicability,plain,reasoning,True,0,5,recipients,not_ready,not_ready,True,702,0.00010790000000000001,2.461356752000029
block-0190.eal.session-6,block-0190,eal,firmware-selective-applicability,plain,reasoning,True,0,6,recipients,ready,ready,True,733,0.00012065,2.9399915670001064
block-0190.eal.session-7,block-0190,eal,firmware-selective-applicability,plain,reasoning,True,0,7,recipients,ready,ready,True,837,0.00016225,2.895091791000141
block-0190.eal.session-8,block-0190,eal,firmware-selective-applicability,plain,reasoning,True,0,8,recipients,undetermined,undetermined,True,788,0.00014160000000000003,3.05456195700026
block-0190.eal.session-9,block-0190,eal,firmware-selective-applicability,plain,reasoning,True,0,9,recipients,undetermined,undetermined,True,1109,0.00027,4.39029596499995
block-0190.eal.session-10,block-0190,eal,firmware-selective-applicability,plain,reasoning,True,0,10,recipients,ready,ready,True,757,0.00013025,3.334941353999966
block-0190.ordinary.session-0,block-0190,ordinary,firmware-selective-applicability,plain,reasoning,True,0,0,initial,ready,ready,True,1875,0.0002133,1.343560740999692
block-0190.ordinary.session-1,block-0190,ordinary,firmware-selective-applicability,plain,reasoning,True,0,1,recipients,ready,ready,True,2523,0.00024935,3.6949311260000286
block-0190.ordinary.session-2,block-0190,ordinary,firmware-selective-applicability,plain,reasoning,True,0,2,recipients,undetermined,ready,False,1288,0.0002184,3.4220583009996517
block-0190.ordinary.session-3,block-0190,ordinary,firmware-selective-applicability,plain,reasoning,True,0,3,recipients,undetermined,ready,False,1042,0.00011965000000000001,2.0123564790001183
block-0190.ordinary.session-4,block-0190,ordinary,firmware-selective-applicability,plain,reasoning,True,0,4,recipients,not_ready,not_ready,True,3198,0.00047980000000000006,7.981482465999761
block-0190.ordinary.session-5,block-0190,ordinary,firmware-selective-applicability,plain,reasoning,True,0,5,recipients,not_ready,not_ready,True,1262,0.00019784999999999998,3.484073467000144
block-0190.ordinary.session-6,block-0190,ordinary,firmware-selective-applicability,plain,reasoning,True,0,6,recipients,ready,not_ready,False,1152,0.000171,3.0945588660001704
block-0190.ordinary.session-7,block-0190,ordinary,firmware-selective-applicability,plain,reasoning,True,0,7,recipients,ready,ready,True,3380,0.00043535000000000004,7.441583425999852
block-0190.ordinary.session-8,block-0190,ordinary,firmware-selective-applicability,plain,reasoning,True,0,8,recipients,undetermined,ready,False,1166,0.0001675,2.526161443000092
block-0190.ordinary.session-9,block-0190,ordinary,firmware-selective-applicability,plain,reasoning,True,0,9,recipients,undetermined,ready,False,1289,0.00021985000000000003,3.4400063260000024
block-0190.ordinary.session-10,block-0190,ordinary,firmware-selective-applicability,plain,reasoning,True,0,10,recipients,ready,ready,True,3896,0.00049825,6.600385883000399
block-0191.ordinary.session-0,block-0191,ordinary,migration-multiple-version-bindings,plain,reasoning,True,3,0,initial,ready,ready,True,1902,0.00021810000000000002,1.8623399050002263
block-0191.ordinary.session-1,block-0191,ordinary,migration-multiple-version-bindings,plain,reasoning,True,3,1,recipients,ready,ready,True,1080,0.00017055,2.7235095840001122
block-0191.ordinary.session-2,block-0191,ordinary,migration-multiple-version-bindings,plain,reasoning,True,3,2,recipients,undetermined,ready,False,981,0.00011275,1.8051881910000702
block-0191.ordinary.session-3,block-0191,ordinary,migration-multiple-version-bindings,plain,reasoning,True,3,3,recipients,undetermined,undetermined,True,1211,0.00021070000000000003,3.1314059960000122
block-0191.ordinary.session-4,block-0191,ordinary,migration-multiple-version-bindings,plain,reasoning,True,3,4,recipients,not_ready,undetermined,False,1065,0.00014285000000000003,2.387404476000029
block-0191.ordinary.session-5,block-0191,ordinary,migration-multiple-version-bindings,plain,reasoning,True,3,5,recipients,not_ready,not_ready,True,3363,0.00044779999999999993,6.633129150000059
block-0191.ordinary.session-6,block-0191,ordinary,migration-multiple-version-bindings,plain,reasoning,True,3,6,recipients,ready,not_ready,False,1183,0.0001666,2.534063966999838
block-0191.ordinary.session-7,block-0191,ordinary,migration-multiple-version-bindings,plain,reasoning,True,3,7,recipients,ready,not_ready,False,1202,0.00018470000000000002,2.753869868000038
block-0191.ordinary.session-8,block-0191,ordinary,migration-multiple-version-bindings,plain,reasoning,True,3,8,recipients,undetermined,not_ready,False,1144,0.00016010000000000002,2.897679546999825
block-0191.ordinary.session-9,block-0191,ordinary,migration-multiple-version-bindings,plain,reasoning,True,3,9,recipients,undetermined,undetermined,True,4107,0.000709,11.603971609999917
block-0191.ordinary.session-10,block-0191,ordinary,migration-multiple-version-bindings,plain,reasoning,True,3,10,recipients,not_ready,undetermined,False,1229,0.00016680000000000002,2.491472837999936
block-0191.eal.session-0,block-0191,eal,migration-multiple-version-bindings,plain,reasoning,True,3,0,initial,ready,ready,True,491,7.25e-05,1.2116179650001868
block-0191.eal.session-1,block-0191,eal,migration-multiple-version-bindings,plain,reasoning,True,3,1,recipients,ready,ready,True,997,0.00022625000000000002,4.432741290999729
block-0191.eal.session-2,block-0191,eal,migration-multiple-version-bindings,plain,reasoning,True,3,2,recipients,undetermined,undetermined,True,735,0.0001204,2.8030222250004044
block-0191.eal.session-3,block-0191,eal,migration-multiple-version-bindings,plain,reasoning,True,3,3,recipients,undetermined,undetermined,True,2379,0.0003531,7.030196581999917
block-0191.eal.session-4,block-0191,eal,migration-multiple-version-bindings,plain,reasoning,True,3,4,recipients,not_ready,not_ready,True,997,0.00022590000000000004,5.198823007000101
block-0191.eal.session-5,block-0191,eal,migration-multiple-version-bindings,plain,reasoning,True,3,5,recipients,not_ready,not_ready,True,827,0.00015790000000000004,3.3164903689998937
block-0191.eal.session-6,block-0191,eal,migration-multiple-version-bindings,plain,reasoning,True,3,6,recipients,ready,ready,True,822,0.00015625,3.4261250049999035
block-0191.eal.session-7,block-0191,eal,migration-multiple-version-bindings,plain,reasoning,True,3,7,recipients,ready,ready,True,2752,0.00036685000000000005,5.958952567000324
block-0191.eal.session-8,block-0191,eal,migration-multiple-version-bindings,plain,reasoning,True,3,8,recipients,undetermined,undetermined,True,769,0.000134,2.7730605800002195
block-0191.eal.session-9,block-0191,eal,migration-multiple-version-bindings,plain,reasoning,True,3,9,recipients,undetermined,undetermined,True,826,0.00015680000000000002,3.1629758159997436
block-0191.eal.session-10,block-0191,eal,migration-multiple-version-bindings,plain,reasoning,True,3,10,recipients,not_ready,not_ready,True,756,0.0001295,2.5425438910001503
